text,label
"wilde de jonge geleider van een beer , in weerwil van het verbod van de politie , te Utrecht zijne kunstverrigtingen doen vertoonen ; hij trotseerde alle vermaningen en bood zelfs feitelijken weerstand aan de politie . Vergezeld van eene massa straatjongens , bereikte hij een nachtkwartier in de Watersteeg ; een zich in dit logement reeds bevindende broeder van den begeleider snelde naar buiten , vatte den beer aan en bragt hem , niettegenstaande zich reeds voor den ingang",1
"Bjj zjjn optreden in ' GG werd liet Kabinet Heemskerk door do grooto massa der Anti - revolutionairen , met uitbundig vrengdehetoon begroet . Ons goede volk dacbt in ernst , dat het nu zijn Ministerie kreeg . Er is in den eenvoud der oprechtheid voor het optreden van Heemskerk ' s eerste",1
"leven te doen treden : de maatschappij behoeft zich slechts aan onze eischen te onderwerpen ! "" Om echter dergelijke taal te mogen voeren , is het als een eer . te vereischte te beschouwer - , dat men andere massa ' s achter zich hebbe , dan het hoopje van hoogstens 14 , 000 aanhangers . Intusschen arbeiden de sociaal - democraten yverig voort , o * a hunne rijen t ; verdubbelen , honderdvoudig te verdubbelen zoo mogelijk",0
"van een ongenooden bruinen gast dezen , in weerwil van het verbod van de politie , aldaar zijne kunstverrigtingen doen vertoonen ; de jengdige Zwitser trotseerde alle vermaningen en bood zelfs feitelijken weerstand aan de politie . Vergezeld van eene massa straatjongens , bereikte hij een nachtkwartier in de Watersteeg , een zich in dit logement reeds bevindende broeder van den begeleider snelde naar buiten , vatte den beer aan en bragt hem , niettegenstaande zich reeds voor den ingang",1
"moot het ministerie maar niet rek . nen , wan ; neer kot ernstig aan de organisatie van het openbaar | gezag begint . Maar tegenover deze drie fractiön , die ! hoogstens 200 leden tellen , staat een belangrijke massa i van conservatieven en liberalen , die door den nood der omstandigheden tot toenadering worden genoopt . De monarchie is onmogelijk geworden . Van het keizerrijk behoeft men niet te sprek « n ; uit de verwerping van do",0
"een bruinen Alpenbeer dezen , in weerwil van het verbod der politie , op de Utrecht8che kermis zijne kunstverrigtingen doen vertoonen . De jeugdige Zwitzer trotseerde alle vermaningen en bood zelfs feitelijken weerstand aan de politie . Vergezeld van eene massa straatjongens bereikte hij een nachtkwartier in de Watersteeg ; een zich in dit logement reeds bevindende broeder van den begeleider snelde naar buiten , vatte den beer aan , nam hem , niettegenstaande zich voor den ingang van het",1
", o . ' als een razende stortte de matroos zich tusschen de iv grooten getale toegestroomde Inlanders en Chineezen links en rechts slagen en stompen uitdeelende . Nu eens vluchtte alles verward dooreen . dan drong men weder in massa tegen den verwoeden varens ; gast in , maar deze bleef steeds meester van het terrein en liet het rijtuig niet vertrekken . Ten laatste naderden eenige stoutmoedige Chineezen , die den mau van achteren aanpakten en op den",1
"— Wanneer dit / / laten teekenen van onmondigen / / reeds hier op zoo groote schaal geschiedt , zegt een BerJ ' jnsch blad , wat moet men dan wel denken van de samenstelling der ultramontaansche zoogenaamde demonstraties in massa . Men wil Bismarck , wanneer hij van Kissiugen terugkomt , te Berlijn esn groot feest geven . Er is sprake van , dat de Keizer en de Kroonprins iv den herfst aan de nieuwe Bijkslanden een bezoek zr",0
", doch heeft men het digtbij gelegen woonhuis mogen behouden . — Niets was tegen brandschade verzekerd . . XJtreclit 25 Julij . Gisteren omstreeks ll 1 / , ure liep in den omtrek der Katharijne - barrière eene groote massa volks te zamen , om getuige te zijn van een gelukkig niet alledaagsch schouwspel : een gevecht tnsschen twee politie - agcnten . Wat de oorzaak was van hun twist , is niet bekend ; misschien wel dat de",1
", vóórdat zij tijd gehad hadden de planten te beschadigen . Stervende van honger , van alle kanten vervolgd , in verwarring gebracht , vermoeid , besloten de gevleugelde phalanxen om eensklaps , wat het ook kosten mocht , in massa neer te vallen . En vóór de zon was ondergegaan waren do akkers , de weiden , de heesters , de boomen geel geworden , verdwenen _g geheel en al onder het heirleger verslinders , dat zich overal aan",1
"Zwollerkerspel . Op den tweeden Paaschdag is die wei in een kermisterrein herschapen . Duizenden kinderen , gewawapend met blanke netjes , gevuld met gekleurde eijeren , sinaasappelen , noten enz . komen daar te zamen , om met de massa nieuwsgierigen eens lustig pret te maken . Alleraardigst is het , om te zien , hoe de kleinen op die uitgestrekte weide rondhuppelen , met sinaasappelen en noten spelen , hoe de jongens vooral zich oefenen in het eijeren",1
"Zwollerkerspel . Op den tweeden paaschdag is die wei in een feestterrein herschapen . Duizende kinderen , gewapend niet blanke netjes , gevuld met gekleurde eieren , sinaasappelen , noten enz . komen daar te zamen , om met de massa nieuwsgierigen eens lustig pret te maken . Aardig is het , te zien hoe die kleinen op de uitgestrekte weide rondhuppelen , met de medegebrachte voorwerpen spelen , hoe de jongens vooral zich oefenen in het eieren - tikken",1
"in een kermisterrein herschapen . Duizende kinderen van alle rangen en standen , gewapend met blanke netjes en gevuld met gekleurde eijeren , sina ' s appelen , noten , enz . komen daar te zamen , om met de massa nieuwsgierigen eens lustig pret te maken . Curieus is het , om te zien , hoe die kleinen , op die uitgestrekte weide rondhuppelen , met sina ' s appelen en noten spelen , hoe de jongenB vooral zich",1
"massa steeds dieper in armoede . Terwijl zij slechts weinigen in staat stelt paleizen te bouwen , grootsche parken aan te leggen , meer dan vorstelijke praal ten toon te spreiden , kostbare gastmalen te houden , brengt zij de massa steeds meer en meer er toe hare toevlucht te zoeken in de ellendigste vertrekken , in lompen gekleed rond te loopen en zich met een weinig aardappelen en wat zout tot voedsel te vergenoegen . Daarby is de arbeid",0
"gillt te krijgen . Men wil liever een oude beproefde constitutie mot vele ge breken er in behouden , dan eene uien we , onbeproefde aannemen , al is die nieuwe dan ook oogenschijnlijk beter dan de oude . De massa der bevolking wil do leiders , de doldriftlge volksmenners , die zich met den naam van vooruitgangs - mannen betitelen . niet volgen , maar slaat — uil vrees voor het nieuwe — dikwijls naar eene andere verkoelde rigting",0
". De intogt was inderdaad verrassend eu maakte een schitterend effeot . De booten weiden allen door beogealsch vnnr verlicht , terwi . il tal van vuurpijl » - . ! onophoudelijk door de lucht - / weefden . Ken massa menscheu was op de be o . In dp concertzaal is daarna nog een concert gehouden , dat met een vrij geanimeerd bal werd besloten .",1
"brand zijn aangaande het feit zelf niet te vermelden . Daarentegen wordt zeer ernstig geklaagd over de schandelijke houding der burgerij bij deze gelegenheid . Het gelukte der politie en der brandweer niet dan met de uiterste moeite de groote massa volk , die in de straat waar de brand woedde , en in de omliggende straten opeengehoopt stond , van daar te verwijderen . Op de slangen werd getrapt , die niet dan met de grootste krachtsinspanning werden gelegd",1
"vergund hadden zich daar in vci ' } ighcïd te fclellca . Hen gedeelte volks had do straat voor het telegraaf bureel bezet om te voorkomen , dat n - » ar Ziêrikzee om hulp geseind werd . Da grootste massa bleef op den veldwachbr wachten en deed hem door do spitsroeden loopen toen hij weer hr . itcu kv . ui . . . De geinccuie - icidwaehter geraakte onder den voet , docli werd niet mishandeld . Anders",1
"li - k van waar , zij bet ook met behulp van optische instrumenten , maar iets te zien was — telde men een of meer toeschouwers . Waar van den vlakken grond liet gezicht belfetnmerd werd . door de massa die men voor ' zich had , beklommen de schouwlustigen stoelen en tafels ; daarachter werden de stoelen op de tafels iczet , — het was dus waarlijk wel een pyramidaal xiioces , dat de Japanners hadden , en",1
"de maires aarzelde niet hun die te geven , zoodat de meerderheid , die in een helderziend oogenblik het keizerrijk krachtig had veroordeeld , zich zachtjes aan heeft overgeleverd aan de genade van dat keizerrijk . Inmiddels bewerkte men de massa door stelselmatig het land , dat naar een definitieven toestand hunkerde , in den onbepaalden voorloopigen toestand te laten . De stoutheid dezer partijgangers wast steeds . Le Prevost de Launay zinspeelde nog maar op den voorspoed onder de",0
"dat de 100 — 120 dames van alle standen die aanwezig waren , in lastige posities werden gebracht en ook de mannen naar meerdere ruimte verlangden . Toen eene stem daarop riep unaar de Tonhalle "" , besloot de groote massa naar dat veel ruimere lokaal te trekken en daar te wachten op de Commissie , die , met het oog op het gedrang , niet ongenegen was de vergadering daar te verplaatsen . De Tonhalle was echter dien avond",1
"nienaße ; * de Eur . < . zijn : hnks - v ën - regis ~ ver « "" spreid . ' Gisteren zijn • de heeren Alsjineten al heel erg beziggeweest ; - zij kwamen weder met gêheele massa * met ' hunne vaandels en voor - op öós af en waren meest in - het wit gekleed . maar kwamen van èeueVkoude ker » "" mis té huis : wij Waren > too J als altijd op",1
"snel van de plaats te verwijderen , door ruimte voor de slangen te diaken , de brandweer zou hebben geholpen . Verre van daar . Het gelukte der politie en der brandweer niet dan met de uiterste moeite de groote massa volk , die in de straat , waar de brand woedde , en in de omliggende straten opeengehoopt Stond , van daar te verwijderen . Met eigen oogen zag onze verslaggever , hoe op de slangen werd getrapt ,",1
"te zijn , ofschoon zij hem aanvankelijk vergund hadden zich daar in veiligheid te stellen Een gedeelte volks had de straat voor het telegraaf bureel bezet om te voorkomen , dat naar Zierikzee om hulp geseind werd . De grootste massa bleef op den veldwachter wachten en deed hem door de spitsroeden loopen , toen hij w eer buiten kwam . De gemeente - veldwachter geraakt * onder den voet , doeh werd niet mishandeld . Anders verging het den",1
"° et ten tweeden male in het water ; het dier spartelt weer « • oo iairg , dat het den wal bereikte . Nu werpt h | j ten derdenmale het beest te water . Er was reeds een massa "" handelaars op den Cingel blijven staan toezien , doch men fcon zoo zien , dat ieder verontwaardigd was ; een kreet * » n afkeuring klonk den man dan ook te gemoet . De hond bereikt weder den",1
"ooit , wetende dat de Eegeering den moed niet heeft tusschenbeide te komen . Voor den generalen raad stellen zij overal afzonderlijke candidaten , alsof Sedan reeds lang vergeten is ; mogelijk hebben zij hierin recht , althans bij de massa die meent haar patriotisch gevoel genoeg te hebben gelucht , als zij een verwensching uitspreekt tegen ces misérables Prussiens . De gewezen vice - Keizer Rouher stelt zich in Puy de Dome candidaat . Eenige dagen geleden kwam hij",0
"wat de meerderheid er mede beoogt ' , namelijk verzekerd te zijn dat zij herkozen zal worden . , De wijze wetgevers hebben echter over ' thoofd gezien , dat zij zoodoende niet alleen de republikeinen maar ook de groote massa der bevolking tegen zich in het harnas jagen en dat , krachtens de bepalingen van dit ontwerp , zelfs de legitimisten en Orleanisten geringen kans van slagen hebben , terwijl men aan do Bonapartisten het onberekenbare voordeel verschaft ,",0
"daarvan openbaar , waarin o . a . de medegedeelde woorden voorkomen . Dat alles wordt als een / / vliegend blaadje "" verspreid door het i gansche kiesdistrict , dat den hoer Simonis heeft afgevaardigd . De niet ontwikkelde massa wordt daardoor om den tuin geleid ; en om daarin des te beter te slagen , wordt het officieele zittingsverslag een / / weefsel van Pruisische leugens "" genoemd . De vraag is , zoo eindigt het blad ,",0
"die ' t niet waren , j voorts graven , lords , grandes , markiezen en hunne respek ' tieve dames , loretten : een mengelmoes van Christenen , j Joden , Turken en Heidenen , en tusschen hen een massa lieve dartele kinderen , spelend te midden van de kosmopolische menigte . Op dat groote gemaskerde bal zag men menschen uit alk werelddeelen en hoorde men alle talen . Xiet Wiesbaden , Wiesbabel moest die plaats heeten . 11",1
"een luchtstroom kou vindéa , die den ballon niet over zea zou sturen , maar te - Te * "" Be * f - * - MJ 3 I U Toon hij dicht bij Hilversum wilde dalen , schoot een massa boeren toe , die naar hunne stemming te oordcelen , niet zeer welwillend gezind waren , zoodat de ballon door het uitwerpen van billast weder tot stijgen werd gebracht oa een eind verder in een knollenlaudwerd neergelaten , waar",1
"was geworden . Bjven Hilversum beproefde Godard of hij duur huoger te steigen een luchtstroom kon vinden , die den ballon niet over zee zou sturen , maar tevergeefs . Toen bij dicht bij Hilversum wilde dalen , schoot een massa boeren toe , die , naar hunne stemming te oordeelec , met zeer welwillend gezind waren , zoodat de ballon weder tot steigen werd gebracht en een eind verder in een knollenlaud werd mêrgelaten , waar eenige landlieden de",1
"was voor 5 mitlioeu gulden te koop . De Heer Wallner woonde da opstijging van Godard , in den tuin van het Paleis voor Volksvlijt , bij en hij beklaagt zich niet ten onrechte over het woest gedrang van de massa die buiten het Paleis verzameld was . Dat da reputatie van de familie Botjes tot zelfs in Oostenrijks hoofdstad zou doordringen , liet zich kwalijk voorzien . Aan ' t verblijf vau den Heer Wallner in Nederland heelt zij",1
", b ' proeven in een anderen luchtstroom te komen , ' tgeen evenwel niet gelukte . Hij besloot daarom te dalen ; dit geschiedde bij Hilversum . • Tot op korten afstand boven den grond gedaald , schoot een massa boeren toe , die , naar hun . houding te oordeelen , niet zeer welwillend gezind waren ; door ballast . uit te werpen , deed Godard daarom plotseling den ballon weder rijzen , om iets verder te dalen",1
". Boven Hilversum beproefde Godard of hij , door hooger te stijgen , een luchtstroom kon vinden , die den ballon niet over zee zou sturen , maar tevergeefs . Toen hij dicht bij Hilversum wilde dalen , schoot een massa boeren toe , die , naar hunne stemming teoordeelen , niet zeer welwillend gezind waren , zoodat de ballon door het uitwerpen van ballast weder tot stijgen werd gebracht en een eind verder in een knollenland werd neergelaten ,",1
"ballon te doen rijzen , beproeven in een anderen luchtstroom te komen , hetgeen evenwel niet gelukte . Hij besloot daarom te dalen ; dit geschiedde bij Hilversum . Tot op korten afstand boven den grond gedaald , schoot een massa boeren toe , die , naar hunne houding te oordeelen , niet zeer welwillend gezind waren ; door ballast uit te werpen , deed de heer Godard daarom plotseling den ballon weder rijzen , om iets verder te dalen",1
"niet bon die te geven , zoodat dc meerderheid , die in een helderziend oogenblik het keizer - j rijk krachtig had veroordeeld , zich zachtjes aan heeft overgeleverd aan de genade van dat keizerrijk . Inmiddels bewerkte men de massa door stelselmatig het land , dat naar een definitieven toestand hunkerde , in den on bepaalden voorloopigen toestand te laten . De stoutheid dezer partijgangers wast steeds . Le Prevost de Launay zinspeelde nog maar op den voorspoed onder",0
"venter , trien ren groote menigte , jong eu oud , sio . id aan te gapen . Toen hij daarop lang / aam naar huis terugkeerde , « as hij verbaasd e zien dal hij gevolgd werd door een massa straatjongens , op wier gelaat groo ' e spanning of verwachting te / • zen na - . — Wel , jongens , — vroeg de lord eindelijk — wat rilt gij van me ! ' — Die ia",1
", was voor 5 milliorn gulden te koop . De heer Wallner woonde do opstijging van Godard in den tuin van het Paleis voor Volksvlijt , bij en hij beklaagt zich niet ten onregte over het woest gedrang van de massa die buiten het Paleis verzameld was . l ) at de reputatie van de familie Botjes tot zelfs in Oostenrijks hoofdstad zou doordringen , liet zich kwalijk voorzien . Aan het verblijf van den heer Wallner in Nederland heeft",1
"zijn , ofschoon zjj hem aanvankelyk vergund hadden zich daar in veiligheid te stellen . Een gedeelte volks had de straat voor het telegraaf bureel bezet om te voorkomen , dat naar Zierikzee om hulp geseind werd . De grootste massa bleef op den veldwachter wachten en deed hem door de spitsroed . n loopen , toen hjj weer buiten kwam . De gemeente - veldwachter geraakte onder den voet , doch werl niet mishandeld . Anders verging het den",1
"speelt het zoogenaamde "" zcupien , "" brandewijn met suiker , bij de jonge paren zeer gezien , een belangrijke rol ; de kasteleins maken gocdo rekening . De spellen en tenten zijn ' s avonds te klein om de massa kermisbezoekers te kunnen bevatten en in de koflljhuizen wordt ten aanhoorc van een talrijk publiek prachtige ( ! ? ) muziek en zang geleverd . ; 1 - ; VARZIN 20 Sept Alhier werd de zer dagen het oogstfeest",1
"gassehe katholieke bevolking der stad als één man achter haar stond , gereed om bg duizendoa de ontworpen adressen tegen de ingediende wetsontwerpen te onderteekenen maar do uitslag beantwoordde niet aan die verwachting . Er kwam geen beweging onder de massa , welke men nu langs anderen weg voor de zaak poogt te winnen . Op die groote vergadering waar / / do vrionden der vrijheid , "" de / / strjjdera voor waarheid , vrijheid en recht "" ia",0
"een Parijzenaar . Neen , ik ben nog niet aan ' t einde ! In 1830 stonden de werklieden in Parijs — niet de Parijsche werklieden — tegen de Bourbons op en werden er 2000 doodgeschoten — onder die geheele massa waren slechts 73 Parijzenaars . In het provisioneela gouvernement dier dagen — van alle leden ééa — Parijzenaar . In 1848 , onder de republikeinen , die zich uit naam van Parijs tot bestuurders van Frankrijk opwierpen — één",1
"te voorspellen . „ Daar komt de stoomspuit ; nu sal ' t wel gauw gedaan wezen "" ! . . . Doch die velen geven nog te weinig den toon . Hun goed vertrouwen wordt niet gedeeld door de massa nieuwsgierigen , voor wie , gelijk wij vroeger reeds opmerkten , elke brand een publieke vermakelijkheid is . Wat is er dan aan te doen ? Onzes inziens zou ' t wenschelijk zijn , dat aan alle onverstandigen en",1
"de vrij sterka helling van hetgebargte naar beneden gingen , waren da boomen op een groote uitgestrektheid zwart vau vliegende vossen eu begonnen de jigérs te vuren . Ni een kwartier uurs bemerkten wij , d : it de geheele massa zich in beweging stelde . . Het bosch was ongeveer een en een halve mijl lang en over rijn geheale lengte en breedte was slecats ééne wolk van vossen zichtbaar . Op rijn minst ganomen waren daar vijftig duizend",1
"zij goen kans hoegenaamd hadden , om hunnen candidaat do overwinning te doen behalen . Men mag derhalve op goeden grond aannemen , dat het wachtwoord was : al kunnen wy de zege niet behalen , toch moot door de massa vertoon worden gemaakt . Hieruit volgt tevens , dat wij do volle sterkte der strijdkrachten , waarover onze tegenpartij thans kan beschikken , hebben leeren kennen . Wat betreft de ultramontanen , die hebben tegenwoordig hun hoogste standpunt bereikt",0
"„ excilement "" opgewekt van de bevolking der bloeieude steden en groote hofsteden aan de lyn gelegen . De 3e October werd als een „ hoiyday , , aangemerkt , weddingschappen werden aangegaan en ' t publiek verzamejde zich jn massa aan alle toegangspunten van de baan ; ' t geheel nam ' t karakter aan van een feestelijken strijd van nationale energie tegen ' t schijnbaar onmogelyke . Met hoera ' s werd de van signaal - vlaggen en",1
", inde . van mijn ledikant had gestaan . De pleister had hier de wi van het vuur . . houden — een feit , dat ik daaraan toeschreef , dal ch was . Bij dien n . uur een massa menschen , en velen van hen schenen een bijvonder gedeelte er van zeer naauwkeurig en i te onderzoeken . De woorden : „ vreemd ! zonderling ! "" en ■ dergelijke wekt » e mijne nieuwsgierigheid op . Ik",1
"aanstonds de eerste stoomboot in het stadje zou ainkomen . isaauwelijk * ivaren die woorden fcsproken of er ontstond eva geweldige drang naar de dour , en toen de moester van den grond , waarop hij door de steeds voortdrineende massa ven jongens was geworpen , verrees , genoegzaam weer bij kennis wai gekomen , om te kunnen weten of hij het zdt dan wel of hij een ander was , en een oog wierp d - jor het lokaal",1
"art 76 der grondwet te herzien , is thans echter geene sprake . De grenzen van ons kiesregt zijn , na 26 jaren , nog ruim genoeg ' , ja o verruim in verhouding tot de politieke rijpheid van de massa onzer natie . Herziening van den census echter , zooals deze in de kieswet van 1850 is geregeld , is allezins een aan de orde blijvend onderwerp . De noodzakelijkheid eener betere regeling , eener evenredig - making van",0
"uit de berichten van de departementen , met hoeveel ijver de bonapartisten werkzaam zijn ter bereiking van hun doel , en het wordt eiken dag duidelijker , dat , indien de monarchalen zich niet weten te verstaan , de groote massa der kiezers , die tot geene partij behooren en den regeeringsvorm slechts afbakenen naar de kansen , welke hij voor de welvaart des lands aanbiedt , zullen hebben te kiezen tusschen Republiek of Keizerrijk . » De verkiezingen voor",0
"Eerst was de heer Castellane aan ' t woord , die zich , zooals te verwachten was , tegen het algemeem stemregt verklaarde . De volkssouvereiniteit was z . i . een leugen ; als de souvereiniteit van de groote massa moest komen dan was er geen duurzaamheid te wachten , want de massa veranderde met den dag . Daarop besteeg de heer Ledru Rollin de tribune . Hij verklaarde zich tegen een beperking van het algemeen stemregt , want",0
"zooals te verwachten was , tegen het algemeem stemregt verklaarde . De volkssouvereiniteit was z . i . een leugen ; als de souvereiniteit van de groote massa moest komen dan was er geen duurzaamheid te wachten , want de massa veranderde met den dag . Daarop besteeg de heer Ledru Rollin de tribune . Hij verklaarde zich tegen een beperking van het algemeen stemregt , want dit moest alleen dienen om een der drie monarchien te herstellen . Er",0
"Rollin , nog tegen de wet gesproken de Heer Castellane , van de Eechterzijde . Hij veroordeelde de wet omdat zij te veel nog het algemeen stemrecht huldigde en ' t niet wenschelijk was , dat de / / revolutionaire massa / / zou vertegenwoordigd worden . Zeer heftige tooneelen hadden plaats in de zittingen van Maandag en Dinsdag , waarbij vooral de Bonapartisten , die zich door een der leden van de Linkerzijde beleedigd achtten , zich heftig weerden",0
"welwillend als toegift geschonken , terwijl ter eere der hier plaats hebbende vergadering van geleerden , het ïlo - Vivat "" de uitvoering vooraf ging en besloot . Het prachtige zomerweder vergrootte . het genot der digt zaamgevloeide menschen - massa , die zoowel van hier als elders waren opgekomen om van het zeldzame kunstgenot gebruik te maken . Wij wenschten wel dat eene herhaling van een dusdanigen avond nog in dezen zomer tot de mogelijkheden behoorde ; het zou",1
". Hij heeft | zijn taak als hoofd van den Franschen Staat meti den « rnst van een loijaal soldaat opgevat en door - | gezet . Hij heeft zoodoende zich door allen doen j eerbiedigen , en bij de massa dep Franschen de be - * geerte opgewekt om hem voor zeven jaren als Pre - ] sident te behouden , al gaat daarbij de wensch van velen ! gepaard , dat hij zich moge omringen door ministers die",0
"departementen , met hoeveel ijver de Bona | i « rtis ten werkzaam zijn ter bereiking van hun doel , en ket wordt eiken dag duidelijker , dat , indien de monarchalen zich niet weten te verstaan , de groote massa der kiezers , die tot geene partij belioore . ii en den regeringsvorm slechts beoordeelen naar do kansen , welke hij voor de welvaart des lands aanbiedt , lollen hebben te kiezen tussehen republiek of ke < aen -",0
"beginsel heette te vertegenwoordigen dat hij niet as toegedaan , zou zijne betrekking nederleggen . Met eene vergadering echter is het anders gesteld ; de gemeenschappelijke verantwoordelijkheid is oorzaak ' dat ook hier de individuele leden zich verschuilen achter de massa en de gemeenschappelijke fout de individuele fout absorbeert . De Nationale Vergadering verzet zich dan ook op allerlei wijzen tegen eene aftreding in den vorm van eene ontbinding . Een natuurlijk gevolg hiervan is , dat het volk de",0
"moeten zich morgen * » n stemming onthouden en al het mogelijke aanwenden om « Hen V an de stembus terug te houden . Dit is een politieke noodzakelijkheid en daarby een maatregel der doorzichtigheid : wy moeten ons in massa van stemming onthouden . Wy moeten verre vetwyJerd blijven van de 9 ' euibus der gewtlderaars , die onze vrijheden « jet voeten treden . Terwijl wy betere dagen ai wachten en ons met ' net de verkiezing inlaten",0
"zij tijd gehad hadden de planten te h scha , digen . Stervende van honger , van allo kanten vervolgd , in verwarring gebracht , vermoeid , besloten de gevleugelde phslatxenoin eenklaps , wat het ook kosten mocht , in massa neer te vallen . En vóór de zon was ondergegaan wan » de Akkers , de weiden , de heesters , de boomen geel geworden , verdwenen zij geheel en al onder het heirleger verslinders , dat zich overal",0
"wiggevaagd — leverde dit een zeldzaam schouwspel op . Op het Paleis , op de daken van de huizen in het Westeinde en het Oosteincie ten aantal menschen , in den tuin « ; en belangwekkende menigte en daarbuiten een massa volks , joelende en krioelende , en van tijd tot tijd luidruchtig , vooral als een kleine 10 cents lallon , als persiflage op den Meteore , de lucht doorklieft . Maar de tijd gaat voorbij . Reeds is",1
"de heeren Jacqui en de Boer doen hun best on daarom zonden wa gaarne zien , dat naast hnn gif - en degenstukken , zij ook eens ean proef namen met wat luchtiger wirk . Wollkht zulloa er onder hunae Massa van toeschouwers velen geTOudna worden , die een open oog hebban voor wat minder vreessliike toonealan en eea gretig oor voor gulle scherts . Het Duitsche rcpeitoira vooral veroorloof ! ; ia dene eene vrij ruime kenze .",1
"daarmede voortdurend bezig gahoudec , zoodat zich zekere afmatting heeft vertoond , zekere lauwheid , die gepaard gaat met het besef , dat in eane aangelegenheid als deze , overijling groot kwaad doet . Met dese quaestie laat zich do massa niet meer ia buweging brengen . Daarenboven komt hierbij nog in aanmerking , dat bij de partij der indepecdetten het plan is opgevat , om de confessioneele quaestie , voor zooverre die no * niet is beslecht , in",0
", de bijgeloovighpid van zijn landgenooten kennende , door een zijner ondergeschikten het gerucht verspreiden , dat de Pangeran fen gendroewo gevangen had en men dien bij hem zien kon . Toen zich daarop het volk uit den omtrek bij massa ' s rondom ' s Pangerans dalem verzameld had , vroeg hij den bezoekers wat zij verlangden . Op het antwoord , dat , zij den gendroewo wenschten te zien , zeide de Pangeran : „ o , ja",1
"heeft gemaakt met do democraten ca steeds van / / uitmergelor . de militaire lasten "" , / / onhoudbaren toestand "" , zoomede van ( / verdrukking des volks ter gunste van het militarismus spreekt , om op de massa te werken ! De leden der party van vooruitgang zullen hoogstwaarschijnlijk in herhaling vallen . Men onderstelt , dat zij by ' de behandeling der overige aiUtaire ontwerpen hetzelfde schouwspel zullen vertoonen als hot vorige jaar , namelyk dat",0
"reent door heel het , land gesteund te worden , bereidt zk - h c ? dÏR greoten verkiezingsstrijd bjj voorbaat voor ; ook de Bouapartisten neinen hiervoor bereids hunne Ksatregelen en doin ui het megeljjke om is groot * massa to doen goloovcn , dai Frankigk slechts heil te wachten heeft van . het horst » ! van het keizerrijk . Tot schier eindelooze commentaren gsf aanleiding els rede , welke door den Mi - Btslcr Ta » buitenlaudsclio",1
"zyner ondeige ' * ten het gerucht verapreiden , dat i_ ' e Pangeran een gen , ° "" ° o gevangen had en men dien by hem zien kon . Toen h daarop het volk uit den omtrek bjj massa ' s rondom "" "" garens dalem verzameld had , vroeg hjj den bezoekers * ij verlangden . Op het antwoord , dat ' » jj den genaroe - wenschten te zien , zeide de Pengeran : , ,",1
"te mishandelen . Gemeente en rijkspolitie waren ' s avonds wel aan den trein , om den genoemden persoon te beschermen , doch zij konden niet verhinderen , dat hij , even uit den trein komende , door een samengedrongen massa menschen werd aangevallen . Toch gelukte net hem weder in den trein plaats te nemen , waarna hij verder tot het station « rouw reisde , van waar hij zich per vaartuig naar Oldeboom nionut lat - . oj",1
"het Christendom eeuwen lang heeft geleerd en sommige vroegere kerkelijke lichamen in bepaalde forraulen hebben gegoten . Vooral sinds het algemeen stemrecht in dat kerkgenootschap de groote schare in beweging bracht , is de drukking van de zijde dier naderrollende massa zwaarder , de tegenstand daartegen sterker geworden . Zoo verkeeren de gemoederen daar in gisting , . zoo is er een tijd van spanning , van transitie waaruit men verlangt te geraken , sommigen • door het beginsel van",1
"zich van het bewind niet meester maken . Zeggen de radicalen : wy zijn in dit departement meester , waarom zouden wij dit niet toonen ? dan dient daartegen te worden opgemerkt , dat er overal in Frankrijk een vlottende massa is , wier opinie niet gevestigd is . Deze kan zich ieder oogenblik van de Republiek afwenden . Men bedenke toch , dat het Keizerrijk bij het plebiscit van 1870 nog 7 , 500 , 000 stemmen kreeg .",0
"en dwaasheden te begaan . Neen — roept de Temps uit — de republiek , die nu de meerderheid heeft , zal die verliezen door zulke daden ; overal en in de eerste plaats in Prankrijk bevindt zich een vlottende massa , die alleen door eigenbelang wordt geleid en zich even spoedig van de republiek kan verwijderen als zij zich er voor verklaard heeft . Men vergeet te veel dat het plebisciet in 1870 7 , 500 , 000 stemmen",0
"wel 6 voor de eisenachsche fractie der kleine burgerij en 2 voor de talrijkste nationale sociaal - democratisch » partij . De saksische regerings - politiek heeft goed » vruchten gedragen ; de vervolgingen en verbanningen werden door de blinde massa veroordeeld De Volksbote , onlangs nog vervolgd voor een uit de Frankfurter Zeitung afgedrukt artikel over koning Johan , kan juichen . De 60 . 000 noemers met dat stuk werden niet te vergeeft verspreid . In 1871 beschikte",0
"veroorloofd , dat hij eene gelegenheidsrede heeft gehouden , waarvan de inhoud zeer goed te begrijpen is , al verstaat men ar geen syllabe van . Na die rede werd regtsoinkeert gekommandeerd , en eenige minuten lang bleef de geheele massa roerloos , om de photographen , tegenover de tribune geplaatst , in de gelegenheid te stellen een beeld van de groop te nemen . Hoe dat beeld is uitgevallen . , he > be : t w . j",1
"jacht geeft een teeken en de olifanten naderen den circus ; een rij van olifanten , onder geleide van hunne cornacs , omsingeld den stoet en sluit den weg voor het publiek af . Een oorverdoovende juichkreet stijgt uit de massa op ; het volk is dol van vreugde ; de in den regel zoo kalme , flegmatieke en goedaardige Birmanen geven zich thans aan allerlei buitensporige vreugdebedrijven over . Al het volk vormt ééne enkele massa , springt over",1
"bleek weldra niet mans genoeg te zijn , ° m zijn rol als afgevaardigde op te houden . Zijn lot riep hem buiten de vergadering , zijn kracht bestond iv de punten van aanraking , die hij met de woelige massa van de hoofdstad had , de massa , die hem nu als haar lieveling , haar speeltuig beschouwde . Hij had het in een * lub eens duidelijk genoeg uitgesproken : „ Wil de Kamer niet hooren , wat",0
", ° m zijn rol als afgevaardigde op te houden . Zijn lot riep hem buiten de vergadering , zijn kracht bestond iv de punten van aanraking , die hij met de woelige massa van de hoofdstad had , de massa , die hem nu als haar lieveling , haar speeltuig beschouwde . Hij had het in een * lub eens duidelijk genoeg uitgesproken : „ Wil de Kamer niet hooren , wat ik te zeggen heb , dan zal",0
"' s werden ten behoeve van de minder ontwikkelden begrijpelijk gemaakt , ' t geen voor hen het genot moat . verhoogd hebben . Dat er genoten werd , beek uit de voortreffelijke orde welke onder de groote menschen - massa ' s geheerscht heeft ; er werd steeds met belangstelling naar de uitvoeringen van het orchest geluisterd , _ ' t geen van de zijde der hoorders eenige inspanning eisehte , want de bouw of de plaatsing van den",0
", l . oort ge ? "" ' t Scheen we ) , dat de roode dtclor een grooten irnloed had op het gepeupel , want , ingevolge fijn bevel , drong men naar den uitgang en verliet men in massa ' s den ketker . Enkeled slechts bleven . „ Nu , waarom staat gij daar nu nog te gapen ? "" zeide de doctor , zich op ontevreden toon tot do acbtmb ' ijvers weur dende . „",1
"ter reede van Atsjin als elders , wordt zeer geroemd , en het is wellicht aan hem te wijten dat de wcerspannigen niet tot andere daden hun toevlucht hebben genomen . Dat het transport op gisteren naar de gevangenis een massa nieuwsgierigen en belangstellenden op do been bracLt behoeft wel niet te worden gezegd . Ongelukkig "" voor de vrouwen van do verdachten , konden zij bare mannen heden zelfs nog niet te spreken krijgen . Met belangstelling wordt de",1
"rustig . Twee beursopzichters plaatsten zich als Karyatiden aan weerszijden van den heer S . en het circulet mtssieur * van den Parijschen Boulevard werd in practyk gebracht . Voor de beurs stonden een paar dozijn politieagenten ; een groote massa versoheen , en kort nadat S . van plaats had gewisseld en naar den overkant was gegaan , om tegen een pilaar zyn steunpunt te soeken , verschenen de Burgemeester , de hoofdcommissaris van politie en andere politiedienaren .",1
"nu haalden zij juist 33 , bij de duitsche stembus 33 | percent van de uitgebrachte geldige stemmen . Wie aan deze percentsgewijze verhouding eene natuurlijke beteekenis wil geven , zal wel tot het besluit komen , dat de geheele massa der katholieke kiezers als één man hare stem op de centrumsleden heeft uitgebracht , en daarmee een geducht protest leverde tegen de vervolgingszucht der Regeermg . De Provinzial - Correspondenz komt echter tegen zoodanige gevolgtrekking op , en spreekt",0
"denkbeeld meer kunnen vormen . Vele katholieke kiezers zouden hunne stemmen aan de centrumsleden hebben onthouden , waaruit dan van zelf moet volgen , dat de stemmen , op de leden der centrumspartij uitgebracht , talrijker zijn dan de geheele massa der katholieke stemgerechtigden te zamen . Uit deze redeneering moet dus blijken , dat er onder de Katholieken veel meer stemmen zijn uitgebracht dan er kiezers bestaan . Hoe is dat mogelijk ? En waarom geeft de Correspondenz zich",0
"i . tegenstanders van Keizer en rijk , te beschouwen . Veel eer getuigen deze belangrijke cijfors sli chts van den in het ultramontaansche legerkamp heerschenden geest . Slechts de door allerlei middelen aangevuurde voortvarendheid , de blinde gehoorzaamheid der massa ' s en de voor niets terugdeinzende ijver waarmede de leiders hunnen invloed weten te doen gelden , leveren don sleutel ter verklaring van zulke resultaten der verkiezingen ; want het behoeft geen betoog dat de massa der katholieke",0
"dorée weder derwaarts stroomen . Ook andere veranderingen vielen op te merken . De afgeschafte Nieuwjaarsdag werd weder gekenmerkt door het geven van geschenken en de Zondag werd weer gevierd . Opnieuw zag men op den eersten fraaien lentedag een massa menschen zich bewegen op de Promenade de Longchamps . Paardrijden en tweegevechten en al wat op de ontwikkeling van spierkracht betrekking heeft kwam weer in zwang , en men zag de vrouwen streven om goede koetsiers te worden .",1
"gevolgd tot aan de gevangenis , onder het aanheffen van weeklachten en luid gejammer . Des avonds , nadat de duisternis was gevallen , verzamelde zich andermaal een menigte volks voor de gevangenis , maar nu tot een zeer talryke massa aangegroeid ; men zong ter eere van de bcido gevangenen , — die zich tegen de wet hadden verzet , — eenige geestelijke liederea . Toen de politie dit nachtelijk rumoer poogde te verhinderen , werd zij door de",1
"^ cheveau - légers , maakt wereldkundig , j 1 plan heeft om een voorstel te doen ^ van de monarchie : deze negative ver men wel niet als nieuws willen quah 0 ^ ; ona le aan de groote massa in en buiten o » de Vergadering is het volkomen onvers ® 1 ^ eT00 rnfgeachte afgevaardigde van Haute - Gs 10 ® gjbriel mens is al of niet voor te . stellen . D ® | ee keni",1
"van den avond aanbood , kwam haar ten volle toe . Ten slotte oog een opmerking . Buiten de zaal , op het erf van deo schouwburg had men , in grooten getale , met en zonder rijtuigen , een massa nontonners . Begrijpt men niet , dat ieder vreemdeling , die met verbazing moet bekennen , nergens anders iets dergelijks te hebben gezien , de schouders over ons ophaalt en ons minarhtend bespot ? Waarlijk zulk klaploopen staat niet",1
"W ' s en jaartallen , allen van gas . Maar rigten we thans onze schreden naar den grooten schouwburg , ' t Is half acht . Buiten het door de huzaren afgezette gedeelte van het Leidscheplein staat een onafzienbare massa volk , wachtende op de rijtuigen van den Koninklijken stoet . De zaal was om half acht reeds van boven tot beneden , op alle rangen , met menschen opgevuld , men zqu nog eer gezegd hebben , intusschen",1
"Hof er Zeitung , uitgegeven , ten einde de sociaal - democratische beginselen te verbreiden en vasten wortel to doen vatten ia den boezem des volks . Te oordcelen naar den uitslag der ondernoming , hebben die pogingen bij de massa weinig bijval gevonden , want het dagblad zal ophouden to verschijnen en do drukkery houdt op te bestaan , dewijl geon inkomsten voorhanden zyn . — De National - Zeitung deelt het volgende mede , betreffende het rogeeringsvooretcl tot",0
"alles , zooveel dit mogelijk was , gadesloegen ; en men zag niet anders dan blijde , vroolijke trekken op het gelaat van mededingers en toeschouwers . Nergens werd de goede orde , zelfs een oogenblik , gestoord ; de massa handhaafde die zelve , met een niet genoeg te prijzen eenstemmigheid . ) Voegen wij er ten slotte bij , dat de volksfeesten met fraai : weder , zelfs uu - t zonneschijn , werden begunstigd . De Luxemhurgsche",0
"en het vuurwerk , dat zeer fraai mocht genoemd worden , kwam er des te schooner op uit . Een fantastisch effekt maakte de verlichting van den kerkgevel en toren met de boog , door electrisch licht . Eene onafzienbare massa volks woelde op en bij het ruime plein door elkander , telkens bij het afsteken der stukken in toejuichingen hun bijval te kennen gevende . De feestviering geeft reden tot aangename herinnering . Geen enkel oogenblik is , bij",1
"alle rangen cr » . - stnnden , ■ gewapend met blanke netjes en ' gevuld uu - t gekleurde cijeren , sina ' s appelen , noten , cuz . "" konten daar te zamen , om met de massa nieuwsgierigen eens lustig pret te mnkcn . Curieus is het , om te . zien , \ hoc die kleinen , op die uitgestrekte weide roudhiippéleu , met sina ' s uppeleu en uoten apelcn , hoe do jongens",1
". — Lange straat langs de Societeit , — Markt . — Hengelosche straat . — Paralel ^ eg , ging de trein , eenige duizende personen sterk , onder de toonen der muziek — j ? door eeue ontzaggelijke massa toeschouwers , naar het Volkspark , waar hjj tegen 4 ure aankwam . Nadat aldaar ook de heer Commissaris des Konings in deze provincie , die de uitnoodiging , om dit feest bij te wonen , welwillend had aangenomen",1
". s . Zondag van stemming onthouden , en al het mogelijke doen om zelfs hunne tegenstanders te beletten aan de verkiezing deel te nemen . Het is eene zoowel politieke als voorzichtige noodzakelijkheid , die ons de onthouding in massa gebiedt . « Men moet wegblijven van de stembus eener macht , die onze vrijheid verdrukt . « Weldra zullen wij weigeren haar belasting te betalen . « ' t Is ons eenige middel om onze wanhoop te doen",0
"passeban , die aangewit en groen gemaakt was , werden op verschillende punten van de aloon aloon opstalletjes gemaakt met gamelans . Al heel vroeg in den morgen verdrong zich een groote menigte nieuwsgierigen op het feestterrein ; terwyl een massa anderen zich schaarden om en naby het residentiehuis , ten einde getuige te zijn vanden plechtigen cptotht van ambtenaren en particulieren , die tegen 9 uur in den voormiddag , by monde van den geachten secretaris , hulde kwamen",1
"Zwollerkerspcl . Op den tweeden paaschdag is die wei in een feestterreih herschapen , Duizende kinderen , gewapend met blanke netjes , gevuld met gekleurde eieren , sinaasappelen , noten enz . komen daar te zamen , om met de massa nieuwsgierigen eens lustig pret te maken . Aardig is het , te zien hoe die kleinen op de uitgestrekte Wtide Tondhupptlen , met de medegebrachte voorwerpen spelen , hoe de jongens vooral zich oefenen in het eieren - tikken",1
"bij tegenwoordig waren . ' Tegen drie ure vertrok de voor het Pa - j leis opgestelde eerewacht . > Ten drie ure zou de gecostumeerde \ optocht door de straten trekken , waar J zich dan ook een groote massa toeschouwers had opeengehoopt . Wie echter niet kwam was de optocht . Wel stonden "" de jongelieden van het gymnasium en van de hoogere burgerschool in glansrijke en keurige costumes gereed , om zich in beweging te stellen ,",1
"Willemspark en omgeving , door het centrum der stad en ook door de nieuwe buurten aan het Oranjeplein , totdat de optocht weder in de Schouwburgstraat aankwam , waar hij ontbonden werd . Lang 3 den ganschen weg was een massa volk op de been . De costnmes van do jengelui waren zeer fraai en muntten uit door frischheid ; vooral de ridderlijke kleeding van de edellieden trok veler aandacht . Alles liep in goede orde af , dank zij",1
"100 nommeis op Zaterdag 19 September worden getrokken . Aan het voorloopig verslag op het ontwerp der regeering betreffende de wijziging van den census ontleenen wij het volgende , waaruit blijkt hoezeer de liberalen overtuigd zyn dat onder de groote massa des volks weinig geestdrift voor de openbare school gevonden wordt . « Volksonderwijs "" beteekent hier toch niets anders dan « openbaar onderwjjs "" , want tegen onderwijs is niemand . De overgroote meerderheid verklaarde zich ook nn weder",0
"door de vereenigde zanggezelschappen onzer stad met orchestbegeleiding slaagde intusschen uitmuntend . Na den middag helderde het weder op . en dra bescheen de zon in vollen glans de vroolijke menigte . Toen het duister viel , trok eene onafzienbare massa naar den Veldhoven om de iluminatie en het daar af te steken vuurwerk te gaan zien . — Door het bij uitstek stille weder en de uitnemend doelmatige wijze , waarop de illuminatie was aangebracht , vormde zij in",1
"geheele provincie laat zich zoo iets niet toepassen , - maar zij hebben i Oit goede resultaat gehad , dat de woordvoerders in die districten een lagerea toon hebban aangeslagen . Dit heeft niet alj leen gunstig gewerkt op de massa in dia districten , maar ook daar | buiten . Ook hier , in Holstein , zijn de staatkundige vereeni ' gingeu werkeloos , zonder eenige beteekenis . Men verwacht meer goeds van den volgenden maatregel dan j van",0
"zou het vorstelijk echtpaar een serenade brengen ! Gehoord heb ik niet veel van de liederen , niettegenstaande al dringende en gedrongen wordende , mijn beenen op kleinen afstand van de verboden enceinte waren te regt gekomen : de ontzaggelijke massa volk maakte het door zijn schreeuwen en roepen onmogelijk veel meer dan de blaasinstrumenten te hooren . Het gezigt der honderden lampions , waarmede het korps gewapend was , toen het om half tien van het Beurtgebouw kwam en",1
"die elkander de onderscheiden Uitgeloofde prijzen met de wapens in de vuist zouden betwisten . Ter zijden waren de toestellen opgerigt voor de gymnatische oefeningen . In weerwil van den regen , die bijna voortdurend viel , was eene groote massa menschen op de markt bijeengekomen , om van deze spelen getuigen te zijn . Véle proeven van kracht en vlugheid werden gegeven en verwierven de goedkeuring van het publiek , dat dit schouwspel blijkbaar met belangstelling gadesloeg . Na",1
"bewezen schuldig te zijn . Hij heeft de daad alleen en zonder iemands hulp bedreven . Ten 2 ure heden namiddag , toen de beambten den gevangene . ter betere beveiliging naar Birghani City bragtcn , stonden de burgers in massa op , namen den misdadiger uit de banden van den marsha ! , gingcn naarde spoorwegbrug eu hingen daar den moordenaar op . Hij had vroeger 2a 3 moorden bedreven , en is een der slechtste Chineczen in dit",1
"geld bijeen gebragt , om de schoolkinderen eenige versnapering aan te bieden , en later eenig vuurwerk af te steken . De commissie zag zich echter gedrongen dat laatste , wegens het slechte weder , uit te stellen . Een massa menschen vond nu evenwel goed , hunne vrolijkheid lucht te geven door het oprigten van een brandstapel . Een staket van den heer v . d . Vegt , ongeveer 40 meter lang , eene nieuwe houten beschutting ,",1
"datj „ i / . ecu zo ° diibt Baamgepropte menigte gevonkt lüet de irfiT b ^ ' zi - iu later vertrek naar het paleis , niet I banen . ~ ste moeite zich een weg door do menschen massa vond de Koning aldaar den „ • ? , ? Roon „ nenv > nmJi | t « - president von Bismarck , den generaal d ; ? - ° muiddé i ^ iM . ° ltKe ' :",1
"Laten wij ouie ellendige persoueeie twisten toch vergeten wanneer het vóór alles en uitsluitend geldt do belangen der natie . Latou wij „ aar de coustitutio . eelo wapenen grijpen die voor de haud liggen , laten wij ons in massa naar de stembus begeven en het land redden . "" ( Langdurige en geestdriftige toejuichingen ) . — In België is door het bestuur vau den gtaatsspoorveg bekend gemaakt , dat het verkeor met de stad Luxemburg en met",0
"verlegd tot later tijdperk in dit jaar , is men thans reeds zoo druk in de weer alsof men reeds voor de stembus werd geroepen . Tot voor korten tjjd was men in vele kringen van gevoelen , dat de massa des volks de zaak met overgroote onverschilligheid zou behandelen en hoegenaamd geen belangstelling daarvoor aan den dag zou leggen . Thans blijkt dat men zich ten dien aanzien buitengewoon heeft vergist . Allerwege ontwaart men levendige deelneming in de",0
"zoekt binnen Londen begeve zich naar Leicester square en Soho . . De politiekorpsen dezer wijken zija onderling . onderscheden doer een zekere lokale , kleur , ' terwijl zij hun gedrag . moeten wijzigen naar , de verschillende "" massa ' s der . bewoners . De beambte b . v . die tot hiërtoe ' was aangesteld ter , bewaking van het schijnbaar fijnbeschaafde maar daarom . . niet weinig , zedelooze Haymarket , zou niéenen onder de",0
"een groot vuurwerk , alles afgewisseld door muziek , £ i bijgewoond door een onafzienbare menigte al ' t welk van dé h ' t . ' SÈie a . gezjci } „ en fantastisch gezicht opleverde , zooals de massa zich daar tusschen de witte fccaïen [ iewq . ' jg . Hel schoonste weder begunstigde dit feest , dat in do ' beste Orde tot in den vroegen morgen voortduurde ; en ondanks de duizende menschen en de",1
"door eene verklaring van den nationalen wil hersteld wierd , hebben met de Orleanisten voor de petitie gestemd , en de groep van een en dertig stemmen gevormd . > i De verklaarde aanhangers onzer tegenwoordige dynastie , en de massa dergenen die voor het gevestigde gouvernement zijn en altijd zullen zijn , hebben de petitie afgewezen ; en zoo is het besluit om tot de orde van den dag over te gaan met de overgroote meerdeihoid van 174 stemmen",0
"de Roggestraat door een gloed van bengaalsch vuur verlicht werd , en voor de werf van den heer Coers piktonnen waren ontstoken . Het ensemble maakte , van het Velperplein gezien , een prachtvol effect , terwijl de zeer groote massa volks , die op de been was , het feestelijk aanzien in hooge mate verhoogde . Ten tien ure ongeveer gaf een vuurpijl , bij den schouwburg ontstoken , het sein , dat het diné was afgeloopen en in",1
". Pc anti - keizerlijke deinoustra lien begouneu wed - r ; ui n trok overal op nieuw in heulen ip , mn ewapend mei sabels , geweren , pistolen , revolvers , pi . keu eu stokken . De massa defileerde over It - vards ; di volksuiatsa ' s naren ecu uur lang ; ' t \ I rie | „ leve . de re | bliek ! "" ' I ' o - ne n Stal agenten",1
". Het vroeger zoo onafgebroken geratel der rijtuigen heeft geheel opgehouden : de paarden zijn gerekwireerd en de koetsiers hebben de wapenen opgevat . De boelevards , waar nog onlangs allerlei gespuis en de buitensporigste toiletten tusschen een ontelbare menschen massa in bonte mengeling doo reen wemelden , zijn geheel veranderd . De winkels zijn bijna alle gesloten , behalve die , waar koffij of sigaren verkocht worden ; daar komen de nationale ^ gardes , bij gansche troepen ,",1
"men reept en schreeuwt : leer lul leger ! - - zes honderd werklieden zingen de Marseülaise , tusschen den kolonel e - n de tamboers in ; — een stroom van menschen achter en voor ons . Zulk een massa menschen zag ik van mijn leven nog niet bij elkaar . . . . zelfs niet op onze dorpskennis . Naast mij mare keert mijn landsman Vidalin ; — hij lacht bij zingt en draagt zijn geweer over deu",1
"ongehuwde mannen op , en de democraten van Toulouse willen daarbij alle gehuwde mannen voegen . Die fantastische republiekeinen rekenen op twee millioen mannen * , laat de heer Crémieux , met een generaal onder zrjne bevelen , deze onordelijke massa ' s leiden . Men moet op den admiraal Fourichon niet meer reke » en ; hij wil in deze wanorde niet voortgaan en bepaalt zich das tot , zrjn werkzaamheden als minister van marine ; bij blgït getrouw",0
", w aarin de maatregelen , door de vaderlandsliefde der Bevolking voor de verdediging van Parijs genomen , woraen uiteengezet ; hij doet een welsprekend beroep op de burgers van alle departementen om de traagheid af te schudden en in massa up te staan ten einde eenen uanonalen oorlog te beginne ti . De verkiezingen zijn onbepaald uitgesteld , daar het onmogelijk is , die in drie en twintig departementen te doen plaats vinden . buiden , 11 Oct .",0
"als een macht , om den invloed van den middelstand , die bijna overal voor vrijheid en zelfbestuur is , te fnuiken ten voordeele van het persoonlijk Gezag . Maar , zoodra het twijfelachtig , wordt , of de groote massa dien dienst wel meer zou willen bewjjzen , verkoelt de ingenomenheid met dat algemeene stemmen . De commissie voor de petitiën had dan ook gunstig geadviseerd , en hoewel de Senaat deze conclusie verwierp , was het toch onmiskenbaar",0
"v \ . , i mommel , waai is de doctorgeblevei , : Hij stond zooeven duar en . . . Wat wiltgijPompejus ' . w , , ig hij icn zwarten knecht , die binnentiad . « Ik moei massa Cafaraeau komen zeggen , antwoordde de neger , « dat massa Marigny gekomen is , om met massa Cafardeau uil le rijden . Hm , zoo ! ' mompelde de oude hcei in zich zelve , , . naai",0
". . . Wat wiltgijPompejus ' . w , , ig hij icn zwarten knecht , die binnentiad . « Ik moei massa Cafaraeau komen zeggen , antwoordde de neger , « dat massa Marigny gekomen is , om met massa Cafardeau uil le rijden . Hm , zoo ! ' mompelde de oude hcei in zich zelve , , . naai ' hei scheen niel / . eer te vi eden omi dat bericht . « Mijn rijke buurman",0
"eii planken , ' alkoiustig ; • van . een , huis in de nabijheid , dat ' afgebroken werd . "" e straat was hierd » ior ten eeneuiale ver . ; aperd . Daar , vooral was eene massa volks op de been , doch de menigte was niet gewapend . Tal . van gaslantaarns werden vernield . . Ten 10 . ure kwam een gr . » ; > te houp in . , de Rue -",1
"In Noordbrabant heeft » men schoenmakerijen die inderdaad fabrieken « zijn ; men heeft evenzoo broodfabrieken , hoewel » toeh de schoenmaker en de bakker bepaaldelijk » tot de klasse der ambachtslieden gerekend » worden . "" Het is de massa der fabriekarbeiders die in grooten getale op bepaalde uren van en naar de fabriek gaan ( en de woning van den burgemeester passeren ) die hen zoozeer doet in het oog vallen , maar de ellende van den jongen",1
"de executie van een afschuwelijk man , een hebzuchtigen moordenaar vai ' vrouwen en kinderen . Immers , wie zijn het , die in den regel de indrukken van het schavot ontvangen ? Een nieuwsgierige , op hevige zenuwprikkeling beluste massa , bIJ welke de ernst zóó ten eenenmale ontbreekt , dat zij zich met den treurigen toestel in het gezicht nog aan de grofste onzedelijkheden overgeeft . Naar de denkbeelden van zulk een woesten hoop kunnen geeu maatschappelijke gnaestign",0
"de Generaal , de Maire , de Markies , allen werden terstond herkend . Het schreeuwen en schimpen hield op . Groeten werden gewisseld , regts en links werd ruimte gemaakt ; en daarna vloeide de menigte weder tot ééne massa zamen , en volgde ons zwijgend ora te zien waar wij heengingen . Zoolang wij ons op de « narkt bevonden bleef de stilte voortduren ; doch toen het bleek , dat wij ons naar die wijk der stad",1
"volk weer moeten bijpassen ; hij vermindering van uitgaven zullen de gunstelingen der ministeriën , die zich aan de schatkist vergasten , moeten bekort worden . Wordt alleen het eerste gedaan , dan zal , en te regt , de massa van het volk in verzet komen ; wordt ook het tweede gedaan , dan zal een legioen van staatsbezoldigden aan het morren slaan en het ministerie omver werpen . Wij zullen zien wat de mimster - prezident , grootmeester",0
"die by het niet toedienen van gepaste hulp binnen 12 - — soms binnen 6 oren den ' dood veroorzaakt . • ' ! ■ - — • Van Djokja honden de klagten aan over het ongehinderd rondloopen van eene massa bedelaars , die met hunne abigt ' lijke huidziekten een even walgelijken als trenrigen indrnk verwekken ; ' t geen deze ongelukkige echter niet belet om ach ter bekomiag van een almoes soms bij ryen op de erven der",0
"iijn wéér vrij is om verd - r * o gt - an . Wlj fcwimen ' s avonds ten 8 uur aan en moonton van j - fluk spreken dat het niet later was . Hot gewosl dor menschen massa aan het station wssonbe ¦ chrijMijk . Ie ler heeft daar vrijen toegang , en de Jeri - en en belangstellenden "" ( Jn iv even groot aantal als de reizigers . Onder het groot o afdak staan tal",1
"buitengewoon voorregt door het geëerbiedigde Hoofd van den Staat , deil beminden Vorst Willem III , op het onverwachts in hun midden te zien . Groot was de toeloop en blijkbaar de sympathie die men alom bemerkte , toen de massa ' s bewust waren , hunnen Koning in het dorp te hebben ; iedereen spoedde zich om in Zr . Ms . nabijheid te zijn en HD . een lang leven toe te roepen . Als met tooverslag zag",0
"' end Lichaam werd vaorgesteld . Een zetel in ( ' at etgovend Lichaam kou hij echter niet verkrij / en . Misschien w * B zijn talent te fijn , dan dat hst dadelijken invloed « oefende op de massa van het a ' geineen stemrecht ; naisachien was hij ook in geheel zijn optredeu te Engelsch , Sü dat de Frauscbe democratie mst hem genoegen kon emen . In elk geval , ziju politiek ( later scherper golorruleerd",0
"hooge geestdrift op te wekken . i ) Maar reeds bij de republiek van 1848 was het anders . Deze republiek , in zekeren zin toevallig ontstaan , in de straten van Parys geïmproviseerd , heeft nooit de goedkeuring der massa van het Fransche volk weggedragen , gelijk het duidelijkst blijkt uit het feit dat de eerste wetgevende vergadering dier republiek in hare meerderheid vijandig tegen de republiek gezind was . » De nieuwe republiek nu is ontstaan onder omstandigheden",0
"het duidelijkst blijkt uit het feit dat de eerste wetgevende vergadering dier republiek in hare meerderheid vijandig tegen de republiek gezind was . » De nieuwe republiek nu is ontstaan onder omstandigheden , nog veel minder geschikt om bij de massa des volks de vereischte geestdrift op te wekken . Van eene voorbereiding voor de republiek kan , met name bij de plattelands bevolking , geene sprake zijn Geboren in een oogenblik van ontzetting over de tegenspoeden der Fransche legers",0
"die van den oorlog ; en uit sommige hooge schoorsteenen , blijkbaar van fabrieken , stijgt rook op . Overloopers vertellen ons , dat in Metz het gebrek aan water even groot is als dat aan voedsel . Zulk eene massa menschen in eene beperkte ruimte opgesloten , met vele zieken en gewonden , slecht gehuisvest , nog slechter gevoed , en slecht water drinkende , kan moeijelijk gezegd worden zich in een toestand te bevinden om nog lang weerstand",1
"' l was een trein waar geen eind aan was . Toe » die voorbjj was gingen wjj weer verder , immer verder in den nacht . Niemand wist waar wjj ons bevonden , Eindeljjk kwamen wjj voor een vormlooze massa . > Lmtarens voor ! "" klonk het kommando . Snoedig kv - ^ m er licht , wjj zagen nn dat het een eenzaan , somber gebouw was met het opschrift : > ( hagny la Horgne .",1
"dagbladen leggen thans reeds die redevoering in hunnen geest uit , pochen op het bestaan eeuer partij in Duitschland , die zich verzet tegen het nemen van territorische compensatie , en zij putten daaruit verdere gronden tot het aanmoedigen der massa ' s om langen weerstand te bieden . Beschouwt men de zaak van deze zijde , dan verkrijgt de agitatie , door den heer Jacoby op het getouw gezet , eene geheel andere beteekenis . Onze vijanden aan te",0
"de hoofden heen , en ik moet u guluit bekennen , dat de Marseilïaise uit dien mond vrij wat aangenamer klonk , dan uit de kelen mijner demonstratie - genooten , al is het dan ook een volkslied voor de massa . Het refrein werd natuurlijk in koor gezongen , en toen het lied geëindigd was , deed de zangeres in een heereuhoed , die daarvoor gerequireerd werd , een inzameling piur les blessés . De menigte geleidde haar toen",0
"proklameeren , bestaande uit de hh . Trochu , Gambetta , Jules Simon , Pelletan , Jules Favre , Jules Ferry , de Kératry , Crémieux , Picard en Grévy . — 8j ure ' s avonds . Een tallooze massa op het stadhuisplein eischt het uitroepen van de republiek . Men verzekert , dat het voorloopig bewind is ingesteld . De orde is niet gestoord , — De Patrie deelt ' mede , dat de fransche regering langs diplomatieken",1
"Parijs , 29 Julij . De Keizer , gister morgen met zijn zoon naar het Rijnleger vertrokken , passeerde te één uur Epernay , waar de bevolking , iv massa zaamgestroomd , zoowel in als buiten het station , hem met geestdriftvol gejuich begroette . Een paar uur later arriveerde de trein te Chalons , waar Z . M . werd opgewacht door maarschalk Canrobert en verscheiden generaals ,",1
"De Tcnige voitomng "" Was tel In brand steken dier kbnipongs . "" ' ' ! j Dat geen der boosdoeners gezien werd mag voor ff . E . E . duidelijk zijn , voor ons niet ; een groote massa eilanders toch hebben zich vertoond , liefst in een zeer vijkndige houding , én til h Yèilig dat daaronder eenige , zoo niet vele c ' er misdadigers zich bevonden Wat voor c 1 e Hnofden ' demonstratie een",1
"ten doel om invloed op de groote steden uit te oefenen . Te regt ziet men in , dat zoo Parijs , Lyon , Bordeaux , Marseille en al die steden , welke liberale afgevaardigden hebben gekozen , zich in massa tegen het keizerrijk verklaren , deze minderheid zeer veel ontnemen zou aan de beteekenis der meerderheid . Vandaar dat vooral op de groote steden zal worden gewerkt . De Keizer zelf zal zich tot eiken kiezer in het bijzonder",0
"koortsachtige werkzaamheid , roept individuele en collective medewerking op , brengt geld bijeen , rigt overal brieven heen , en dit comité wordt door vele bladen als de kern dqr aanstaande conservatieve partij begroet . Op alle wijzen moet de massa bewerkt worden ; de Keizer , door de overgroote meerderheid des volks gekozen , wil de zoogenaamd constitutionele hervormingen ook door de stemming des volks doen bekrachtigen . En , om die menigte te bewerken , wordt haar deze",0
". Hij weet , dat de nieuwe grondwet , langs autrocratischen weg tot stand gekomen , is voorzien met het zegel niet van de natie , maar van den grooten hoop , van de wel talrijke maar niet zeer diepdenkende massa , aan wie het algemeen stemregt is toevertrouwd . Op de planken een democratische Regering en een parlementair stelsel ; achter de coulissen het autoritair gezag gehandhaafd en slechts de meest hinderlijke wiswassen van dat stelsel weggenomen . Als",0
"maar alleen hun de wensch kenbaar gemaakt om , met het oog op hoogere belangen , liever te blijven . Toen voor eenigen tijd de toestand der oppositie slechter werd , nam men in overweging , of men zich in massa zou verwijderen dan wel tot het einde toe den strijd zou volharden . Men besloot tot het laatste , maar sedert dien , tijd is de controle op de passen aan de grenzen versterkt . Er worden groote toebereidselen",1
": Zondag jl . heeft tusschen een paar echtelieden , wonende nabij de Antwerpsche poort te Breda , een duel met de vuist plaats gehad en wel op het ruime exercitieplein op den wal , nabij genoemde poort . Een massa getuigen was daarbij tegenwoordig . Dit zonderlinge tweegevecht was , zooals in den regel bij soortgelijke zaken meestal het geval is , het gevolg eener weinig beduidende oneenigheid , die ter . slotte zoo hoog liep dat vrouw -",1
"een kroeg en trachtte , een hunner de kas van den kastelein te veroveren . Daar dit nu juist niet in den smaak vau den eigenaar viel begon deze te schreeuwen toeloong en maling , waarop in een oogenblik een massa volk op de been kwam en ook de gardoe met knoope scharen . De militair [ het moet er nog wel een geweest zijn die strepen droeg ] drong evenwel door de massa volk heen en wilde liefst niet",1
"maling , waarop in een oogenblik een massa volk op de been kwam en ook de gardoe met knoope scharen . De militair [ het moet er nog wel een geweest zijn die strepen droeg ] drong evenwel door de massa volk heen en wilde liefst niet met de hoofdwacht kennis maken . Daar zijn politie - muts achterbleef zal dat heerschap wel te ontdekken ziju en dan : wel moge ' t hem bekomen ! — De landdraad heeft",1
"kunnen zijn , mogt Scheveningen zich gisteren van den vroegen morgen tot den laten nacht weer verheugen met een zoo aanzienlijk aantal bezoekers , als men nog maar zelden heeft beleefd ; : — en in weerwil van die ontzettende massa menschen en rijtuigen , had men , zoover althans bekend is , geen enkel ongeluk of eenige stoornis der goede orde te betreuren ; eere aan wien eere toekomt ; de Scheveningsche politie handhaafde uitmuntend haren goeden naam ,",1
"ten doel stelt meer intelligente keuzen te verzekeren , meer gelegenheid te geven dat de Vertegenwoordiging zij zamengesteld uit de bekwaamste en onafhankelijkste mannen deslands , eene misleiding , öf van zich zeiven óf van anderen . En uit de massa der onwetenden , onverschilligen en afhankelijken is dit resultaat niet te verwachten . Het Algemeen Dagblad raadt ons » verstokte liberalen van ' 48 "" — gelijk het ons noemt , — liever in tijds te buigen dan gebroken",0
"minder dan vijftig extra treinen zullen loopen , Daaruit reeds kau men opmaken hoe het hier in de straten wemelt en krioelt . Bjj na zou men vreezen dat de stoet geen doortocht zou vinden door die dicht opeen gedrongen massa , doch alles schikt zich in de wereld , want zii ' , daar komt ile trein iv plechtstatigen optocht , eu kalm en ordeljjk trekt zij langs de menachenmassa , tlie zich plotseling vaneen scheidt . Hoe helder",1
", hoe meer in de juiste verhouding harer sterkten , deze openbare meeningen vertegenwoordigd zijn , des te meer is de Vertegenwoordiging in wezenlijkheid , de Vertegenwoordiging van het geheele land en van het geheele volk . Trek van de massa der niet kiezende kiezers hen af , die uit gemakzucht , uit onverschilligheid , uit onwetendheid hunne stemmen niet uitbrengen ; er zal nog een groot getal overblijven dat te huis blijft omdat de vraag van de opinie in",0
"waartoe de bekende vraag van den minister Giskra omtrent de hervorming van het kiesstelsel aanleiding heeft gegeven . i > Op de zamenstelling van het Huis van Afgevaardigden van den rijksraad zal de gedeeltelijke wijziging in de stemming van de massa der bevolking waarschijnlijk vooreerst geen zeer merkbaren invloed uitoefenen , daar de leden van den rijksraad slechts ten deele uit de landdagen gekozen worden . Daarentegen is het niet onwaarschijnlijk dat in het Huis van afgevaardigden , al is",0
"het werk te slaan . Een aantal ' hunner voorzag zich vroegtijdig van kaart - ' jes en — fluitjes , en daarmede gewapend , namen zij op het aangekondigde uur be - [ zit van hunne plaatsen . De massa volks , die toestroomde , was nog grooter dan op den vorigen avond , en velen moesten worden teruggezonden , daar er voor hen geen plaats meer was . De policie za "" zich op nieuw genoodzaakt tot o",0
"smaak viel . Twee grooto partijen stonden bij en na de verkiezingen tegen elkander over , de republikeinsche en de democratisch monarchistische . De eerste heeft haar ontstaan te danken aan de September - revolutie ; het is eene digte massa met één gedachte : geen koning of koningin weder in Spanje toe tc laten . Niet zoo eensgezind waren zij die zich onder de tweede partij groepeerden ; daar eenheid en overeenstemming , hier een zamenstel van allerlei oude",0
"elkander ten dezen aanzien op een haar . Bij Roorasche en Qnroomsche ultra ' s , is dat populariseeren van het stemrecht een niet onaardig kunststukje . Zoolang de meerderheid nog niet verlicht genoeg is , zullen zij bij de massa steun zoeken en ook , hoewel slechts tijdelijk , naar wij hopen , er steun bij vinden . Hetgeen de patriotische partij wenscht te vinden is een groot aantal , dat op bevel allerlei evolutiën maakt , zonder er",0
"Pruisens hoofdstad plaats gehad hebbende openlijke zitting der algemeene vergadering van de Algemeene Duitsche Arbeidersvereniging maakte een buitengewoo "" ) treurigen indruk . Politie was er genoeg iu eu buiteu het gansch niet ruime locaal der vereeuigiugsplaats , iuaar de massa ' s , aan welke „ Berlijn toebehoort "" waren er niet te vinden . Hoogstens 200 a 300 onopmerkzame toehoorders , die voortdurend door de schel van Sebweitzer tot rust en stilte moesten gebragt worden , hoorden de",0
"het land ; juist de soort van gouvernement waaraan nu onlangs in Frankrijk , door het tot stand komen van een constitutioneel ministerie , een einde is gemaakt . Het is , r van dit standpunt uitgaande , consequent de massa der kiezers zoo ' hoog mogelijk op te voeren . Hoe grooter het aantal is , des te beter staan de kansen om te speculeren . Hoe meer nullen de heer Heemskerk achter zijne eenheid verkrijgt , des te",0
"stemregt omdat het tot een buitensporig despotisme leidt waarvan de uitspattingen veel gevaarlijker zijn dan dio der democratie . Vooral daarom is het algemeen stemregt gevaarlijk , omdat het de magt in handen van een enkelen speelt . De groote massa ontvlamt niet in geestdrift voor de eene of andere beraadslagende vergadering ; daarentegen laat zij zich medeslepen en trekt zij partij voor den eersten den besten , die door magt of kracht weet te verblinden . In het oude",0
"oppositie to voeren togen alles en iodern , scheen hem niet de beste wgzo om zijn volk te verbeten , doch hij sloot zich aan bij de liberale partij , op welke hg ' a gist werkte , de geheele massa doordringende en opheffende Hij was niet negatief maar positief ; hg ' handelde , hij steldtmaatregelen voor , en dwong de regeering met stalen geestaacht die ten laatste aan te nemen . Meiheeft John Bright wel eens het volksgeweten",0
". De gangen om en bij den eastronomischen toren , zooals men daar het observatorium noemt , waren opgevuld met mannen ia livrei en uniform , met hofdames en pages , met kameniortjes en gepoederde stalknechts . Door die bonte massa heen te dringen , werd beproefd , maar gelukte niet . Het was eerst langs een omweg , dat de koene spuitgasten konden doordringen t » t de plaats , waar de vlammen woedden . Van dak tot dak",1
"a . de volgende woorden aan van den heer Pirmez , den vertegenwoordiger in de belgische Kamer : • Vooral daarom is het algemeen stemregt gevaarlijk , omdat het de magt iv lianden van een eiiltelen speelt . De groote massa ont - Tlamt niet in geestdrift voor de eeue of andere beraadslagende vergadering ; daarentegen laat zij zicli medesiepen en trekt zij partij voor den eersten den besten , die door magt of kracht weet te verblinden , ln",0
"voorzitter heeft verklaard , dat het dagelijksch bestuur omtrent deze zaak in de volgende vergadering een voorstel zoude doen . Te Utrecht was bij het ter aarde bestollen van het lijk van den onder - officier Hubner , een groote massa volk , daartoe door do muziek gelokt , op de been ; onder deze bevonden zich vele straatjongens , die de baldadigheid hadden met sneeuwballen te werpen , vooral hadden zij hot op vrouwen gemunt ; toen daarover geklaagd",1
"op vrouwen gemunt ; toen daarover geklaagd werd , maakte de politie zich van een dier straatjongens meestor , en werden hem een paar oorvijgen gegeven , terwijl hij daarop naar het hulpbureau aan de Wittevrouwenbarrière werd meegenomen ; de massa volk , dit ziende , trok partij voor den jeugdigen arrestant en drong het politiebureau mee binnen , met bedreiging tegen de twee aanwezigen agenten , om den jongen los te laten ; deze , hun | pligt kennende",1
"in het gelid staan . "" Men beweerde , dat de heer von Bismarck deze uitdrukking had gebruikt in een rede , door hem in den Bgksdag gehouden , en bieraan had de redactie de opmerking toegevoegd , dat de massa in den regel het meest ontzag gevoelt voor hem , die haar het minst ontziet . Hierin had de politie hoonende uitdruklringen gezien voor den Bondskanselier , die aanleiding gaven tot het doen der aanklacht . Het openbaar ministerie",0
"Luxemburg als een voorwaarde gesteld hebben van liunne aanneming eener portefeuille . Vroeger waren er eenige voorstanders van Luxemburgs vereeniging met den Noord - duitschen Bond , vooral industriëelen , die uit partikulier belang zoo oordeelden ; maar de groote massa zou , bijaldien aan de autonomie van het groothertogdom een einde moest komen , de inlijving bij Pruissen of bij België wenschen . Sedert de jongste gebeurtenissen heeft Frankrijk hier geen partij meer ; België daarentegen zag zijne partij",0
"bovengenoemde heeren , met de harmonie St . Cecilia aan ' t hoofd en onder het luiden der klok , in plegtigen optogt , huiswaarts gevoerd . Het zal niet gezegd behoeven te worden , dat bij dit alles een massa menschen tegenwoordig was . Ieder ingezetene ging hen ten hunnen huize geluk wenschen , alwaar alles een feestelijk aanzien had , en aangezien hun woning te bekrompen was , had men een flinke , overdekte tent aangeoragt , zoodat",1
"Potis 6n noeden > als er tegen een grooter of kleiner * SBa moet worden gereageerd ; zoolang zullen de » rede Bre ' e ' ders met gematigde vertegenwoordigers ide » o . unnen zijn . Maar omdat die massa en die > « ers uj | . i is uj . "" aren aard opposanten zijn , zullen zij ook ge , BPot ' 6n UBar de Tergaderingen zenden , zoodra het iD_ bestuur door etn gematigd gouvernement",0
"om kan de theorie van het staatsrecht niet als algemeene stelling het suffrage universel huldigen . Wanneer een volk een massa leden bezit die voor het zelfstandig uitoefenen van het kiesrecht ten eeuenmale ongeschikt zijn , dan moet aan die massa in het algemeen belang dat recht worden onthouden . Voor het oogenblik is in Nederland het aantal ongeschikten nog zeer groot en van de noodzakelijkheid eener reactie tegen persoonlijke willekeur , gelyk in Frankrijk en Noord - Duitschland bestaat",0
"en dan zijt gij verloren ! "" Dit argument scheen te helpen en hij liet zich leiden . Intusschen groeide de menigte aan en dat verbitterde den beschonkene en hinderde de jufvrouw . Deze keert zich om en bezweert de massa haar toch niet te volgen , want als de politie het ziet ; dan is de jongen verloren ! Men lacht haar uit ; maar wat deert dit haar ? Zij nadert allengs meer en meer tot de woning",1
"in den loop dier discussie aflegden , het bewijs dat het ministerie van het bezit vau Rome afzag en ' s Pausen wereldlijk gezag bevestigen wilde ; hiertegen een opzienbarend protest willende inbrengen , besloot de linker zijde om in massa ( zij is omstreeks honderd vijftig stemmen sterk ) ontslag als leden der Kamer te nemen en een beroep op de kiezers te doen . De uitvoering van dit besluit is tegengehouden door nadere verklaringen van de zijde der",0
"milliorn blanko briefjes in de stembus te werpen , en daaru . eé te zeggen : Wij willen de republiek niet , maar « rij willen evenmin de allccnheersching Zij heeft hi t niet gedaan Zij . heeft gestemd in massa , uit één stuk , als een nieuwe hertslederen broek Zij heelt Hit zij zoo , maar wij vragen alleen , of dio aanhoudende en stelstlmaligt ' abükatie d » n narra van politiek mag dragen . Wij vragen",0
"kunnen uitoefenen , maar zal het , zoo het kan , het stemregt doen afdalen tot in die digte volksmassa ' s alwaar de duisternis der onkunde heerscht ; immers het ministerie weet wel dat er geen licht uit die massa ' s zal voortkomen , maar dat er eene meer volstrekte onderwerping aan den invloed der geestelijkheid zal aangetroffen worden . Zijne vurigste aanhangers verklaren , op die wijze den weg voor de in voering van het algemeen stemregt",0
"gelegd en oene overwinning als ondanks zijner behaald beschouwd worden . Hedenmorgen is de inschrijving op de leening van 730 millioen geopend . Reeds gisterenavond om 912 ure sloeg het volk onder de arcaden van het ministerie van financiën in massa zijn nachtleger op , om den volgenden ochtend niet achteraan in de file te staan . Die file was hedenochtend dan ook eene aanzienlijke . Hoofdzakelijk bestond ze uit handwerkslieden en petite bourgeoisie . Duitschers zyn er nog genoeg",1
", maar zal het , zoo het kan , het stemregt doen afdalen tot in die digte volksmassa ' s , waar de duisternis der onkunde heerscht ; immers het Ministerie woet wel , dat er geen licht uit die massa ' s zal voortkomen , maar dat er eene meer volstrekte onderwerping aan den invloed der geestelijkheid zal aangetroffen worden . Zijne vurigste aanhangers verklaren , op die wijzeden weg voor de invoering van het algemeen stemregt te wil",0
"de dorpsherberg iets gebruiken . Terwijl hij zat te eten kwam een boer binnen , vervolgens kwamen er twee , daarna drie , toen vertoonden zij zich aan de deuren en aan de vensters , en eindelijk was het een massa zooals men die in de tweede acte van Guillaume Teil ziet . Die lieden fluisterden , namen den vreemdeling op en eindelijk kwam er een naar hem toe om te vragen wie hn was . Daar Jeannerod geen papieren",1
"werden vervoerd , nog de opmerking toe te voc - en , dat bij hun aankomst aldaar , tusschen 2 en halt 3 uur "" de stationschef , de heer Justea de la Passieres wetende ■ dat ' nog ecu massa teleurgestelde reizigers zoude volgen , znn post verlaten had , zonder iemand als zijn plaatsvervanger achter te laten ; dat op de herhaalde vraag om hem te doen ontbieden , ten kntwoo . d gegeven werd , dat «",1
"in het Huizinger veld , tusschen sluis 4 en 5 . De eerste prijs werd behaald door R . Sikkes , de tweede door de Bruin en de derde door J . Masman . Het buitengewoon schoone weder lokte eene massa menschen tot bijwoning uit .",1
"inel vlaggen gelooid ' . stoomschip Scliaiiwen , vermengde - zich te . twaalf uur , met . de eeieschoten - van het fort i Zeelandia ; des namiddags trokken de volksspelen en des avonds het vuur wei k een massa toeschouwers ; ' naar het Gouvernemeutsplein , en een luis * . , tcrrjjk . bal ten , besloot bet . • - necftt ' van f den , . ■ Eene ordo , zooals bij dergelijke gelegenheden elders",1
"uit een zeker getal afdeelingen . Die disfrictsvereenigiagen organiseeren volksvergaderingen , zenden sprekers uit naar de kleinere afdeelingen , dragen zorg voor de verspreiding van democratische vlugschriften , brengen dag - en weekbladen van die kleur onder de oogen der massa , in één woord : zij zijn als het ware de actieve troepen , zij doen workelijken véldöienst . Alsof dit nog niet genoeg watfe / zendt het hoofdbestuur geregeld naar verschillende oorden des lands hoofdleiders delpartij . die",0
"houdt men zich niet meer bezig met staatkundige , maar alleen met sociale vraagstukken te behandelen . De strijd tegen den vreemdeling , den indringer , wordt door de leiders van die separatistische beweging hoofdzakelijk als voorwendsel gebruikt om de massa , die door vaderlandsliefde opgewonden is , beter met hen te doen medegaan en met hare hulp hunne socialistischo hersenschimmen , wier einddoel is eene eenvoudige verdeeliug van de eigendommen en bezittingen , ten uitvoer te kunnen brengen .",0
"— Op ien erf achter het huis van den Kommandant , alhier , groeit een Pisangboom waaruit 13 trossen hun gouden vruchten het vei baasde oog van den inlander doen tcgenblinken . Des morgens vroeg kan men daaromheen een groote massa volk zien , die , tot groot profijt van den eigenaar , zilver - en kopergeld offeren en deze in waarheid vreemde vegetatie voor een mirakel uitkryten . — De volksfeesten , die de opening van den nieuwen weg",1
"nabijzijnd tijdstip werd opgeroepen tot het verkiezen der Commune , terwijl een hoofdofficier van de nationale garde aankondigde dat het Bewind tot de algemeene volkswapening besloten had . Op dat oogenblik vielen er eenige geweerschoten op het stadhuisplein ; eene massa volks vlugtte in angst , terwijl zekere lieden riepen : » Te wapen ! wij worden verraden , het Bewind schiet op de nationale garde en op de weerlooze bevolking ; naar de barricaden ! "" Daar het bij",1
". — Of een erf achter hel huis van den Koramandant , alhier , groeit een Pisangboom waaruit Li trossen hun gouden vruchten bet verbaasde oog van den inlander doen tegenblinken . Des morgens vroeg kau men daaromheen een groote massa volk zien , die . tut groot profijt van eigenaar , zilver - en kopergeld offeren en deze in waarheid vreemde \ egftatie voor een mirakel tlitkrijten — De volksfeesten , die de opening van den nieuwen weg tussehen",1
"waarin de uitgestrekte toebereidselen voor de verdediging van Parijs door de vaderlandsliefde der bevolking in bijzonderheden worden medegedeeld , en . eefi wefeprekemfr beroep werdt gedaan op de burgers tan alle departementen , om hunne onverschillignèialt W leggen en in massa zich te verheffen om dei nationalen oörwg aan te vangen . De verkiezingen zijn voor onbepaaldeo tijd verdaagd , uithoofde van de onmogelijkheid om io drieëntwintig departementen te stemmen . . . V . Londen , 11 Oktober .",0
"^ j , SofJ ^ nn schudde het hoofd op het zwijgende tvirZ , - Z , ' nß chefs op zjjn locale kennis en on % t . . v ° lstrekt niets helpen al volgden we lÜö een massa uitgangen . "" Sabel schlag beet zich op de lippen en keerde zich bedaard om teneinde zjjne manschappen de noodige bevelen te gaven . Tien minuten later was het troepje op het plein bijeen zonder van den sluimerenden Mijnheer",1
"de algemeene gang des tijds te volgen , illiberaal een verouderden toestand nog voor levensvatbaar te houden . Sprekers conclusie is : geen algemeen stemregt zonder algemeene ontwikkeling . Elke uitbreiding van kiesregt is niet liberaal , omdat er tene massa onbekwame kiezers geschapen wordt . De stemmen der bekwame kiezers worden verzwakt door die der onbekwamen : hetgeen vergeleken kan worden met krachtige bouillon , die , aangelengd met water , geen kracht meer behoudt . Thans komt spreker",0
"hand uitstrekken over deze rijpe vrucht , door dien boom voortgebracht ! ( Met levendige ' toejuichingen werden dm woorden begroet . ) , — Uit Schwerin wordt aan de Weser Zeitung het voloende gemeld : Er heerscht onder de massa der bevolking hier te lande de lovendigste zucht om zich t « s verzetton tegen de pogingen , door de jonkerparty in h . t werk gesteld , om het ontwerp constitutie Q ^ r regeering te ondersteunen .",0
". ' t hoofd der linkerzijde te staan , is er mogelijkheid , dat Thiers plaats zal moeten maken voor een Prins , die door het leger regeert , of door iemand als Gambetta , die het enthousiasme van de massa te hulp roept . Het volgende staaltje nit de redevoering van Thiers zij volloende , om met zekerheid te kunnen zeggen , dat Thiers met de drie fracties der linker - zijde , die hem voor ' t oogenblik",0
"omtrent den gepleegden mooid : Het ongeduld der residentiebewoners is nog steeds toenemende . Donderdag avond had zich op een gerucht dat de misdadiger was aangekomen en voorloopig onder het stadhuis in bewaring zou worden gesteld , een zoo groote massa nieuwsgierigen op de Groenmarkt verzameld , dat de passage van de rijtuigen er door gestremd was . Een paar politie - agenten wisten echter op een slimme manier de menigte te verspreiden . Terwijj de een vertelde dat de",1
"omtrent den gepleegde moord : Het ongeduld der residentiebewoners is nog steeds toenemende . Donderdag avond had zich op een gerucht dat de misdadiger was aangekomen en voorloopig onder het stadhuis in bewaring zou worden gesteld , een zoo groote massa nieuwsgierigen op de Groenmarkt verzameld , dat de passage van de rijtuiSon er door gestremd was . Een paar politie - agenten wisten echter op een slimme manier de menigte te verspreiden . Terwijl de een vertelde dal de",1
"dat do meerderheid in het Folkething de Eerste Kamer kon duingen , hare meening te volgen . Spreker werd slechts in het kort en zeer beleetd door den minister van Éeredienst opmorkzaam gemaakt , dat zalk eene tyraonie van de massa geheel ' in strijd mot alle vrijheid moest zijn , en daarmede eindigde het driedaagsche debat zeer rustig en kalm , alsof er geen storm op handen was . Van al de belangrijke wetten , die tot hiertoe voorgelegd",0
", omtrent het vinden van de daders , is nog steeds toenemende . Donderdag avond had zich op een gerucht , dat de misdadiger was aangekomen en voorloopig onder het stadhuis in bewaring zou worden gesteld , een zoo groote massa nieuwsgierigen op de Groenmarkt verzameld , dat de passage van de rijtuigen er door gestremd was . De waarheid was , dat er een dronkaard was opgepakt , om zijn rora in ' t politiebureau uit te slapen .",0
"paar politieagenten wisten echter op een slimme manier de menigte te verspreiden . Terwijl de een vertelde dat de snoodaard zou aankomen met de Bijnspoor , verhaalde de ander dat hij aan de Hollandsche spoor werd opgewacht . In groote massa ' s stroomde de menigte naar het station , waar natuurlijk niets te zien was . Gisteren middag is weer een groote menigte naar het station van den Bijnspoor gegaan , maar — alweer zonder succes . Als curiositeit",1
"plaatsen mogt hij een weinig succes behalen , en toch gaf dit den liberalen zooveel moed , dat de beweging met verdubbelde kracht wordt voortgezet , en reeds hier en daarkomitees gevormd zijn , om eventueel bij de pastoorsverkiezingen de massa te bewerken en stemmen te verwerven . Ja zelfs willen zij de verleden jaar misl lukte grondwets - herziening weder opvatten , en hebben in dien zin reeds een adres aan den Bondsraad gerigt . — Zwitserland behoeft alzoo",0
". Thiers — zoo redeneert voorts ' het blad in zijn jongste overzigt der week — gevoelt dat hij den toestand beheerscht en meer dan ooit noodzakelijk is ; men mag zich echter niet verheelen dat de ontevredenheid bij de massa toeneemt . De loopjes van den voormaligen minister van Louia Philippe beginnen hun effect te verliezen , en de regering schijnt in plaats van de rigting der republiek te volgen , allen vooruitgang te schuwen . Het meerendeel der",0
"éoodelijke gedrang duwde ongeveer 10 minuten ; totdat een aantal politiemannen aanrukte , die oa een onderzoek te hebben ingesteld , • de verzekering gaven : - * Er is geen brand , alles is in ordef ' Toen do massa eindelijk tot bedaren - was gekomen , begon men eerst de waar - Je van de , oostolen voorwerpen te iteseffen ; deze werdt op niet minder dan een millioen roebels begroot ! Boveplien zijn eenige menschenlevens te betreuren",1
". Blijkt nu daaruit niet voldoende , dat het niet enkel de conservatieve kiezers zijn . welke wegblijven , en dat zij , die de verpligte stnmming willen , niet weten wat ze doen en in welken : zin de massa der kiezers ~ die ze willen opdrijven , zullen stemmen . • Er is iets beiers Ie doen dan de burgers te dwingen naar . de stembus te gaan . Laten wij de ' massa der , kiezers inlichten",0
", de dommekrachten des lands . In plaats van groote algemeene rigtingen , van eene liberale , van eene conservative , van eene orthodoxe rigting , vertegenwoordigd te zien , zal men kleine coterien vertegenwoordigd zien , maar die eene massa van kiezers in hun gevolg en hunne soldjj hebben . Hoe meer nullen achter het cijfer komen , des te meer zal het tellen , maar de nullen blijven nullen . In plaats dat de uitbreiding van het kiesregt",0
"1870 in het Wetgevend Ligchaam het regt van den sterkste of de theorie van het aantal verkondigd heeft . Wat spreker betreft , hij verwerpt eene theorie , die het gezag in handen speelt van de bezetenen , die de massa leiden . In naam der vrijheid is h ' y tegen de komst der liberalen aan het gezag . Hij bezweert de Vergadering een wapenstilstand der partijen te sluiten en de overeenkomst van Bordeaux voort te zetten , door",0
"ten voordaele van de onderstaudskas . De zalen en de wintertuin waren a giorno verlicht ; guirlandes van gaslichten , girandoles , lustres en doorschijnende glazen ballons verspreidden een verblindend licht over de fraai gekleede menigte . „ Een groote massa dames en h « eren , bijna allen in balkostuum gekleed , bewoog zich voor het orkest , - dat , onder leiding van Léon Daflis , zijne schoone stukken ten gehoore bragt . Te midden der uitgestrekte zaal",1
"teugel vieren . Het gezond versland der kiezers dat nooit sluimert wanneer de beurs in ' t spel is , zou kunnen protesteeren . Daarom is er geen gevaar dat in de gegeven omstandigheden de liberale partij als êene compacte massa ( gelijk vroeger tegen de missie ) thans voor de inkomsten - belasting zal stem . Tien . En dit zou toch noodig wezen , om ze in de Tweede Kamer door te drijven . Wat dan de Eerste",0
"te zien , kan men gansche dagen in de hoofdstad doorbrengen zonder iets te vinden , dal het denkbeeld geeft van een verwoeste stad . De boulevards hebben hetzelfde vrolijke en geanimeerde voorkomen van vroeger . Een elegante , bontgeschakerde massa beweegt zich voor de talrijke koffijhuizen . Ontelbare omnibussen kruisen elkaar , en hun getal wordt slechts overtroffen door het tal der fiacres , die weinige weken geleden schaarsch waren , doch nu in digte drommen aanwezig zijn ,",1
"op tegen het ontwerp te strijden met het acherpe slagzwaard , dat hij steeds tot zyne beschikking had . De clericalen bereiden intusschen een monster - petitie voor . Gebruik makende van hun bekenden invloed op do onontwikkelde gemodderen der massa , laten zy de domme boeren , welke noch lezen noch schrijven kunnen , kruisen zetten onder een verzoekschrift , waarvan de onderteekenaars evenmin een woord verstaan als van het geheele onderwerp . Natuurlijk wordt hier to kennen gegeven",0
"toeval van stemmingen , tusschenstemmingen en overstemmingen , die eene verkiezing van kandidaten ( zoo ligtelijk tot een politiek lottospel maken . Die zich met den kandidaat vereenigen geven daarvan blijk door hunne onderteekening t ' der kandidatuur . De massa der kiezers kan nu naar het krediet , dat zij voor de onderteekenaren al dan niet heeft , het krediet afmeten dat de kandidatuur verdient , en wanneer men weet wie aanbevelen , is het niet moegelijk ook de",0
"— de gang van de algemeene opinie en haar uiting door de verkiezingen gestuit zullen worden . Men weet , dat in Frankrijk de tegenstand te grooter wordt , wanneer de r . egeering zich beweegt in tegenovergestelde richting der massa ' s . « Bovendien is dit niet alles . Indien het rtichtercentrum tot den stap besluit , waarvan hierboven sprake is , zal het linkorcentru ; n aanstonds van z - jn kant bij den lieer Thiers aandringen",0
"weield naderde . Zij bleven rustig zitiën , met de handen ' ot hel gebed gevouwen . Velen echter , kwamen terstond lot de overtuiging , dat bet eene aardbeving . was Mij verschrikte het meest het gezicht van die massa « ie op banden en voiten 4e deur uitkroop . Een echter opende in doodsangst bet venster , klom op de dakgoot , die geen voet breed is liep naar de andere zijde waar de bliksemafleider is en liet",1
", ontvlamt door één enkel woord vau het eene einde van het land tot het andere als buskruit . Te Parijs heelt men üikwy ' ls vreeselijke dingen gezien , ten gevolge der magnetische kracht , die plotseling op de massa werkt . Werklieden , die aan niets dachten dan aan zich te vermaken en te lachen , werden door één woord uit den moud vau een onbekende tot de afschuwelijkste uitspattingen gedreven . Er roept iemand : ter dood",0
"waarna ongeveer ten 3 ure de bijeenkomst eindigde en de menigte zich door de stad en langs de zee verspreidde , om den aanleg der nieuwe havenwerken te beschouwen . Om 5 en 6 uur vertrokken de stoombooten met de massa bezoekers van elders .",1
"jaar sukkelt en de vrouw door de pokken werd aangetast . Daar voor den stal door een ander ƒ1 . 50 werd geboden , werd het gezin door de verhuurster , die boven woont , op straat gezet . Een massa volks verzamelde zich voor het huis , op de kreten van afkeuring volgde spoedig een steenregen tegen de ruiten . Ware de politie niet tusschen beiden gekomen , de verhuurster had het erger misschien ontgolden . De uitgezetten hebben",1
"matigen zich deze , eigenmagtig zich opwerpende , Vereenigingen van enkele kiezers het gezag aan , over de stemmen van de massa hunner medekiezers eene leiding , voogdij en directie uit te oefenen , volgens een programma dat door de massa der kiezers niet ontworpen en niet gehomologeerd is , ja zelfs niet door de meerderheid der tot ééne partij behoorende kiezers ? De heer L . beproeft om deze vraag heen te gaan . De Kiesvereeniging is slechts eene",0
"lijden , en toch hoort men van tijd tot tijd , dat ze hier of daar elkander nog geducht in de kraag pakken . Ook te Baarn moet het 1 . 1 . Zondag niet rustig zijn geweest . Een massa volk ging steeds joelende langs de straat ; men dreigde elkaar ook met het scherp . De gewone policie schoot voor de handhaving der wet te kort , zoodat de militaire macht is ingeroepen . ' S £ rß",1
"meest altijd vele nieuwsgierigen ; dit was hier ook het geval . Weldra vernam men van alle kanten een afkeurend gemompel ; luider en luider werden de kreten , totdat eenigen uit de verzamelde menigte , die tot eene kolossale massa was aangegroeid , tot dadelijkheden overgingen en door een steenregen bijna alle glasruiten in de boven - en benedenwoning van genoemde weduwe verbrijzelden . Ware de gemeente en rijkspolitie niet spoedig komen opdagen , dan zou het niet onmogelijk",1
"sukkelt en de vrouw door de pokken werd aangetast . Daar voor den stal door een ander ƒ 1 . 50 werd geboden , werd het gezin door de verhuurster , die boven woont , op straat gezet . Een massa volks verzamelde zich voor het huis , op de kreten van afkeuring volgde spoedig een steenregen tegen de ruiten . Ware de politie niet tusschen beiden gekomen , de verhuurster had het erger misschien ontgolden . De uitgezetten hebben",1
", door _ich uiterst verbaasd te houden over hun ilagt , dat hij niet konservatief genoeg . ou zijn . Wel ! hij was zelfs meer konservatief dan de Regterzijde zelve . Het was mogelijk , dat onder de groote massa ambtenaren hier ot daar eene benoeming in ietwat radikalen zin was uitgevallen , maar het beste goevernement kan zich met de keuze van ambtenaren wel eens vergissen . En wat de jongste verkiezingen betrof , dat kon de Regering",0
"sukkelt en de vrouw door de pokken werd aangetast . Daar voor den stal door een ander ƒ 1 , 60 werd geboden , werd het gezin door de verhuurster , die boven woont , op straat gezet . Een massa volks verzamelde zich voor het huis , op de kreten van afkeuring volgde spoedig een steenregen tegen de ruiten . Ware de politie niet tusschen beide gekomen , de verhuurster had het erger misschien ontgolden . De uitgezetten hebben",1
"46 stemmen . Zij werd alzoo met eenige stemmen meerderheid aangenomen en de orthodoxen hadden de overhand . Of het nu tot eene breuk zal komen is nog niet te zeggen . Het is echter zeer waarschijnlijk , daar de massa , welke niet vertegenwoordigd is in de synode , tot de liberale rigting behoort , en men niet kan aannemen , dat deze zich onderrwerpen zal aan de reactionaire besluiten van Guizot en de zgnen . Het katholicisme in",0
"ƒ 50 terug te brengen tot ƒ 24 en voor al de overige gemeenten een uniformen census van f 20 aan te nemen , werkelijk het moreel en verstandelijk gehalte van het kiezerspersoneel verhoogd en versterkt wordt , dat de massa dezer nieuwe kiezers mannen zijn politiBch rijp en ontwikkeld , zelfstandig door maatschappelijke positie en geschikt voor een eigen zelfstandig oordeel . Er moet t in één woord , zal de gansche herziening niet zijn een greep in het",1
"slaven . De houding van velen vóór en tijdens , en van enkelen ook nog na het Vatikaansche Koncilie , was trouwens onder dit opzigt welsprekend genoeg . Er heeft inderdaad eenig gevaar bestaan , dat zeker niet de groote massa in Duitschland , maar toch eene niet te versmaden minderheid zich bij de < n < d - katholieke beweging ging aansluiten . Dat gevaar is thans voorbij , entotaal voorbij . Bismarck zelf heeft zijn aandeel tot de",0
"aleehts 71 , 000 stemgerechtigde burgers , die iv de ttad geboren waren , eu 113 , 000 , die vau buiten af waren gekomen . Onder de laatsten waren er zeer vele leren . Op deze ruwe eu onwetende massa stemden de demagogen . De stemmen van den gezeten middenstand verdwenen in die meerderheid . Ook waa die klasse veel te onverschillig en te zeer mat hare eigene zaken vervuld , om met kracht optetredtn tegen dit politiek gevaar",0
"middel : afschaffing van het algemeen stemrecht . "" Wat in America plaats heeft , zou wel niet dadelijk op dezelfde groote schaal iv Nederland wordeu overgeplaut , maar geleidelijk zouden zich ook hier soortgelijke verschijnselen voordoen . De ruwe massa , door intriganten geleid , zou de verstandelijke meerderheid overstemmen , en de maatschappij zou geiegeerd worden van ouder op , in plasts dat de leiding van boven uitging . In theorie moge het algemeen stemrecht te verdedigen wezen",0
"dagen voortdurend vertoogen openbaar gemaakt , waarin zij aandringen op eene hervorming van het heerenhuis , en verlangen , dat de regering een voorstel in dezen geest zal doen . Van andere zijde evenwel wordt de benoeming van Pairs in massa nog altijd als aanstaande voorgesteld . Alsof de benoeming van een veertigtal nieuwe leden genoegzaam zou zijn om de meerderheid te verplaatsen 1 Zij , die meenen , dat een voorstel van de regering zal uitgaan , willen weten",0
"vrije : voeten zou worden gesteld . Toen , gelijk van zelf spreekt , aan dezen onrechtmatigen eiscb niet voldaan werd , begon men , in weerwil dat vele bezadigde ingezetenen alle pogingen in het werk stelden , om de massa tot bedaren te brengen , de straatsteenen op te breken . Een hagelbui van projektielen verbrijzelde weldra de ruiten eler stadhuisramen . De policie niet bij machte zijnde om het geweld tegen te gaan , werden troepen uit Neurenberg",1
"liever niet , en de Grondwet nam , in gelijke omstandigheden , den man van Burgerpligt over , al had hij hem liever niet . Aldus werd de overlevering , dat de verkiezingen moeten « gedirigeerd "" , en de massa der kiezers onder de voogdij van een zich zelf opwerpend comité van medekiezers gesteld worden , in stand gehouden . Dit jaar echter hebben Burgerpligt en de Grondwet niet voor elkander uitgehaald , doch integendeel elkander in de wielen",0
"te Haltimore . De Democratische leiders gaven hunne beginselen op e i verkoehU ' n zi > . ii aan hun ouden vijand Jloüa "" i : Greeleï , om in magt te komen , < fo - li de massa der Democratische partij weigerde deze schandelijke verradeiij en misbruik van vertrouwen goed te keuren , en de tienduizenden Democraten door het gchetle land bleven te huis of stemden voor Grant , welk laatste door duizenden Democraten gedaan is .",0
"door het gchetle land bleven te huis of stemden voor Grant , welk laatste door duizenden Democraten gedaan is . De Dccio ' . iatischc leiders hebben einc geduchte les geleerd . Zij ver trouwden : r op dat de massa der Democratische partij , zooals zij vroeger altijd deed , hen zou volgen en voor de mannen stemmen , die zij goed dachten te benoemen . Doch zij maakten cene deerlijke vergissing . De Democintcn kwamen altijd trouw en",0
"jagermeester zijne honden IoS en weinige minuten daarna gaf hun gehuil te kennen , dat zij een vos op het spoor waren . De vos dron < ? door hunne gelederen heen , maar werd teruggedreven , door de groote massa voetgangers , die in groepen over de heuvels verspreid waren en zocht daarop in de rigting der kolenmijnen een goed heenkomen , doch werd ten slotte volkomen omsingeld en afgemaakt . Hare Majesteit onderhield zich gemeenzaam met don heer",1
"zoo groote toeloop van spelers , dat voortdurend , van de opening tot de sluiting der zaal , zeven a acht rijen zich om de speeltafel verdrongen . Te verwonderen was het dan ook niet , dat er in die massa van hartstogtelijke en opgewonden spelers , waaronder zich natuurlijk tal van gaauwdieven gemengd hadden , zeer vele twisten en onaangenaamheden voorvielen . Telkens moest men het spel doen ophouden en eenige personen wegjagen of zelfs arresteren , maar in",1
", de opperjagermeester , zijne honden los en weinige minuten daarna gaf hun gehuil te kennen , dat zy den vos op het spoor waren . De vos drong door hunne gelederen heen , maar werd teruggedreven door de groote massa voetgangers , die in groepen over de heuvels verspreid waren en zocht daarop in de richting der kolenmijnen een goed heenkomen , doch werd tea slotte volkomen omsingeld en afgemaakt . Hare Majesteit onderhield zich gemeenzaam mot deu heer",1
"groote toeloop van spelers , dat voortdurend , van de opening tot de sluiting der zaal , zeven a acht x rijen zich om de speeltafel verdrongen . Te verwonderen was het dan ook niet , dat er in die massa van hartstogtelijke en opgewonden spelers , waaronder zich natuurlijk tal van gaauwdieven gemengd hadden , zeer vele twisten en onaangenaamheden voorvielen . Telkens moest men het spel doen ophouden en eenige personen wegjagen of zelfs arresteren , maar in",1
", de opperjagermeester , zijne honden los en weinige minuten daarna gaf hun gehuil te kennen , dat zjj den vos op het spoor waren . De vos drong door hunne gelederen heen , maar werd teruggedreven door de groote massa voetgangers , die in groepen over de heuvels verspreid waren en zocht daarop in de rigtiug der kolenmijnen een goed heenkomen , doch werd ten slotte volkomen omsingeld afgemaakt . Hare Majesteit onderhield zich gemeenzaam met den heer Askew",1
"sterven , en dat men zich afvroeg , of het niet geraden was , bij tijds voor een opvolger te zorgen . Het ontslag , dat Thiers weinige dagen ° geleden eerst aanbood , schijnt de meer nadenkenden onder de massa , meer en meer tot het besef te hebben gebracht , dat deze quaestie rijp was voor een beslissing , en de vergadering van hot rechtercentrum werd dan ook in haar bijeenkomst van den 29ste geroepen om van deze",0
"inmiddels bezig met het overwegen van de amendementen , welke zij op dat ontwerp denken voor te stellen . » Tot dus ver , zegt een nationaal - liberaal blad , vorkondigen de oud - conservativen nog dat zij in massa tegen de wet zullen stemmen , indien daarin geene belangrijke wijzigingen in hunnen geest gemaakt worden . Intusschen mag men uit vroegero ervaring afleiden dat ten minste een deel der oud - conservativen anders handelen « zal , indien",0
"bijeenkomst is uitgesteld . A . s . Zondag wordt een talrijke deputatie uit Eijssel verwacht . Gister hadden er gedurende den geheeleu avond zamenscholingen plaats voor het hotel SaintAntoine . Tegen 9 uür was de menigte tot een digte massa aangegroeid , die vijandige kreeten aanhief . Twee schreeuwers werden gearresteerd , maar onmiddelijk weder in vrijheid gesteld . De burgemeester van Antwerpen is voor het hotel verschenen . Brussel , 33 Febr . In het Huis vau Afgevaardigden",1
"het grootste gedeelte van de stembus verwijderd . De weinige oud - katholieken van Rome hebben liever hunne eigen meening gevolgd dan aan de oproeping van Pius IX gehoor te geven , ook de geestelijk ' heid heeft zich in massa onthouden . Ondanks de vrees , waaronder de bevolking voortdurend leeft , hebben nog 1 , 820 katholieke inwoners van Rome van het stemrecht gebruik gemaakt . Maar hoe klein zou het getal stem men der liberalen niet geweest",0
"genoegen en vermaak ca vooral als er zich op het ligchaam van een dey strijdenden bloedsporen vertoonen , heefl de algemeene vreugd haar toppunt bereikt . De hartstochten zijn opgewekt : het getier en geschreeuw is oorverdoovend ; de mensehen massa , die - steeds grooter wordt , joelt wild dooreen en veeltijds beschouwt men de aardigheid eerst afgeloopen , ala een der kampioenen , met striemen overdekt en bloedend zich terugtrekt en de omstanders hem overwonnen verklaren Zijn dergelijke",1
"firma Gebr . Scholten en Co . Nog zou het hierbij gebleven zijn , ware het niet gebeurd , dat een schutter - tamboer wegens dronkenschap in het stadhuis was opgesloten geworden . Op het gerucht hiervan golfde de geheele massa arbeiders , die — naar men stellig hoort verzekeren — geen verdere booze plannen — allerminst in de stad — koesterden , naar het stadhuis en posteerde zich vóór hetzelve , zonder tot eenige wanordelijkheid over te gaan .",1
"en zijn zoontje , die , de een de pen uit den wissel ligtte en de ander den wissel zelf , te zwaar voor het kind , omwierp , op gevaar af beiden onder den trein te geraken , zooals massa menschen vóór den gesloten boom op den kerkweg aldaar staande getuigen van waren , zou de pleiziertrein aldaar ter plaatse in den grond — en de jnist van Arnhem arriverende treiu over deze henen gereden en alzoo gederailleerd z",1
"den om hulp smekenden knaap omhoog , tot eindelijk de vloed zoo ver gevorderd was , dat de jeugdige gemartelde als ' t ware in iiare armen verdronk . De Engelsehe politie heeft niet alleen te lijden van de ruwe massa , maar somtijds heeft zij overlast van positive Christenen . Voor het hof van politie in Glasgow stond jl . Maandag terecht Miss Eli ? a Malcolm , beschuldigd van Oproerig en onordelijk gedrag op de Albert Rridge .",1
"markt beviel uilmuntend : de daarop gevolgde inatinéeimrsicale niet minder . Arm en rijk smaakte ruimschoots genot . De volksspelen in den namiddag , bestaande in : lor * steken , aaltrekken , mastklimmen enz . , werden door een massa volks onder groot gejuich aanschouwd en verschaften algemeen het grootste genoegen . Het vuurwerk tegen dtn avond vol leed boven verwachting ; ' t gezicht van uit de feesttent , waar concert gegeven werd , was allt ' 1",1
"den man een slag op de hersens gaf zóó dat het oog uit zyn kas sprong en de neus nagenoeg verbryzeld raakte . De man was natuurlijk onmiddelyk een lyk . Nauwelijks was de misdaad verricht , of een ontelbare massa volk had zich voor het huis verzameld , omdat een politie - oppasser die daar vlakby ' wooudc het amok - signaal had geslagen . De onderschoutcn Scipio en Houtzagers verschenen plotseling , gaven hunne orders , ageerden zelven",1
"goede verhooging der grondbelasting op de ongebouwde eigendommen en eene daarmede overeenstemmende inkomstenbelasting op de opbrengst der personele eigendommen . Maar de grondbelasting drukt reeds zwaar op de landeigenaren , die het grootste gedeelte van het fransche volk en de massa van de kiezers uitmaken . Zij zouden ten strengste elke verhooging hunner lasten verwerpen , en elk gouvernement , dat zulk eene belasting zou willen invoeren , zou zonder twijfel zijne populariteit en welligt ook zijne magt verliezen .",0
"orde , maar tegen de Katholieke Kerk is gericht , voegt hij er deze woorden bij : die wet en derhalve alle maatregelen op grond daarvan genomen zjjn in lijnrechten strijd met de bestaande wetten . Daarmede hoopt men de massa ' s in beweging te brengen ; mer . zal trachten om tegen de rijkswet een staatkundige agitatie in het leven te roepen , want , zoo zegt h \ j , indien do / / katholieke bevolking van",0
"dio hoogeschool onvoorwaardelijk moeten saamgaan , in kort , hot was om te bewijzen , dat de burgers en studenten nauw zgn verbonden , en dat hun diezelfde geest nog bezielt als in 1672 ! Met iederen trein kwamen in massa ' s de reunisten uit iederen hoek van ons vaderland ; mannen , uitblinkende door geleerdheid , of bekend om deze of gene reden , mannen vergrijsd in da wetenschap , maar allen nog trotsch op den eernaam van",1
"en zijn zoontje , die , de een de pen uit den wissel ligite en de ander den wissel zelf , te zwaar voor het kind , omwierp , op gevaar van beiden onder den trein te geraken , zooals massa menschen vóór den gesloten boom op den kerkweg aldaar staande getuigen kunnen , zou de pleiziertrein aldaar ter plaatse in don grond — en de juist van Arnhem arriveerende trein over deze heen gereden en alzoo gederailleerd zijn ,",1
"- a3t - Waar voor den stal door een ander / 1 . 54 b - v Beuoden , werd het gezin door de verhuurster , die de e . n Wo ° nt , op straat gezet . Een massa volks verzamel - SpQZ ' ca yoor het huis , op de kreten van afkeuring volgde _iiet ' 8 een steenregeu tegen de ruiten . Ware de politie gei - . setan beiden gekomen , de verhuurster had het",1
"ƒ1000 Ned , Ct . , wegen 32832 kilogram . — In den vroegen mórgen van jl . Maandag waren op de strafplaats te Marseille twee guillotines naast elkander opgerigt , waarmede , onder toevloed van een buitengewoon groote menschen massa , de gelijktijdigei executie plaats had der beide misdadigers Sitbon en Toledano , die zich in de maand Januarij dezes jaars schuldig gemaakt hebben aan den gruwelijken moord op den heer Angelo , in de rue des Tonneliers aldaar",1
"t huis gekomen . Daar zorgden Mr , Bonaparte en zyn „ gemengd "" gezelschap wel voor . Ook dien avond was het gezelschap gemengd — en nog al vry ' sterk gemengd . Maar dat gaf aau de massa ecu zooveel te bonter en indrukwekkender voorkomen . Laat ons eerst eens een blik slaan op de ryën deidanseressen By ' na alle waren ze mooi , vele zelfs zeei mooi — maar verreweg de minderheid waren Francaises .",1
"aantal om zijn tegenstander de loef af te winnen . Thans echter moet een herstemming geschieden om den strijd te beslissen . Men gelooft algemeen , dat de liberale candidaat de overwinning zal behalen , want het volk , de massa , is het democratische element niet meer gezind . — Uit Genève wordt gemeld , dat , naar het voorbeeld op den Rigi met het aanleggen van een spoorweg gegeven , nog twee andere dergelijke bergspoorwegen zullen worden aangelegd",0
"beviel uitmuntend ; de daarop gevolgde matinée - musicale niet minder . Arm en rijk smaakte een overheerlijk genot . De volksspelen in den namiddag , beslaande ia : tonsteken , aaltrekken , mastklimmen enz . . werden door een massa volks onder ■ t gejuich aanschouwd en verschat ! rootste genoegen . Het vunrwi tegen den avond voldeed boven verwachtiug ; het grzigt van uit de feesttent , waar concert gege - . . was allerprachtigst . Ten 12",1
"aan de / / republikeinsche unie "" gereikt . Zoo is de groote republikeinsche partij , gelyk een leger , uit verschillende korpsen samengesteld , maar niettemin één . Zoo is zij in de beslissende uren , als vast aaneengesloten massa , opgerukt . Zy opent hare rangen voor al die aanhangers van verschillenden oorsprong , welke de voortschrijdende beschaving en verlichting haar toevoeren . Zij streeft er naar meer te worden dan een party : de natie zelf .",1
"der groote fabi iek van de lirma gebr . Scholten & Co . gebleven zonden zijn , ware het niet gebeurd dat een schuttertamboer wegens dronkenschap in hot Stadhuis was opgesloteu geworden . Op het gerucht hiervan golfde de geheele massa arbeiders , die — naar men stellig hoort verzekeren — geen verdere booze plannen — allerminst in de stad — koesterden , naar het stadhuis en posteerde zich • daartegenover zonder tot eenige wanerielijkheid over te gaas . Daar",1
"gebr - Scholten en Comp . Nog zou het hierbij gebleven zijn , ware het niet gebeurd , dat een schutter - tamboer wegens dronkenschap » in het stadhuis was gesloten geworden . Op het gerucht hiervan golfde de geheele massa arbeiders , die — naar men stellij * hoort verzekeren — geen verdere booze plannen — allerminst in de stad — koesterden naar het stadhuis en posteerde zich vóór hetzelve , zonder tot eenige wanordelijkheid over ie gaan .",1
"oud krachtig instemde . Maar de Hollanders hadden er niet genoeg aan en zongen of liever schreeuwden ook nog andere liederen , waarbij het / / omdat het zoo lekker is "" vooral uitkwam . Het bleek , dat de massa , in weerwil van de door het weder ondervonden teleurstelling , toch pleizier had en goedsmoeds was . Met Hollandsche bedaardheid berustte zy in het fait accompli , ofschoon men de meesten op het laatste « ogenblik niet voor",1
"zijn zoontje , die , de een de pen uit den wis - el ligtte en de ander den wissel zelf , te zwaar voor het kind , omwierp , op gevaar van beiden onder den trein te geraken zooals massa menschen vóór den gesloten boom op den kerkweg aldaar ter plaatse in den grond — en de juist van Arnhem arriveerende trein over deze heen gereden en alzoo gederailleerd zijn , waardoor duizenden menschenlevens in gevaar waren gebragt .",1
"H . van Herwerden CHzn . Waren er reeds gisteren verscheiden feestgenooten van buiten naar de stad gekomen , thans echter stroomde het onophoudelijk de Heerepoort binnen . De treinen van Nieuwe Schans , Leeuwarden en Assen bevatten eene onafzienbare massa volks . Met de pleiziertrein uit Amsterdam kwamen echter maar 400 personen , alhoewel er 1200 kaarten waren afgegeven . Men zegt dat deze weer door speculanten waren opgekocht , die ze echter niet kwijt hebben kunnen worden .",1
"de straten , deels om te hooren en te zien wat er bijzonders was , deels om een goed logement te zoeken , waar gerust geslapen kon worden . , 29 Augustus . Weer bragten de treinen heden morgen gedurig massa ' s menschen aan , allen feestgangers die zekerlijk meer pleizier hadden voor harddraverij en vuurwerk . Heden morgen 10 uur werd in het Sterrebosch een tentoonstelling geopend van bloemen , enz . , die boven verwachting uitviel .",1
"een feest te honden of komt daartoe , mot ean goad plan , een voorstel bij ' t Bestuur in , dan zal dit onmiddelijk een onderwerp van overweging uitmaken . De Nieuwe Arnh . Courant zegt , dat eene massa vreemdelingen zich op 12 jl . in do straten van Meppel bewoog , in de meening dat zg bezig waren ' t aangekondigd oogstfeest meê te helpen vieren . Toen zij hunne dwaling bemerkten , stoomden zij dadelijk naar",0
". Scholten en C ° . Nog zou het hierbij gebleven zyn , ware het niet gebeurd , dat een schutter - tamboer wegens dronkenschap in het stadhuis was opgesloten geworden . Op het gerucht hiervan , golfde de geheele massa arbeiders , die — naar men stellig hoort verzekeren — geen verdere booze plannen — allerminst in de stad — koesterden , naar het stadhuis en posteerde zich vóór hetzelve , zonder tot eenige wanordelijkheid over te gaan .",1
", daar in zulk een geval de vracht , al is . de zending nog zoo gering , 100 cent . wordt berekend . — Te Zwolle werd dezer dagen een huzaar gearresteerd , die met zijn sabel onder een massa volk in her ronde sloeg en een brigadier - majoor kwetste , liet bleek echter , dat hij . . . een metselaar was , die de husaren - kleeding van zijnen bij hem logerenden broeder had aangetrokken .",1
"de slag geleverd is , de zege . De clerikalcn , het conservatieve element gelijk zij zich noemen , beweren dat hun partij gezegevierd heeft bij de stembus , maar de liberalen beweren dat hun zegepraal slechts die der onwetende massa is . Leg de stemming der verlichte steden in de schaal tegenover die van het land , zegt de Précurscur , en zie wat gansch andere uitkomst ge dan krijgt . Beider argument is even gemakkelijk te hanteeren ,",0
", Khouw Tjeng Tjoan , heeft op den 21sten Mei iv zijn huis op Molenvliet een groot feest gegeven , dat door Europeanen , landgenooten van den gastheer en — wie verwondert zich er over ? — door een groote massa inlanders , dezen laatste echter als toeschouwers , werd bijgewoond . Er werd muziek gemaakt , gedanst , gewajangd en getopengd — alles onder het genot van een heerlijken maneschijn . De paarden van een der rijtuigen , die",1
"einde der wereld naderde . Zij bleven rustig zitten , met de handen tot het gebed gevouwen . Velen echter kwamen terstond tot de overtuiging , dat het een aardbeving was . Mij verschrikte het meest het gezicht van die massa , die op handen en voeten de deur uitkropen . Een echter opende in doodsangst het venster , klom op de dakgoot , die geen voet breed is , liep naar de andere zijde waar de bliksemafleider is en",1
"En niettegenstaande hy zyn graf voor oogen zag , was hy toch bedacht op de zaligheid der wereld , zoodat hij alle tegenspoeden en vermoeienissen ter dood toe ter zijde stellende , trachtte al het mogelyke aantewenden om de geheele massa menschen van het dreigende gevaar , waarin zy gewis zou zyn omgekomen , te redden . Om die reden verklaar ik , erkennende zyne - verdiensten , dat de oude man zich gekweten heeft van alle raad en daad",1
"zegt hij , ontvlamt door één enkel woord van het eene einde van het land tot het andere als buskruit . Te Parys heeft men dikwijls vreeselijke dingen gezien , ten gevolge der magnetische kracht , die plotseling op de massa werkt . Werklieden , die aan niets dachten dan aan zich te vermaken en telagchen , werden door één woord uit den mond van een onbekende tot de afschuwelijkste uitspattingen gedreven . Er roept iemand : ter dood !",1
"plegtige der bijeenkomst zeer verhoogde , en dat , hoe men ook moge denken over zoo danige godsdienstoefening onder den vrijen hemel , er toch eene stemming heersohte , die aan de luidruchtigheid , bij andere vereenigingen , welke gansche massa ' s menschen te zamen brengen , wel eens hinderlijk , geene plaats gaf . Dat is een goed , een verblijdend teeken des tijds en verdient niet alleen opgemerkt , maar ook met lof vermeld te worden en",0
""" voorkomende in Onü Tijd , ontleenen wij 4e voljfende regelen : ( let vrou welijk element ontbrak ( m de mijn distrik ' en zoo als die waren voêr 15 i 20 jaren ) en de goudgravers1 liepen in massa uit , coodra er maar kans was voor een kijkje op dit voor hen zoo zeldzame wezen . . een * vrouw . Oude bewoners vei halen , hoe in zeker mijnwerkers - kamp op een vreegen morgen de",1
", waarin hij zeide dat de con 1 veutie vergaderd was ter bestrijding [ van eéne vuile zamenzwering ter verwoesting der Democratische partij , ' welke schande thans volvoord werd in het Opera Hottso . Deze conventie i vertegenwoordigde de massa der Democraten , wier stem niet gehoord is . — Het gisteren aangesteld comite ' heeft het volgende adres uitgevaardigd aan de Democratie der Ver . Staten : ' ■ Met het oog op de handelingen der i Democratische",0
"enkel woord tot de kiezers gericht , maar toen ook dacht hij aan het woord van Stuart Wall : „ de vertegenwoordigende instellingen hebben weinig waarde en worden ten laatste een zuiver werktuig van tyrannie en intrigues , wanneer de massa der kiezers zich zoo weinig om haar eigen gouvernement bekreunt , dat zij zelfs de moeite niet neemt om te stemmen . "" Toen begreep de liberale regeering dat bij de onthouding der overgroote meerderheid van het italiaansche volk",0
", die niet bekend is met de locale omstandigheden . De politie heeft geen ander aandeel aan de zaak genomen , dan door zich van een paar opruiers meester te maken , die zij gearresteerd heeft te midden van een massa , die dit zonder eenig verzet toeliet . Al deze bijzonderheden van de strike in Westfalen steken scherp af bij die , welke zich gewoonlijk voordoen zoo dikwijls dergelijke werkstakingen ten onzent plaats hebben , waarvan de Borinage op",1
", welke zich tot nog toe van deelneming aan de verkiezingen onthouden hebben , eene partij is die , met openbare vijandschap tegen de nationale regering en de vrijheid onder wier bescherming wij leven , het doelmatig geoordeeld hebben in massa van de stembus weg te blijven onder de bekende » leus : nh elettori nè eletti , dat is » noch verkiezen noch zich laten verkiezen "" . Thans echter schijnen zij op eene andere gedachte gekomen te zijn",0
"niet bekend is met de locale omstandigheden . , , De politie heeft geen ander aanaeel aan de zaak genomen , dan door zich van een paar opruiers meester te maken , die zij gearresteerd heeft te midden van een massa , die dit zonder eenig verzet toeliet . Al deze bijzenderheden van de strike in Westfalen steken scherp af bij die , welke zich gewoonlijk voordoen zoo . dikwijls dergelijke werkstakingen ten onzent plaats hebben , waarvan de Borinage",1
", dat er onder hen , die zich tot dusver aan de verkiezingen onttrokken hebben , eene partij is , welke , vijandig aan ons nationaal Gouvernement en de vrijheden , waaronder wij leven , het raadzaam oordeelde zich in massa te onthouden en zich daarbg openlijk beriep op de oude leus : „ Noch kiezers , noch gekozenen ! "" Thans echter schijnt het , dat de mannen dier partij , hun oud systeem vaarwel zeggende , in het",0
"Het liedje van de Markiezinne en Herloginne was alleraardigst . bisteren avond werd in denzelfden schouwburg De vrouw uit de city , tooneelspel van Charlotte Biroh 1 feiffer , opgevoerd . Was ' s avonds te voren , toen eene massa menschen naar den Prinsentuin was gegaan tot bijwoning van het vuurwerk , de tent minder bevolkt geweest dan anders met reden had kunnen worden verwacht , ditmaal was er letterlijk geen plaats onbezet gebleven en waren velen maar blijde",1
", die zich tot nog toe van deelneming aan de verkiezingen onthouden hebben , eene party is die , met openbare vyandschap tegen de nationale regeeriag en de vrijheid onder wier bescherming wij leven , het doelmatig geoordeeld hebben in massa van de stembus weg te blijven onder de bekende leus ; n « ekttori nè eletU , dat ts / , noch verkiezen noch zich laten verkiezen . 1 hans echter schynen zy op eene andere gedachte gekomen te",0
"bijeenkomst zeer verh . ogde , ' en dat , hoe men ook moge denken over zoodanige godsdienstoefening onder den vrijen hemel , er toch eene stemming heerschte , die aa i de luidruchtigheid , bg andere vereenigingen welke gansche massa ' s menschen te zamen brengen , wel eens hinderljjk , geene plaats gaf . Dat is een goed , een verblpdend toekan des trjds en verdient niet alleen op remerkt , maar ook met lof vermeld te worden",0
"bijgewoond bij den President der Republiek . Een bewijs v . - m hare veranderde gezindheid — dat ze er voorloopig van heeft afgezien om aan Thiers moeilijkheden te bereiden — heeft de Rechterzijde thans gegeven door zonder discussie in massa te stemmen voor ' t oittruimings - verdrag met Duitschland , overeenkomstig het advies van den rapporteur der commissie , den Hertog De Broglie . Diens rapport , ' t wolk geen van de boosaardige toespelingen bevatte welke men",0
"kwaad noemt zoo onschadeliik mogelnk te maken . Bijv . een pleiziertrein brengt in zekere stad des morgens vroegti ] dig eenige honderden menschen . . Slaat gij nu , volksvermakeuveredtlaars , de hai - den ineen en laat die massa dien dag iets schoens , iets degelijks genieten ; Tracht het te voorkomen , dat aan den avond van dien dag geen brooddronken , zwierende scharen onder het uitbrullen van onzedelnke straatliederen de pleiziertreinen tot dierentreineu maken . Uwe",0
"hem door de andere hand met een scheermes een lange gapende wonde toebragt , loopende van den nek door den hals tot in het aangezigt bij den mond . Op de door den jongeling geslaakten raauwen gil , schoot eene massa volk toe , die den dader van dit ongehoorde feit omringde cn hem opdrong naar het politiebureau , waar hij door den heer inspecteur van Goor , die inmiddeis met eenige agenten van politie was toegeschoten , werd gearresteerd",1
", doch er de vraag bij gevoegd hebben , „ maar waar is de hoofdaanlegger ? "" Overigens liep die executie en de tepronkstelling van de overigen naar den overwal gebannenen met echt Inlandsche kalmte af , niettegenstaande er een massa menschen op de been waren . Geene ontroering , geen flauwvallen , geene emotie hoegenaamd . De Inlanders gaan naar dit schouwspel kijken omdat het anèh is ( zeldzaam . ) Men vangt gesprekken op als deze : Als",1
"- dit dnürde "" "" ofigeveer 20 ' minuten , toen èene versterking van vier gendarmen j te I paaïdjJenY vele > 5 politieagenten tér plaatse \ verschenen . ; . 7 r_ « ' ï ï ? • De massa trok toen zingend en schreeuwend weg naar de Groenplaats en in andere rigtingen , en was weldra verdeeld . j ; . werden talrijke personen gewónd , gulukkiglijk niet erg - en het is misf gchien . wel -",1
"naar Brielle en staan "" wij even "" stil bij "" hëtgéiéfi "" daar voorviel . "" "" Toen Z . M . ; te Rotterdam arriveerde , was het uitgestrekte terrein nabijVlen ' Rijnspoorweg , beict door eene onafzienbare massa menschen , en zoodra Z . M . zich vertoonde , steeg uit zeker , meer dan 10 , 033 kèelca ' een gejuich op , dat de grond er van dreunde . Het . was • ieder aan",1
"de fédérés , die hunne chefs eigendunkelijk kozen , tle eerbied voor den officier een kleinigheid was , waaraan men zich niet meende te mogen storen . Zoo zeide bijv . een troupier tot een officier , die door tle massa beschonkenen , welke als kalveren in een stal op tien grond lagen , zich niet heen kon worstelen , en bij ongeluk zijn voet zette op do hand van den soldaat : Hei wat , Spinazie - ridder (",1
"moeielijk zijn ecu votum van een Nederlandsche Kamer te verkrijgen , waardoor zij 70 of 80 millioen ten bate van ludië bestemt , het omgekeerde gaat gemakkelijker . „ Er is een kern in de Tweede Kamer , een aaneengesloten massa , de conservatieven ( waarbij zich thans byna alle Catholieke leden voegen ) , die tegen elke spoorwegwet voor Java zullen stemmen . Blijven dus over de liberalen . Trekken dezen niet één lijn , dan komt er niets",0
""" — Het . gelukte mij echter , er te blijven . Men kou zeker aan ! mijn gezicht zien , dat ik geen afgevaardigde was . Tesjen vijf uur bood de zaal een zonderling schouwspel aan . Altoos dezelfde massa menschen iv de tribunes . üp de banken der afgevaardigden en iv liet halfrond , bevonden zich een honderdtal nationale gar ' es , sekretarissen , verslaggevers , stenografen , kamerboden en burrau - I loopers . Die zich",1
"volgenden dag zou plaats hebben . In den nacht van 31 Maart op 1 April was er in de nabijheid van het raadhuis reeds een fraaije eerepoort met toepasselijke beelden en inscriptien versierd , opgerigt . Met ongeduld verwachtte de massa volks , die bij het in orde stel ' en der eerepoort aanwezig was , het uur van middernacht , en knalden er onmiddellijk honderden schoten , om den inwoners het aanbreken vin den zoolang verbeidden 1 April aan",1
"van Justitie de stokslagenstraf in de gevangenissen afgeschaft . Ze werd nog alleen maar toegepast wanneer de gevangenen pogingen hadden gedaan om te ontsnappen . Uit het nieuwe Rijksland wordt gemeld dat bij de keuze der nationaliteit de Elzassers in massa voor de Fransche stemmen , trouwens meestal omdat ze meenen dat daaraan zekere voordeelcn verbonden zijn , ' t geen geenszins het geval is , zoodat velen zich zeer teleurgesteld zullen vinden . Daarbij komt natuurlijk ook nog dc",0
"men het kleine stadje op eene reis naar Holland met de Rheinische Eisenbahn voorbijvliegt ? en toch is het waar : niet min leidan 400 processiën begeven zich jaarlijks daarheen , meerendeels uit verre steden of dorpen ; en de massa pelgrims ? — tellen kan tüen ze niet ; echter naar eene oppervlakkige berekening , moeten ze op I minsten - 300 , 000 geschat worden , die daar voor ' t wonderbeeld der Moeder - maagd telken jare",1
"hek van het tuintje aan het einde der Schlossfreiheit getild . Om zich een denkbeeld te maken van het ijsseljjke gevaar , waarin duvzenden verkeerden , bedenke mon slechts dat de gaslantaarns van de straatverlichting zjjn omgeduwd door de levende massa ' s , welke er tegen gedrongen werden ! Geneeskundige hulp was niet te verkregen . Na lang zoeken heeft men drie doctors en heelmeesters gevonden , die de eerste hulp hebben verleend . Dat geen voldoende maatregelen door",1
"en zijn zoontje , die , de een de pen uit den wissel ligtte en de ander den wissel zelf te zwaar voor het kind , omwierp , op gevaar Tan btiden onder den trein te geraken , zooals een massa menschen , voor den gesloten boom op den kerkweg staande , getuigen konden , zou de pleiz ' ertroin in den grond — en de juist van Arnhem arriverende trein over deze heen gereden en alzoo gederailleerd zijn ,",1
"Nederlanders bekenden zich zelven in stilte , dat men moeilp in Holland zulk een algemeene deelneming zou kunnen opwekken . Aan alle huizen vroolijke en lieve gezichten , overal waivende zakdoeken in bekoorlijke handjes , van alle zgden eene onafzienbare massa , die de congresleden uiteendrong , om als ' t ware te toonen dat allen evenzeer belang stelden m deze bijeenkomst Zoo werd de stoet letterlijk voortgedr . igen door de straten en langs de grachten van Middelburg ,",1
"ruwhouten , op drie pooten , ja zelfs driekante . Daar om heen gezeten een bende kerels , waarvan enkelen met een gelaat vol uitdrukking , geleken op gevallen engelen te midden van een legio duivelen , want inderdaad de massa ziet er schrikwekkend uit . Al wat ongewasschen gezichten , ongokamde haren , zwarte handen met geantiqueerde rouwnagels er toe kunnen bijdragen om de trekken van het onbeschofte , het roofachtige en het moorddadige des te scheller te doen",1
"ruwhouten , op drie pooten , ja zelfs driekante . Daar om heen gezeten een bende bereis , waarvan enkelen met een gelaat vol uitdrukking , geleken op gevallen engelen te midden van oen legio duivelen , want inderdaad de massa ziet er schrikwekkend uit . Al wat ongowasachen gezichten , ongekamde haren , zwarte handen met geantiqueerde rouwnagels er toe kunnen bijdragen om da trekken van het onbeschofte , het roofachtige en moorddadige des te scheller te doen uitkomen",1
"de Geuzencocarde aangespeld te hebben , omhelsde hij den scholier op hartelijke wijze . En weder hief men den knaap in de hoogte , die nogmaals riep : leve de Geuzen ! een kreet , die door duizenden monden der massa herhaald werd . "" Men ziet , Nantje doet gelijk de koningen ! Hij nam misschien van zijne eigene borst de Geuzencocarde en bracht ze over op de borst van den jongen . . . Zoo nemen koningen het",0
"daar slechts 71 , 000 stersgeregtigde burgers , die inde stad geboren waren , en 113 , 000 , die van buiten af waren gekomen . Onder de laatsten waren er zeer vele Ieren . Op deze ruwe en onwetende massa stemden de demagogen . De Btemmen van den gezeten middenstand verdwenen in die meerderheid . Ook was die klasse veel te onverschillig en zeer met hare eigene zaken vervuld , om met kracht op te treden tegen dit politiek",0
"werd geschonken . De volgende avonden herhaalde zich dit » standje "" , niettegenstaande de aanmaningen van den heer burgemeester , die , evenals de kapitein - kommandant der mareehaussées , met een hoeratje naar huis werd geleid door de massa . De burgemeester diende zijn ontslag in , doch de raad besloot bg de fabrikanten aan te dringen hun invloed aan te wenden om de werklieden tot bedaren te krijgen , hetgoen gelukte . Althans donderdag avond bleef het",1
"hnï / ^ getild . Om zich een anlSn Tke „ Va \ hBt * - SBl « ke & ™ * > waarin duizenden verkeerden , bedenke men slechts datde gaßlantaarns van de straatverlichting zyn omgeduwd door de levende massa ' s , welke er tegen gedrongen werden ! Geneeskundige hulp was niet te verkrijgen . ïvoïdfn * ? ^ heCft mf dri « Retors en heelmeesters gevonden , die de eerste hulp hebben verleend . ren gBneomenVOlchinde maat",1
"dragonders alles zoo hadden afgezet , dat de verzamelde duizenden niet voor of achteruit konden ; toen werd de open kring door de paarden allengs grooter gemaakt en volgde een tooneel van wanhoop dat onbeschrijfelijk is . Het was compacte massa , niemand kon armen of beenen verroeren , eenigen stikten , anderen werden bewusteloos , het gegil en gekerm was oorverdoovend , maar geen autoriteit was daar om een einde aan het gedrang te maken . - Het is",1
"ruwhouten , op driepooten , ja zelfs driekante . » Daar omheen is gezeten een bende kerels , waarvan enkelen met een gelaat vol uitdrukking , geleken op gevallen engelen te midden van een legio duivelen , want inderdaad de massa ziet er schrikwekkend uit . Al wat ongewasschen gezigten , ongekamde haren , zwarte handen met geantikeerde rouwnagels er toe kunnen bijdragen , om de trekken van het onbeschofte , het roofachtige en het moorddadige des te scheller te",1
"Kevelaar zulk eene aantrekkingskracht bezit , als men het kleine stadje op eene reis naar Holland met den Rijnspoorweg voorbijvliegt ? en toch is het waarj - jü ^ t vga ^ jch j a gF . ' ' tël massa pelgrims ? — tellen kan men ze niet ; echter naar eene oppervlakkige berekening moeten ze op minstens 200000 geschat worden , die daar voor ' t wonderbeeld der Moedermaagd telken jare van God troost en hulp komen afsmeeken",1
"van het tuintje aan het einde der Schlossfreiheit getild . Om zich een denkbeeld te maken van het ijselijke gevaar , waarin duizenden verkeerden , bedenke men slechts , dat de gaslantaarns van de straatverlichting zijn omgeduwd door de levende massa ' s , welke er tegen gedrongen werden ! Geneeskundige hulp was niet te verkrijgen . Na lang zoeken heeft men drie doctors en heelmeesters gevonden , die de eerste hulp hebben verleend . Dat geen voldoende maatregelen door",1
"zoo hadden afgezet , dat de verzamelde duizenden niet vóor of achteruit konden ; teen werd de open kring door de paarden allengs grooter gemaakt en volgde een tooneel van wanhoop dat onbeschrijfelijk is . ' t Was een compacte massa , niemand kon armen of beenen verroeren , eenigen stikten , anderen werden bewusteloos , het gegil en gekerm was oorverdoovend , maar geen autoriteit was daar om een einde aan het gedrang te maken , ' t Is",1
"kring van weinige dagen spatte voor goed uiteen , da "" groote meeting "" behoorde tot het verleden en DaSrust trad weer in haar rechten . Wij voor ons neurieden onwillekeurig , toen wij op straat stonden en do Internationale massa zagen voorbijtrekken , het zoo bekend - i vers uit do eerste strofe van Seume ' s Oesd . tge , Wo man singel , lass dich ruhig nieier Miisetvichter haben keine Lieder . hetgeen de onverbiddelijke parodie eenmaal",1
"Fischer — wist ze door haar zuiveren zang , niet meer zoo zonder passie als vroeger , en door haar werkelijk voor een debut althans , keurig acteeren — de krankzinnige Gretchen was o . a . meislerhaft — de massa Müncheners die er voor dien avond hun bier aan gegeven hadden zeer te imponeeren . Zij werd verscheidene malen teru * gero . pen , bjj welke gelegenheden ik niet verzuimde de omstanders bekand te maken me het feit",1
"haar . Natuurlijk gilde zij toen en ontwaakte , — maar den geheelen dag bleef de schrik van den droom haar bij . ' t Was avond geworden . De trein die den automaat zou aanbrengen , was door een massa menschen opgewacht . Hij was met eea langgerekten gU aangekomen als een ziele in benauwdheid , en was weder onder een helsch geraas vertrokken . Intusschen was onder toezicht van den eigenaar ( een heer met zwart haar dat",1
"ze dooi haar zuiveren zang , niet meer zoo zonder passie a ] , vroeger , en door haar werkelijk , voor een debut althana keurig acteren — de krankzinnige Gretchen was o . a ' meisterhaft — • de massa Muncheners , die er voor dien avond hun bier aangegeven hadden , zeer te imponeren Zij werd verscheiden malen teruggeroepen , bij welke g e ! legenheden ik niet verzuimde de omstanders bekend te makeu met het feit ,",1
"alles zoo hadden afgezet , dat de verzamelde duizenden niet vóór of achteruit konden ; toen werd de open kring door de paarden allengs grooter gemaakt en volgde een tooneel van wanhoop dat onbeschrijfelijk is . Het was een compacte massa , niemand kon armen of beenen verroeren , eenigen stikten , anderen werden bewusteloos , het gegil en gekerm was oorverdoovend , maar geen autoriteit was daar om een einde aan het gedrang te maken . Het is een",1
"ven der Mormonen bloot t « ' leggen , en dat de heidenen ( dus worden in l ' tah de niet Mormonen genoemd ) niet naarde Stembus zouden gaan tijdens de stemming ter aanneming der constitutie , omdat de massa der bevolking , waarvan de ineesteii geene sïemgeregtigden zijn — ook de vrouwen stemmen — de wettige stemmers geheel en al overvleugelen . . Men besliste , datde tegenstand moet plaats hebben in het con - Tc New York",0
"Eene week later gaven dezelfde leden eene voorstelling van dezelfde stukken in het schoollokaal te Berg - Ambacht . Hoewel goed bezet , was het lokaal toch niet zoo vol als dat te Stolwijk . Te talrijker daarentegen was de massa , welke zich op het naast de school gelegen erf van eenen boer bevond , en zich daar op eene andere wijze vermaakte , door namelijk met steenen eene menigte ruiten in de school in te werpen , ten",1
"en was zoo doende geleidelijk dronken geworden . Hij werd met acht dagen arrest gestraft . — Op den namiddug van den tienden Februari brak er te Pasoeroean een zwaar onweder los , vergezeld van een hevigen slagregen . Een massa menschen namen een schuilplaats ouder de groote poort der masdjid . Precies ten vijf ure sloeg de bliksem in het dak boven de poort . De uitwerking was zooals te begrijpen is vreeselijk . Acht kinderen en een kau",1
"was hem bijzonder gunstig , de Duitsche vaderlandsliefde ging over in geestvervoering en men zag onder een zelfde vaandel legers en volken vereenigd , die kort ta voren elkander bestreden . » Ten einde in 1864 en ' 66 de massa mede te slepen tegen Denemarken en Oostenrijk , gebruikte von Bismarck de list oin de liberalen te ontwapenen terwjjl hij zich de warmste ondersteuning der Katholieken verzekerde ; hij spaarde en liefkoosde beiden en allen volgden hem met een",0
"Europa de meerderheid geleid door de minderheid . Bobespierrc kon met evenveel recht als Lodewijk XIV zeggen : De staat , dal bin i / c ! "" De invoering van het algemeen stemrecht "" veranderde dien toestand . De massa dreef het bewind voort . Wel trachtte Napoleon 111 de gevolgen vau een natuurlijk beginsel te onderdrukken , maar hij bezweek gelijk een ieder , die deu stroom van eenc rivier wil terug drijven . Hij weigerde decentralisatie .",0
""" De spreker werd luide toegejuicht , en nadat zijn betoog afgeloopen was , omringden hem tallooze gelukwenschende vrienden , zoodat de zitting feitelijk eenigen tijd geschorst bleef . Men kan nagaan hoe boos zich die in haar ijdelheden gestreelde massa maakte , toen de heer Jaubert zich liet ontvallen : / / Dat is machtig mooi gesproken , maar prozaïsch zeg ik : dat is de quaestie niet . We moeten het evenwicht in de begrooting herstellen . """,0
"voeren . Waar thans reeds in den regel een zoo groot getal ontwikkelde kiezers van de stembus weg blijft , zouden wij er geen reden voor weten te vinden , om het kiesregt te geven in handen van de groote massa , wier ontwikkeling nog zooveel te wenschen overlaat . Een van beiden : öf er zullen nog veel meer onverschilligen komen , hetgeen het prestige der verkiezingen niet zal veihoogen , of de ligt te bewerken onbeschaafde menigte zal",0
"den trein behoorde . Zoo naderde de menigte een brug over de kali Tjikoenten , die al wat oud was eu sedert lang den belangstellenden blik van het districtshoofd gemist had , en nu bleek uiet tegen den druk der massa menschen meer bestand te zyn . Juist was de voorste draagstoel , waarin het meisje met afgevijlde tanden zat ouder de hoede van twee oude buurvrouwen , op het midden der brug gekomen , toen deze bezweek en zijn",1
"zijn , ware het niet gebeurd , dat een schutt » r - ; amboer wegens dronkenschap "" "" ™ het stidhuia was opgesloten ■ : < ■ vorder . Op hel g > rucht hiervsn , golfde de geheele massa arbeiders , die - naar men stellig hoort verzekeren — geen rerd re booze plannen — allerminst in de stad — koesterden , naar het stadhuis eu posteerde zich daarvóór , zon ler tol eenige wanordehjkiieid over te gaan",1
"aan gedacht heeft om de Verplichte stemming in te voeren . Is echter de vreemdsoortige maatregel bestemd om de » goedgezinde "" burgers tot hun plicht te manen nu zich in hen « on overwicht to verschaften tegen do revolutionairo massa ' s van de faubourgs , dan is zij slechts te meer verwerpelijk . Bljjven de rustige burgers van de stembus weg , dan is dit slechts een bewijs van gebrek aan constitutioneele , in dit speciaal geval van",0
"den trein behoorde . Zoo nadeide de menigte een brug over de kali Tjikoenten , die al wat oud wsa en sedert lang den belangstellenden blik van het distriktshoofd gemist had , en nu bleek niet tegen deu druk der massa menschen meer bestand te zijn . Juist was de voorste draagstoel , waarin het meisje met afgevijlde tanden zat onder de hoede van twee oude buurvrouwen , op bet midden der brug gekomen , toen dez . e bezweek",1
"den trein behoorde . Zoo naderde de menigte een brug over de - kali Tjikoenten , die al wat oud wns en sedert lang den belangstellenden blik van distriktshoofd gemist had , en nu bleek niet tegen den druk der massa menschen meer bestand te zijn . Juist was de voorste draagstoel , waarin het meisje met afgevijlde tanden zat onder de hoede van twee oude buurvrouwen , op het midden der brug gekomen , toen deze bezweek en zijn",1
"haar . Natuuriyk gilde zy toen en ontwaakte , — maar den geheelen dag bleef de schrik van deu droom haar by . ' t Was avond geworden . De trein die den automaat zou aanbrengen , was door een massa menschen opgewacht . Hy was met een langgérekteu gil aangekomen als een ziele in benauwdheid , en was weder onder ecu helsch gcraa » vertrokken . Intusschen was onder toezicht van den eigenaar ( een heer met zwart haar",1
", ja zelfs driekante . u Daar oinlie - n gebeten e ; n b - jnde kerels , waarvanenkeien met een gelaat vol uitdrukking , geleken op gevallen engelen te midden van een legio duivelen , want inderdaad de massa ziet er schrikwekkend uit . Al wat ongewasschen gezichten , ongekamde haren , zwarte handen met geantiquetrde rouwnagels er toe kunnen bijlrag . - n om de tres keu van het onbeschofte , het roofachtige eu het moordJadige des",1
"overwicht der socialisten . Maar de tegenstanders van Ranviï » , vreezende dat die politieke heersshappy ' zoude uitloopen wel op het naar boven dry ' ven van enkele leider » , maar tegely ' k op het zinken der massa ' s , hebben hun veto uitgesproken tegen dien toeleg , en Ranvie * c . s . hebben verbolgen ket tooneel verlaten . In de tweede plaats ii er verdeeldheid ontstaan , toen de Internationalisten de vuist hebben",0
"het einde der Schlossfreiheit getild . Om zich een lenkbeeld te maken van het ijselijke gevaar , waarin duizenden verkeerden , bt denke na n s . echts , dal de gaslantaarns van de straatverlichting zijn omgeduwd door de levende massa ' s welkeer tegen gedrongen werden ! Geneeskundige hulp was niet te verkrijgen . Na lang zoeken heeft mm drie doktors en heelmees gevonden , die de eerste hulp hebben verleend . Dat "" een voldoende maatregelen door de",1
"een onderkomen in de Port . synagoge . Het zal nu niemand invallen , voor die bezoekers de deuren te willen sluiten , maar er wordt van de goedheid van het Port . Israël , kerkbestuur misbruik gemaakt . De massa der bezoekers , die den dienst wil bijwonen , is grooter , dan de ruimte dit toelaat . leder wil een plaats hebben , men verdringtzich dus en krijgt gemor , en ' t gedruisch maakt het onmogelijk ,",1
"hierbij gebleven zijn , ware hét niet gebéurd , dat ' een schu tter - tar * boèr wegens dronkenschap in liet stadhuis was opgesloten geworden . Op ' het gerucht hiérvan ; golfde de - ^ eheele . . massa ' arbeiders , die — naar men stellig hoort verzekeren — geen verdere booze plannen — allerminst in de stad — koesterden , naar , het stadhuis en posteerde zieh vóór hetzelve "" , zonder tot eenige wanordelijkheid over",1
"gearresteerde op vrije voeten zou worden gesteld . Toen , gelyk vanzelf spreekt , aan dezen onrechtmatigen eisch niet voldaan werd , begon men , in weerwil dat vele bezadigde ingezetenen alle pogingen in het werk stelden , om de massa totbedaren te brengen , de straatsteenen op te breken . Een hagelbui van projectielen verbrijzelde weldra do ruiten der stadhuisramen . De politie niet bij machte zyndeom het geweld tegen te gaan , werden troepen Hit Neurenberg ontboden .",1
"bevrijd . Inmiddels was er een zekere gisting onder de toeschouwers gekomen ; de stilte van daar straks werd verbroken ; tluiten , hoesten , getrappel , verhinderden de voorstelling en plotseling barstte er een Öorverdoovend geraas los ; de massa woelde door elkander ; woeste gezichten vertoonden zich aan alle kanten ; gillende liederen werden aangeheven , — kortom , het was een tooneel , zoo ruw en angstwekkend , dat ieder zich haastte den schouwburg te verlaten .",1
", Altman , Lem en Nieuwenhuis i Marie Antonnette . Wij kunnen niet nalaten den soufleur te berispen , die maar al te dikwijls het publiek zeer hinderlijk was . Inmiddels vertoont de kermis eene niet geringe levensvatbaarheid . Ken massa volk bewoog zich gisteren langs pleinen en straten , ten einde een aanvang te maken met de uitvoering van het programma , dat bijna een ieder zich had gesteld . Indien mogelijk , dan heeft het onweder , dat",1
"Deze minderheid der liberale partij , welke door de uitingen der kiezers gebleken is , verschrikt en beangstigt ons niet , hetzij men haar als eene werkelijke minderheid beschouwe of als eene schijnbare , ontstaan door de onthouding van eene massa ( in de 31 , 000 te huis gebleven kiezers verscholen ) liberale kiezers , die zich met de kandidatenmakclaardij hunner kiesverenigingen niet konden vereenigen . Al is de verhouding der partijen bij deze 31 , 000 te huis",0
". iarnritster boeren en boerinnen gezien ; het stond letterlijk alles vol . De eaatinee , ijskramen , de beide logementen van den heer de Groot en dat aan het station , waren den gansohendagoverv . il en buiten waren massa ' s vermoeiden onder ruime , hooge zonnesohermen gegroepeerd , t . . t bed gebruik van ververschingen . Het feest liep geregeld en in goede orde af ; de sprekers kweten zich bij de hevige aomerwarmte dapper vau",1
"dc taal der zonen van het hemel i sche rijk ons als koeterwaalsch in de ooren klinkt . Reed : van verre bemerken wij een achtkantige tent , waarop ie het midden een brandend lantaarntje zijn licht afwerpt . Een massa toeschouwers zijn er om de tent verzameld . Wat of er wel te doen is ? Dc tent verbergt onder haar dak een mallemolen . Het ding zwiert lust ' g in het rond cn doet zijn mcnschelijke lasten",1
"uitgaven daarvoor zullen niet veel bedragen en het . gemak voor vele spoorreizigers groot zijn . De vauxhall iv den Planten - en Dierentuin was gisteren bijzonder druk bezocht ; de oudste inwoners van Batavia herinnerden zich niet zulk eene massa menschen bijeen gezien te hebben . Ora ! > uur was het al onmogelijk om eene tafel of een stoel machtig te worden , ofschoon de directie , die eene groote drukte had voorzien , alle mogelijk tafels .",1
"belangrijke wijzigingen werden daarin , aangebracht , die riet nader worden aangeduid . De liberale fractiën hebben dus niet hun toevlucht w . ' len nemen tot het uiterste middel om de wet te doen vallen , namelijk onthouding in massa . En evenmin hebben ze ' t voorstel durven doen , de wet te bewaren voor de volgende vergadering . De eenige hoop der liberalen is thans nog , dat de nieuwe Kamer de wet , waarbij aan het",0
"bewonderen dat werkelijk te weinig bekend is . Vol vrucht - en andere boomen wandelt men voortdurend in de schaduw , steeds verkoeld door frissche heerlijke winden , tal van alleraardigste huizen vormen n - eheele straten en aan de massa menschen die zich om de feestvierenden bewogen was het te zien hoe talrijk bevolkt dit eiland nu wel is . Eindelijk kwamen de gasten bij het dok zelf , wat ongeveer voor een derde in elkander is gezet en",1
"die alleen door onze e ' gen krachtsinspanning worden afgevaardigd . Leden die , ons beginsel belijdend , door dat beginsel op de plaats der eere komen . Dit scheelt zoo raadselachtig veel , dat de Anti - revolutionairen in massa genomen , de Kamerleden er onder begrepen , u gaarne de twaalf plaatsen , die we thans bezetten , tegen 8 vrije , ons uitsluitend toekomende , zouden uitruilen . Wilde men in Walcheren , om Bolsward , bij",0
"Lennep , hebben daardoor duisenden aan zich verplicht , en I door duizead < ? n is hun ongetwijfeld daarvoor hartelijk dank gezegd . Toen we later in den avond de halt : Zandvoortorlaan voerbi . stoomden en daar de massa ' s zagen , die nog altiid wachtten en I drohgen om een plaatsje in den trein , zegenden we ons geluk ! kig gesternte , dat ons een station verdst in den coupé geleid had",1
"op den N . Z . Voorburgwal bij de Dirk - van - Hasseltsteeg hevig gevochten . Een der vechters , die zijn woede niet genoeg scheen gekoeld te hebben , vioog plotseling als een razende door de nieuwsgierige menschen massa heen , sprong in de gracht , zwom als een otter heen en weer , en weigerde op het droge te komen , totdat eenige politie agenten hem met een dreg er met geweld uit sleepten . Gisteren -",1
"' gejuich begroet . Be Oosterspoortreincn hadden den ganschen dag telkens bij hunne aankomst zoowel van Amersfoort , als van Arasterdam via Hilversum , cenen vloed van bezoekors aangebracht , die door de avondtreinen van 8 ure nog door een massa feestgezinden werd vermeerderd . Men meent niet te overdrijven met bot getal der toen aanwezigen op 6000 te schatten . Natuurlijk was ' t gevolg van die overgroote drukte , dat voor velen nagenoeg niet te denken was aan",1
"dat men te 3 ure weer aan het station van den Hollandschen spoorweg aankwam , om de terugreis naar Delft te ondernemen . Te 4 u . 5 m . waren allen weer bier terug , opgewacht door een onafzienbare massa menschen . Waren deze misschien eenigzins teleurgesteld , toen zij zagen dat de kleinen uit het station komende , terstond elk zijns weegs huiswaarts gingen , wij begrijpen toch ten volle , dat de leden van het bestuur niet",1
"van een geestelijke aan de Spaanschc grenzen waarin dit feit wordt tegengesproken . Griekenland . De politieke toestand verbetert hier niet . Men zal ■ zic ' i herinneren dat de oppositie , bestaande uit verschillende coalitiën , indertijd in massa de vergadering van het Wetgevend Lichaam verliet om zoodoende te beletten , dat het budget zou kunnen worden aangenomen , daar de zitting , wegens een onvoldoend aantal leden , moest worden opgeheven . Sedert staakte de oppositie den",0
"hebben ' gestaan , toeliep op den heer Dias , den uitgever van liet « lagblad , en hem sloeg . Nu volgde een algemeenc vel . varring : de medgezellen van den Indiaan vielen de vergaderden aan en een massa volks , die aan de deur gewacht had , kwam reeds naar binnen . ' I let gelukte evenwel « Ie deur te sluiten : een Amerikaan . • lic vroeger in de stad gewoond had , wilde het",1
"van stemmen die in de schaal geworpen worden . Er is minder aansluiting , j [ ömdat er minder zamenhang is . Hoe minder de kiezer het geheel kan overzien , des te meer verliest ; hij zich in de massa ; hoe grooter de kring der kiezers ; is , des te moeijelijker is zamenspreking en overleg ; hoe meer hoofden men bij elkander brengt , des te minder eenheid van zin is te verwachten . De geïsoleerde kiezer",0
"gevaarlijk voor de beruchte „ conservatieve belangen . "" Die bekendfl wending : „ We sullen natuurlijk niet * » « nm toch , "" heeft ook nu weer bet geweaaehte resultaat opgeleverd . Er zijn in de Vergadering een massa • fgevaardigden , die « ca « eer gemakkelijk bevreesd laten maken , vooral wanneer men begint met de areu waardoor . . de oanservatieve belangen "" worden bedreigd . Gambetla beeft , terecht , oan de Begeeriug hare",1
"inspekteur tegenwoordig , bevestigde het gesprokene in alle deelen . Des avonds verzamelde zich een ontzettende menigte op de Vischmarkt voor het huis des heeren d . L . en hief soms gevaarlijke kreten aan . Zoo dicht was de massa op de Vischmarkt , dat er niemand kon doordringen , en de politie tegen 7 £ uur met de blanke sabel het plein deed ontruimen . Even te voren waren een paar belangstellende personen naar het Vreeburg gesneld ,",1
"meening dat zy nog weggevoerd was , terng te brengen , zich verscheiden keeren in den avond voor haar huis of in de deur ver toonen . De volksoploop bleef echter voortduren , totdat ten laatste tegen half elf de massa ook van de Maartensbrug door de blanke sabel verdreven werd . Onder alle opzichten roemt men algemeen het gedrag der politie ; zij kweet zich met ijver en overleg van haar t_ . ak . — De heer Douwes",1
"jaren omgang gehad heeft met een ander meisje , dat thans sedert vier maanden moeder is . Onder het zingen en schelden der volksmenigte werd het jonge paar naar de kerk geleid . Des avonds verzamelde zich weder een grootere massa onder zingen en schelden voor de deur der jonggehuwden . De mensenen massa groeide gedurig aan , en aan de politie gelukte het niet de zingende menigte uiteen te doen gaan . . . I - uu werd de",1
"maanden moeder is . Onder het zingen en schelden der volksmenigte werd het jonge paar naar de kerk geleid . Des avonds verzamelde zich weder een grootere massa onder zingen en schelden voor de deur der jonggehuwden . De mensenen massa groeide gedurig aan , en aan de politie gelukte het niet de zingende menigte uiteen te doen gaan . . . I - uu werd de hulp der marechaussee en der militaire macht ingeroepen ; men sloot het Poststraatje",1
", toen deze „ misdadigers "" zich bij genoemden winkelier vervoegden en een paar zweepje » voor 1 cent het stuk ten verkoop aanboden . De overbrenging naar het bureau aan ae Halvemaansteeg ging met moeilijkheden gepaard , daar een massa gemeen volk zulks trachtte te beletten . Woensdag is in de tuinen van Natura Artis Magistra te Amsterdam een oppasser , die in een der hokken vau een tijger den omvergevallen drinkbak overeind wilde zetten , door dtn tijger",1
"inspecteur tegenwoordig , bevestigde het gesprokene in allen Jsele . Des avonds veriamelde zioh een ontsettende menigte op de Visïhitarkt voor het huis des keuren d . L . en hief soms gevaarlijke kreten aan . Zoo dicht was de massa op de Visehmarkt , dat e ; niemand kon doordringen , en de politie tegen l \ / % uur met de blanke sabels het plein deed ontruimen . Even te voren waren cm paar belangstellende personen naar het",1
"Aleppo 350 menschen door de cholera aangetast en overleden 303 er aan ; en zoo is het door het gansche land . De verslagenheid is er dan ook groot , en niettegenstaande de quarantainemaatregelen , verlaten de bemiddelde inwoners bij massa ' s hunne woonplaatsen . SEMLIN 11 Sept . De troonrede , waarmee de Skuptschina in Servië gisteren geopend werd , is zeer uitvoerig . In de eerste plaats wordt over de gebeurtenissen in Bosnië en de Herzegowina gesproken",1
"dat dit recht slechts kan worden uitgeoefend door hem , die een zekere som betaalt in de directe belastingen van het rijk . Waartoe deze bepaling ' ? Men meende , dat bij het lage ontwikkelingspeil , waarop de groote massa des volks nog staat , niet aan alle meerderjarige burgers het stemrecht kon worden verleend ; de staatkundig onbevoegden wilde men uitsluiten ; en terwijl men in hot betalen van een zekere som inde directe rijks - belastingen een",0
""" 1 ' ' v . Des avonds verzamelde zich eene ontzettende menigte ? p de . Vischmarkt . voor het buis des heeren d . L . en hief soms . gevaarlijke kreten aan . Zoo dicht was de massa op de • Viscbnwrkt , - dat . er niemand - kon doordriugen , en de politie tegen T ' / t aar met de . blanke sabel het plein deed ontruimen . "" . . Even te :",1
"die handeling verdacht voorkwam , riep da hulp der politie in , die reden genoeg schijnt gevonden te hebben om de kinderen te arresteeren . De overbrenging naar het Bureau aan de Haivemaansteeg ging met moeilijkheden gepaard , daar een massa volks zulks trachtte te beletten . De agent is daarop met de kinderen eene woning in de Vijzelstraat binnengeloopen , waar men hen door een achterdeur , uitkomende in den zoogenaamden Duivelshoek , heeft doen vertrekken . In het",1
"het bestuur en de brandweer van Oldenzaal , alzoo onmiddellijk bij de hand zijnde , dadelijk assistentie in de zastergemeente zoude verleenen ; maar neen , niets daarvan geschiedde ; meer dan drie volle uren werd de brand door een massa meuschen zeer kalm aangezien , totdat ze aan gebrek van voedsel zijn einde had bereikt . Nu doet zich de vraag voor , wat hier in het spel is , onvermogen of onwil . Wat het eerste aangaat is",1
"reden van ontevredenheid hebben . wln ' t belandder goede orde en veiligheid van het openbaar verkeer "" is in somtnige distrikten de volgende politie maatre - ! gel afgekondigd : bedevaartstochten en processies , mogen zich niet in aaneengesloten massa ' s of by j groote scharen tegelijk op de openbare straten ophouden of bewegen . Dat men hierin een belemmering moet zien van de meest onschuldige stichtelijke handeling , zal men niet nalaten te verkondigen . Op de",1
"in de uren , waarep een crisis iv de verkiezing of een revolutie plaats vindt , besluit zij het woord te nemen of liever in dezen of dien zin uitspraak ta doen . Welnu , naar weikon kant helt deze massa over . Zij zal do zege doen behalen aan wien zal zij die schenken ? Is het waar dat op dan bodem van dis verstijving hot verdriet wordt gevonden , dat het keizerrijk van den troou vervallen , do",0
"eerste oogenblik van vrijheid voor die ongelukkigen veroorzaakte een geweldige opschudding : kreten van schrik , geschreeuw , schaterlagchen , weeklagen , zuchten , dat alles mengde zich dooreen en steeg als een akelig , verward gebrul op uit die massa half naakten , die hier heen en daar heen liepen , maar te vergeefs een uitgang zochten . De groote trap , in het midden van het gebouw , was reeds door de vlammen aangetast . Gelukkig slaagde men",1
"Juni nog een voorstel tot wijziging der schoolwet , maar ik houd het er voor dat Heemskerk wel op zal passen zijn handen te branden . Het restitutiestelsel is iets dat zich beter laat gebruiken als verkiezingsleuze om de groote massa op ' t sleeptouw te houden dan om , zij het dan ook slechts in breede trekken , in een wet te worden omschreven . Het onpractische van het restitutiestelsel is duidelijk in ' t licht gesteld in de",0
"de veelheid van stemmen , die in de schaal geworpen worden . Er is minder aansluiting , omdat er minder samenhang is . Hoe minder de kiezer het geheel kan overzien , des te meer verliest hij zich in de massa ; hoe grooter de kring der kiezers is , des te moeielijker is samenspreking en overleg ; hoe meer hoofden men bij elkander brengt , des te minder een - Lejd van zin is te verwachten . De geïsoleerde",0
"zich te verlustigen in de heerlijke schakeringen van ' t jonge groen . — Natuurgenot kost niets , op zoo ' n Zondag middag ook niet ? Wie nog zoo na ' if is dittemeenen , gelieve die Wandelende menschen massa eens aandachtig gadeteslaan en zoo hier en daar eens een gesprek af te luisteren . — Is ' t niet als of de wandelaars , en de vrouwelijke onder hen niet het minst , een formeel e wedstrijd hebben",1
"bij de nationale beweging tegen Oostenrijk . Toen Kabel Albert , de Koning , naar gewoonte in No ' omber zijn jaarlijksch bezoek aan Genua bracht , kou hij duidelijk die stemming lezen op de gezichten va . , de massa , die zich om hem heen verdrong . De Koning reed zwijgend door de menigte aan het boofd zijner officieren , hij sloeg geen acht op de handen die zich naar hem uitstrekten , en meer en meer pakte",1
"vaneen anderen kant worden er even groote ePen heengetrokken door de fijne , maar nijpende ö ( i van eenen adellijken meester of de in dweepzucht vingeren van een rechtzinnigen ijveraar . _ ■ "" ■ och moet die bonte massa worden geordend . Al Jö w door de uitsluiting van het algemeen stementcnt de laagste groepen niet vertegenwoordigd , toch , 18 * » 1 het ontkennen , woelt in die bonte massa ver * nd en domheid op",0
"■ "" ■ och moet die bonte massa worden geordend . Al Jö w door de uitsluiting van het algemeen stementcnt de laagste groepen niet vertegenwoordigd , toch , 18 * » 1 het ontkennen , woelt in die bonte massa ver * nd en domheid op de vreemdste wijze dooreen . - Doch daar moet worden geordend . Zware , schoon el « ta » fc f 00r ] Mm ) , Jiê de woorden van Hamerlings ° b",0
"staan . De pleizierreizigers bleven een unrtje geduldig wachten , totdat het bevel kwam : uitstappen , en nu wandelden allen in overgroote verwarring en opgewondenbe - ' d naar Londen . Voorbij Holloway , nam de menschen : < massa de richting langs de Caledonian - road , in do hoop daar f omnibussen en cabt te vinden , Maar het was na middernacht , , | Omnibussan en frawwagens waren niet meer in dienst en Ide cabt op",1
"liedjes van een straatventer , wien een groote menigte , ' jong en oud , stond aan te gapen . Toen hij daarop langzaam naar huis terugkeerde , was hij verbaasd te - zien dat hij gevolgd werd door een massa straatjongens , op wier gelaat groote spanning , of verwachting te lezen was . — Wel , jongens , — vroeg de lord eindelijk — wat wilt gij van me ? — Die is goed ! — riep een",1
"ure vervangen worden door een volksconcert . Wij twijfelen niet of een talrijk publiek zal uitgelokt door het prachtige weder , liet heerlijke maanlicht en zoo als van zelf spreekt een keurig samengesteld programma , ook bij deze gelegenheid in massa daarvan willen profiteeren . De gelegenheid om zich ongestoord eu vrij te kunnen bewegen , om zittende of wandelende van de muziek en den avond te cfenieten is daar meer aaiiweziir ra o dan wel elders ; gewoonlijk worden",1
"te ruimen . Allengs kwamen afsondertyke groepen bedevaarders . BQ hna doortocht ging hier en daar geroep en ge » ehutfel op . De bedevaarders stoorden er sich niet aun . "" Van elf tot éen uur kwam de groote massa buitenlieden aan nut den • taatsspoorweg . Men bleef de buitenlieden uijouwan . Om éen uur vormden sich talrijke bedevaarders te Bint - Amandsbarg in stoet . De vaandels worden ontrold en talrijke opschriften op houten borden omhoog gestoken",0
"liberale partij , v : elke door de uitingen der kiezers gebleken is , verschrikt en beangstigt ons niet , hetzij men haar als eene werkelijke minderheid beschouwen of als een © schijnbare , ontstaan door de onthouding van eene massa ( in de 31 , 000 te huis gebleven kiezers verscholen ) liberale kiezers die zich met de kandidatenmakelaardij hunner kiesvereenigingen niet konden vereenigen . Al is de verhouding der partijen bij deze 3 * 1 , 000 te",0
"o < / ker in te zien . Mr . Tak van Poortvliet "" P den duur uit de Kamer te houden , is e ' fi ondenkbare zaak . leder ander district , < "" # niet aan de massa ' s van ' t platteland is o » * ' ' geleverd , zal ' t zich een eer rekenen lel "" in ' t belang van het land zijn zetel teru > te geven , maar voor",0
"vieren . Niet bij honderden , maar bij duizenden kwamen ze , genood en ongenood . Waar al die bezoekers onder dak moeten komen is een raadsel , even moeïelijk schijnt het , oiö na afloop van het feest die massa vreemdelingen in weinige uren weder huiswaarts te brengen . Menigeen zal den halven nacht aan ' t station moeten doorbrengen , eer hij een plaatsje achter de locomotief heeft veroverd . Het bezoek is zelfs voor een maskeradedag buitengewoon",1
"door een steeds aangroeiende volksmenigte , mannen , vrouwen en kinderen , die in schreeuwen en zingen aan de voorloopers niets toegaven . Wat , vraagt de Stand . , is de invloed die zulk een schouwspel op de ruwe massa heeft ? De onzinnige juichkrecten van den dollen troep voor en achter den beschonkene in de handkar geven het antwoord op die vraag , zegt het blad . Woensdag - avond circa 9 ure heeft zich op den Buitensingel",0
"terrein om Musis , zoodat afsluiting bij buitengewone concerten niet meer noodig is , het leggen der brug kan men gerust verdagen , om op zijn gemak met het departement van Oorlog te confereren — in één woord , de massa is tevreden gesteld . Want wat staat er te gebeuren ? — Musis wordt verfraaid ; voor den misplaatsten rijweg behoeft slechts de schoonste groep boomen te vallen , en het slot der zaak zal wezen dat het bedrag",0
", die , vergezeld van verscheidene muziekkorpsen , met een 40tal deels zeer kostbare banieren , waaronder de bloedroode kleur de bovenhand had , door de stad naar het station trok . Een menigte treinen was noodig om de groote massa nieuwsgierigen en feestgenooten naar den Djürgarden te brengen . Uren lang duurde het eer allen zich op de vereenigingsplaats bij Klampenborg bevonden , en de groote feestelijke stoet zich van daar door het fraaije beukenwoud naar het feestterrein in",1
"overwinning van het kabinet - Minghetti betreft , zou men kunnen uitroepen : / / Nog zulk oene overwinning en wij zijn verloren ! "" Maar voorloopig is dit gevaar verwijderd . Ook zonder do onthouding van de linkerzyde in massa , zou het onmo - gelijk geweest zijn , de zitting nog langer to doen duren . Het klonk den afgevaardigden als eene blijde boodschap in de ooien toen de president op ( J dezer dc zitting sloot met",0
"st . — ' t Is ia Engeland treurig met de vrouwelijke dieostboden gesteld , zucht de Gra / hic . Veel vraag en bitter weinig aanbod . Begaf men zich vroeger naar een verhuurkantoor dan vond men er een massa keukenmeiden , werkboden e > kmdermeiden - thans vindt men er slechts dames , naar gedienstige geesten zoekend . De concurrentie is zoo groot , dat , indien men een meisje de straat ziet passeeren , die slechts den",0
"de plaats dood . Zq laat vier nog zeer jeugdige kinderen na . Op 2 dezer is te Keulen de weerbarstige klepel der Keizersklok aangekomen en onverwijld op de hem aangewezen plaats gebracht . De genomen proef , die eea massa volks had doea samenstroomeu , heeft zeer goed voldaan . Toch blijft er nog een en ander over , dat verbetering behoeft . Zoo is bijv . de opmerking gemaakt , dat de aanslag niet regelmatig is , zoodat",1
"de plaats dood . Zij laat vier nog zeer jeugdige kinderen sa . Op 2 dezer is te Keulen da weerbarstige klepel der Keizersklok aangekomen en onverwijld op de hem aangewezen plaats gebracht . De genomen proef , die een massa volks had doen saraenstroomen , heeft zeer goed voldaan . Toch blijft er nog een en ander over , dat verbetering behoeft . Zoo is bijv . de opmerking gemaakt , dat de aanslag niet regelmatig is , zoodat",1
"scharen stroomden vooral de rijk uitgedoste dames der Israëlietische bevolking toe , op welke het in ' t bijzonder gemunt was . Men lokte de nieuwsgierigen door het vuurwerk hoa langer hoe nader , plotseling zagen zij zich door troepen massa ' s omsingeld , en het kommando klonk : Nu , jongens , maakt je vroolijk . De wachtvuren werden onmiddellijk uitgedoofd , de soldate wierpen zich in de duisternis op de vrouwen , beroofden haar van haar sieraden",1
", nooit was er meer dubbelhartigheid en karakterloosheid . De Wetgevende kracht der Vergadering is niet verlamd , omdat de linker - en regterzijde als doodvijanden tegenover elkander ston - _ den , maar omdat in het centrum een besluitelooze massa zat , die onder de pressie van het oogenblik dan zoo , dan weder anders stemde . Hoe zal men hen noemen , die gekozen worden als gematigde liberalen , de vervallen - verklaring en verbanning van de Dinastie",0
"' t Is in Engeland treurig met de vrouwelijke dienstboden gesteld , zucht de Graphk . Veel vraag en bitter weinig aanbod . Begaf men zich vroeger naar een verhuurkantoor , dan vond men er een massa keukenmeiden , werkboden en kindermeiden ; thans vindt men er slechts dames , naar gedienstige geesten zoekende . De concurrentie is zoo groot , dat , indien men een meisje de straat ziet passeeren , dat slechts den schijn",1
"de kosten veroordeeld . ' t Is in Engeland treurig met de vrouwelijke dienstboden gesteld , zucht de Graphic . Veel vraag en bitter weinig aanbod . Begat men zich vroeger naar een verhuurkantoor , dan vond men er een massa keukenmeiden , werkboden en kindermeiden — thans vindt men er slechts dames , naar gedienstige geesten zoekende . De concurrentie is zoo groot , dat , indien men een meisje de straat ziet passeeren , dat slechts den schijn",0
"het hierboven genoemde ingeroepen wordt , aan de omstanders toe te roepen » dat wat ik ga doen , hadt gg zelven reeds behooren te doen . » Misschien dat de eenvoudige waarheid zoodoende langzamerhand tot het brein der onwetende massa « al doordringen . Onder tal van soortgelijke gevallen , die zich gedurig voordoen , bleek , dat men ook nog dezer dagen bij het vinden van een drenkeling te Ilpendam in de ongelukkige dwaling verkeerde , dat deze",0
"hierboven genoemde ingeroepen wordt , de omstanders toe te roepen : » dat wat ik ga doen , hadt gij zeiven reeds behooren te dosn • Misschien dat , de eenvoudige waarheid zoodoende langzamerhand tot het brein der onwetend » massa zal doordringen . "" . Onder tal van soortgelijke gevallen , die zich gedurig voordoen , bleek dat men ook nog dezer dagen , bij het vinden van een drenkeling te Ilpen - dam , in « Je ongelukkige",0
"Spreker wijst op het verschijnsel , dat de Katholieken hier te lande uitbreiding van het stemrecht tegengaan en dat de heer Kuyper zich tegenstander van het algemeen stemrecht verklaarde . Spreker vreest niet overheersching van meer ontwikkelde klassen door de massa ' s . Hij acht de zaak echter eene quaestie van tijd . Het algemeen stemrecht zal komen . De vraag is alleen : Zal het geschieden volgens het regime van 1798 of van 1848 ? En ook zal",0
". Het lijk was onherkenbaar . Het is in Engeland treurig met de vrouwelijke dienstboden gesteld , zucht de Graphic . Veel vraag en weinig aanbod . Begaf men zich vroeger naar een verhuurkantoor , dan vond men er een massa keukenmeiden , werkboden en kinderro eiden — thans vindt men er slechts dames , naar dienstboden zoekend . De concurrenrie is zoo groot . , dat , indien men een meisje de straat ziet passeren , die slechts den",0
"trouwen . "" Het is in Engeland treurig met de vrouwelijke dienstboden ' gesteld , zucht de „ Graphic . "" Veel vraag en weinig aanbod . Begaf men zich vroeger naar een verhuurkantoor , dan vond men cr een massa keukenmeiden , werkboden en kindermeiden — thans vindt men er slechts dames , naar dienstboden zoekende . De concurrentie is zoo groot , dat , indien men een meisje de straat ziet passeeren , die slechts den schijn heeft",0
". "" Hieruit mag men opmaken , dat men reeds aan hel werk is getogen , om een agitatie tegen de aanneming dier voordracht op het getouw te zetten ; deze zal meer bepaaldelijk geschieden met het oog op de massa . In de Kamer zal er buitendien wel zorg gedragen worden , dat de zaak ter sprake wordt gebracht . Intusschen staat één ding vast , zegt de berichtgever ten slotte . Al die middelen , aangewend om de",0
"Uit Helmond wordt ons geselireven , dat de lang verwachte zitting tot beslissing van de bekende leverantie - kwestie , waarin een lid van dien raad betrokken is , op niets is uitgeloopen . „ De opgehoopte menschen - massa stroomde stil en ordelijk naar binnen . De Voorzitter ( de betrokkene ) verklaart echter oogenblikkelijk het weinigje leven , bij het binnenkomen veroorzaakt , voor „ stoornis deiorde , "" en doet de zaal ontruimen . "" Aldus",1
"deur te vergeefs met bijlslagen getracht bad Ie openen weck er een atuk van het paneel van boven lot beneden , ler breedte van 4 i 5 duim , dat op myn arm viel . Op bet gezicht van een massa menschen , vermomd en met loshangende haren benevens al die flambouwen , vloog ik naar mijn slaapkamer en het venster uit ; en terwyl ik met bet ééne been buiten en met het andere nog binnen was , waren",1
". In do Kamer was Ledru - Rollin de spreker der uiterste linkerzyde . Zyne welsprekendheid , opbruisebend on hartstochtelijk , werd zeer geroemd ; toch achtte men haar in de Kamer misplaatst , en meer geschikt om op do massa te werken . storid in dd Kamer nagenoeg geïsoleerd ; zelfs bij de republikeinsclie minderheid vond bij geeri steun . Het ontbrak hem aan lenigheid om zich in allerlei politieke bochten te wringen . Nauw luisterde men naar zijn",0
", de premie n / 30 door Atze de Groot , van Akkrum , terwijl aan Feike Algersma , van Warrega , eene gratificatie van / 10 werd uitgereikt , als zijnde de derde na vinnige mededinging . Eene groote massa liefhebbers bereden de ruime bijbanen en eene geanimeerde prijsuitdeoling beßloot dit echt Friesch fceßt . ARUM , 3 Januarij . Het riciteer - collegie de Korenbloem vergastte ons gisteren avond op eene openlijke opvoering van het drama een toornig",1
"De N . R . C . schijnt alleen gelat te willen hebben op het kleine troepje geleerden uit het builand , dat ons nationaal feest komt bijwonen . Ware het niet rationeler , vooral te letten op de - massa der genoodigden ? Negen tienden van de genoodigden kannen zelfs niet ondersteld worden latijn te verstaan . Is het beleefd , is het welvoegelijk , deze geheel te ignoreren ? eerst hen uit te noodigen en dan hen te",1
"er voor houden , dat het gouvernement hunner keus weldra moet gevestigd worden . Het grootste deel van Frankrijk verlangt niets dan een sterk en duurzaam gouvernement en tusschen het keizerrijk en de republiek zal waarschijnlijk de voorkeur der groote massa beslissen . Deze overweging maakt gebeurtenissen als de verkiezing van den heer Cazeaux van belang . In den laatsten tijd is er in de uiting der openbare meening eene groote verandering gekomen ; wat hiervan dc oorzaak moge zijn",0
", organiseerde het zich in troepen ; allen die in dezelfde wijk woonden , voegden zich te zamen ; luidkeels werden de wijken afgekondigd ; dertig , veertig en vijftig personen grepen elkander vast en vormden op die wijze breede massa ' s , die nu langzaam , maar vrolijk zingende huiswaarts keerden . Zoo dikwijls de Parijzenaars een huis passeerden , welks bewoners zand of asch voor de deur hadden geworpen , werd er een levendig gejuich ter hunner",1
"En deze maire is nog wel dezelfde Ferry , die zich zoo verdienstelijk heeft gemaakt bij den bekenden brand in de zaal Peletier . De nadere bijzonderheden der plegtige openingsvoorstelling komen in hoofdzaak hierop n # der : Een ontzaggelijke massa volk wachtte op de a giorno verlichte Place de 1 ' Opéra de komst deiprachtige équipages af die , van half ach t - tot negen uur onafgebroken , telkens weder nieuwe gasten aanbragten . De monumentale trappen ,",1
"de nabijheid der kerk op wacht waren gesteld ; zij ijlden in allen haast naar de hoogeschool en deelden hunne aldaar bijeengekomen confraters mede , dat de Don zich reeds in de kerk bevond . Eenige oogenblikken later was een massa studenten voor de kerk saamgeschoold . Intusschen , uit niets viel een dreigend karakter der samenscholing op te maken ; zelfs nam men er niet veel notitie van , aangezien dergelijke studentengroepen in de nabijheid der Hoogeschool niets bijzonders",1
"tiental stedelingen stonden tegenover tienduizend boeren , binnen een paar minuten was het troepje rustverstoorders op de vlucht gedreven , niet echter zonder dat er duchtig stokslagen waren gewisseld . Intusschen dit was slechts voorspel . De stedelingen stroomden met massa ' s naar buiten en wachtten t ' e pelgrims op , waarvan de helft echter langs andere wegen dan den Antwerpschen straatweg huiswaarts was gekeerd . Tc ruim zes ure greep er eenc vreeselijke verwarring plaats . De",1
"hen vreest ; trouwens daartoe heeft het Centrum allen grond , want er behooren er nog duizenden tot de oud - Kathoiieken , wien het slechts aan den gevorderden moed ontbreekt om zich te verklaren ; ook is in de massa de grond voorbereid , waarin over korten of langen tijd het oudKatholieke zaad welig zal opschieten . Hij besloot met ' het Centrum te herinneren aan zijn meermalen geopenbaard verlangen naar vrede ; het kon nu bewijzen , dat",0
"Het eerste oogenblik van vrijheid voor die oogslukkigen veroorzaakte een geweldige opschudding : kreten van schrik , geschreeuw , schaterlachen , weeklageu , zuchten , dat alles mecgde sich dooreerven steeg als een akelig , verward gebrul op uit die massa half naakten , ilc tier heen en daar heen liepeD , maar te vergeefs een uitgang zochten . De groole trap , ir » het midden T * > » het gebouw , was reeds door ' de vlammen",1
"vagabonderen . De wetsbepalingen tot het tegengaan der vagabondage zijn niet alleen zeer onvoldoende , doch de naleving dier wetten laat zeer veel te wenschen over . Dag . lijks kan men dit feit constateren , wanneer men slechts de massa bevolking die zich van deu plantage arbeid heeft onttrokken als leêgloopers in de stad ziet rondzwerven . De gevolgen dier vagabondage bleven niet uit , de diefstallen daaruit voortspruitende , nemen dage » lijks toe . Nog een groot",0
". Plotseling neemt de profeet het woord : — Ik kan dit wonder slechts door het geloof verwezenlijken . Gelooft gij allen , dat ik op de wateren kan wandelen ? — Ja , wij gelooven ! scheeuwde de opgewonden massa . — Welnu , vervolgde Smith , koelbloedig zijn horloge uithalend , welnu , dan is het onnoodig om met zulk een beuzeling tijd zoek te maken . Time is Money . Keert tot uwe bezigheden terug .",1
"provincie te stellen tot dekking der nadeelen , vroeger dodlr de provincie in de » oorlog van 1863 — 64 geleden , heeft een zeer goeden indruk gemaakt . Het aantal ontevredenen beperkt zich tot een gering getal . De massa is goedgezind en de aangeheven klachten hebben haren grond niet in de eigenlijke bevolking . De oppositie bestaat uit de volgende categoneon . In de eerste plaats komt de zoogenaamde / / landsparty . De welwillendheid der Regeering aan",0
"uit het portier te ae "" , waaraan hij zat . De trein was bij het station en zou 200 aar | stonds ophouden ; op het perron stonden een menigte jjtènschen , die op hem wachtten , namelijk eene massa recruten , ' 6 verderop moesten ; ze spraken veel en luid met elkander . 1 u trok hij zijn hoofd terug , draaide zich om en bemerkte * ° or het eerst , dat hij alleen was .",1
"' het recht der kiezers om een afgevaardigde te dwingen , dat hij zich houde aan het programma , dat tusschen hem en zijn kieaers is vastgesteld . Da souvereiniteit berust voor ens democraten , zeide Naquet , bij de massa des volks . Een mandaat , dat van dezen souverein uitgaat , is niet van onwaarde . Naquet bepaalde zich tot enkele opmerkingen en stelde du 3 de verwachting der rechterzijde teleur . , - ~ rt - 13",0
", naar de meening der Vergadering , na het tot stand komen der Constitutie , niet meer in aanmerking komen . Haar ontwerpers waren van oordeel , dat sommige belangen beschermd moesten worden tegen de tirannie van ( ie groote massa , en vandaar dat zij nieuwigheden hadden voorgesteld . Spreker beschouwt die als gevaarlijk . Men zou daardoor een antagonisme te voorschijn roepen , dat verderfelijke gevolgen kan hebben . Bovendien , de Kamer zelve heeft reeds den staf",0
"opeengehoopt , maakte , n den beginne het werk der blussching moeielyk , want hoewel de menigte zich zeer ordelyk gedroeg , waren de schrik en de ontsteltenis zóo groot , dat versterking van politie noosig was , om de massa tot bedaren te brengen . „ . De wethouder Heynsius was op de plaats tegenwoordig . Het VondeUpark bestaat thans tien jaren . Den 15den Juni 1865 werd h . t voor het publiek opengesteld en sedert is zijn",1
"teweeggebracht , is allerongunstig , voorde » gewezen ambassdeur , zegt de Westr - Zcitung , niettegenstaande de in = koud , in zijn geheel genomen , van dit tegen den heer v . Bismarck gerichte geschrift aan de groote massa niet zeer bekendis . Van een staatkundig standpunt gezien , mag men hotbejammeren , dat de brochure in beslag is genomen ; maar er stond geen andere weg open , de wet gebood dat het geschrift in beslag werd",0
", dat iemand onzer zich door haar zal laten winnen of misleiden , zou ' t antwoord bevestigend kunuen luiden . Maar die tweeledige onderstelling is in strijd met de werkelijkheid en daarmede moeten wij rekening houden . Een groote massa kiezers , niet alleen in dit distrikt , maar over ' t geheele land mist genoegzame kennis om over de geschiktheid der kandidaten bij verkiezingen vooral voor Tweede Kamer te kunnen oordeelen en staat daardoor bloot aan misleiding en",0
"men al of uiet miIitiep 1 iebtigeu ( of die het worden zullen ) in de familie heeft . den Graaf dood en begraven is . Immers , de meeste stemmen gelden . Daarover zijn wij het eens . De massa ' s moeien de quaeslie uitmaken . Op wiens hand zijn de massa ' s ? Die zal triomfeeren . Zoodanig is de positie of liever zoodanig is de uildaging , die door de oprichting van den Anti -",0
") in de familie heeft . den Graaf dood en begraven is . Immers , de meeste stemmen gelden . Daarover zijn wij het eens . De massa ' s moeien de quaeslie uitmaken . Op wiens hand zijn de massa ' s ? Die zal triomfeeren . Zoodanig is de positie of liever zoodanig is de uildaging , die door de oprichting van den Anti - dienstvervanging bond gericht wordt lot allen die legen het Pruisische stelsel ( waarmede",0
"man van de Klok "" inhoudende een verzoek aan U , om eens een wandelingetje over het Stadhuisplein te maken , ten einde te bewerken dat men op de klok zou kunnen zien , hoe laat het was . Alhoewel massa ' s stemmen zich moeten laten hooren , alvorens men in het algemeen tot verbeteringen zoo had men nu inet de klok van het Stadhuis wel eene uitzonderin < r kunnen maken Daarom wenseh ik u de volgende vragen",0
"woning , met hoed en mantel om , gelijk zij van de reis was teruggekomen . Doch het mogt niet baten , om de menigte te doen verminderen ; integendeel , van uit alle aangrenzende straten kwam het volk in massa opzetten , zoodat de agenten van politie alsnu bepaaldelijk in last kregen om de zamenscholingen met geweld uit een te drijven , hetgeen men trachtte te verijdelen . De politie behield de overhand , de Maartensbrug , de Servetsteeg",1
"gewezen beminde , thans moeder , door hem verlaten was . Een ma - sa volk jouwdo het paar . bg den kerkgang en later voor de echtelijke woning uit . Politie , maréchausecs en militairen waren noodig om de massa uiteen te drgven . Bij het station van den Staatsspoorwog te ' s - Hertogenbosch heefi eea jongmensch ( hulponderwijzer ) zich met een pistoolschot van het leven beroofd . StukkeD , die bij hem worden gevonden , doen",1
"laten opsluiten in een gesticht , / / waaruit nooit een stem opgaat om recht te eischen , dat iv de A ? et voor ieder Nederlander ter bescherming zgner persoonlijke vrijheid geschreven staat . "" Zoo diqht was de massa op de Vischmarkt , dat er niemand kon doordringen , en de politie tegen 7V » uren met de blanke sabel het plein deed ontruimen . Even te voren warea eon paar bebuagstellendc personen naar het Vreeburg gesneld ,",1
"paar , waarvan de jonge man gedurende eenige jaren omgang gehad heeft met een ander meisje . Onder het zingen en schelden der volksmenigte werd het jonge paar naar de kerk geleid . Des avonds verzamelde zich weder een grootere massa onder groot geschreeuw voor de deur der jonggehuwden . De menschenmassa groeide gedurig aan , en de politie kon de zingende menigte niet uiteen doen gaan . Nu werd de hulp der marechaussee en der militaire macht ingeroepen ;",1
", die door de linkerzijde zouden worden aangewend om de aanneming te voorkomen en de verdere behandeling der wet te verdagen om de nieuwe Kamer iv deze te laten beslissen ; desnoods zou de linkerzijde tot dat doel zich in massa onthouden en daardoor elk besluit onwettig maken . Niets van dien aard is geschied ; ' t schijnt , dat krachtige besluiten in dezen tyd niet meer mogelijk zyn . De Bonapartisten waren van plan voor te stemmen ,",0
"van Eotterdam bewoog , had do politie aan het hoofd van den trein handen vol werk om de al te nieuwsgierigen op eenigen afstand te houden , en verderop waren de zangers alleen door hunne onderscheidingsteekenen te herkennen uit de massa , welke zich niet door den . regen liet weerhouden om met den stoet mede te loopen . Dit is de bekende , onbegrijpelijke liefhebberij van het volk . Hoeveel personen het feestgebouw des avonds wel bevatte , is",1
"opzetten : de politie schijnt evenwel , ter gelegenheid van den dag , duchtig versterkt te zijn , a thans wij wandelen als ' t ware tusschen twee muren , die zorgvuldig ons wit pad ontzien en de dringende nieuwsgierige massa tegenhouden . Het is een bekend vredelievend teeken , dat ook de vrouwen zich doen « en - - aj bewijzen do aanwezige ook weder , dat het getal « schoonèn . ' in de dubbele beteekems van t",1
"harer woning , met hoed en mantel om , gelijk zij van de reis was teruggekomen . Doch het mocht niet katen , om de menigte te doen verminderen integendeel , van uit alle aangrenzende stratsn kwam het volk ia massa opzetten , zoodat de agenten vau politie alsnu bepaaldelijk in last kregen om de zarnenscholingen met geweld uit eea te drijven , hetgeen men trachtta te verijdelen . De politie behield de overhand , de Maartensbrug , de Sarvetete",1
"— lO . Augustus . Gisteren had alhier een demonstratie plaats , die voor hen wie het aanging niet zeer aangenaam was . In den loop van den avond toch verzamelde zich voor de woning vau een paar jonggehuwden een massa menschen ' , die hen een serenade kwamen brengen , voor het gehoor minder streelend dan gewoonlijk het geval is ; uitjouwingen , bedreigingen enz . enz . wareu het thema , waarop allerlei variaties gemaakt werden . De",1
"de meening dat zij nog weggevoerd was , terug te brengen , zich verscheidene keeren in den avond voor haar huis of in de deur vertoonen . De volksoploop bleef echter voortduren , totdat ten laatste tegen half elf de massa ook van de Maartensbrug door de blanke sabel verdreven werd . Onder alle opzichten roemt men algemeen het gedrag der politie ; zij kweet zich met ijver en overleg van hare taak . In hoeverre het Utrechtsche Dagblad door",1
"omwegen naar het marktplein , j alwaar het rijtuig vau den rechter van instructie was j achtergelaten ; hij nam daarin plaats , in afwachting , dat de rechter van instructie later zou volgen . , Nauwelijks had de saamgeschoolde massa , die voor | de woning van den heer Rufzczynski had post gevat , dit vernomen , of ylings snelde men naar de marst ; j de geestelijke werd met geweld uit het rytuig gehaald « O in den",1
"paar waar van de jonge man gedurende eenige jaren omgang gehad heeft met een ander meisje . Onder het zingen en schelden der volksmeuigte werd het jonge paar naar de kerk geleid . Des avonds verzamelde zich weder een grootere massa onder groot geschreeuw voor de deur der jonggehuwden . De mensehenmassa groeide gedurig aan , en de politie kon de zingende menigte niet uit ecu doen gaan . Nu werd de hulp der marechaussee en der militaire macht ingeroepen",1
"de beruchte / / conservatieve belangen / / . Die bekende wending : / / We zullen natuurlijk niet enz , maar toch / / heeft ook nu weer het gewenschte resultaat opgeleverd . Er zijn in de Vergadering een massa Afgevaardigden , die zich zeer gemakkelijk bevreesd laten maken , vooral wanneer men begint met de gevaren waardoor / / de conservatieve belangen ' / worden bedreigd . Gambetta » heeft terecht aan de Begeering hare liai - delwijze",0
"Des avonds loopen langs de Hoogstraat eene massa meisjes en jongens , die het niet alleen den winkeliers , maar ook de voetgangers lastig maken . Vooral is zulks het geval op den Korte Hoogstraat , waar bedoeld volkje tot 1 uur na middernacht ronddwaalt . Omtrent",1
"van den andere . Zoo was hel tijdens de zoogenaamde nieuwe aer ' a : zoo bleef het in de laatste jaren der nationaal - miserabele zelfzucht en van den poliücken afval uit nuttigheidsberekening . Als zijne royalistische partijgenooten bij massa ' s den liberalen rok aanschoten , zeide Hesekiel dikwijls vol mismoedigheid : » » Gustav , nu zou ik ook wel met u op de republiek kunnen klinken , als het maar niet tegen mijne overtuiging ware .",0
"opgewonden vriend te scheiden en onder "" | e menigte te verdwijnen , ten einde verborgen in • le schaduw van een tegenover - gelegen huis de helder verlichte vestibule van den schouwburg in het oog te houden . De massa menschen had zich spoedig verstrooid , in de straten werd het rustiger , en slechts enkele huurrijtuigen bleven nog wachten . In ademlooze spanning wachtte de dokter in zijn schuilplaats , terwijl zijn scherpe blik gevestigd bleef op het",1
", organiseerde het zich in troepen ; allen die ia dezelfde wijk woonden , voegden zich te zamen ; luidkeels werden de wijken afgekondigd ; dertig , veertig en vijftig personen grepen elkauder vast en vormden op die wijze breede massa ' s , die nu langzaam , maar vrolijk zingende huiswaarts keerden . Zoo dikwijls de Parijzenaars een huis passeerden , welks bewoners zand of asch voor de deur hadden gew . rpen , werd er een levendig gejuich",1
"nadat alle amendementen op één na stelselmatig door de coalitie der linker - en naar links neigende fractiën verworpen waren . Alleen artikel 5 — ' twelk bepaalt , dat de 75 door de Nationale Vergadering te benoemen Senatoren in massa en bij volstrekte meerderheid van stemmen gekozen moeten worden — is wegens een amendement van Üelprat tot nader , wellicht tot heden , aangehouden . De Commissie der Dertig moet namelijk over dat amendement eerst rapport uitbrengen . De",0
"overstrooming gehad , die belangrijke schade heeft aangericht . Reeds gedurende een groot gedeelte van den ochtend hadden wy in de verte een brallend geluid gehoord zonder te weten wat het was . Tegen 11 unr echter zag men een massa menschen naar verschillende kanten vluchten onder het herhaaldelijk roepen van  de berg Kloet werkt . "" U kunt begrijpen dat ik niet op mijn gemak was en alles achterlatende naar een goed heenkomen zag , en mij daarom",1
"uitvoering dier peperdure wetten denken kan . De tijd zal leeren wat hiervan waar is . Deventer . Het Groot Engelsch circus van George Sanger heeft hier heel wat levendigheid veroorzaakt . Reeds Woensdag morgen bij den intocht was een massa volks op de been , dat zich vervolgens meest op den Brink concentreerde , waar met echt Engelsche handigheid en practischen zin de tent werd opgeslagen in den tijd dien een Hollandsche werkman zou noodig hebben om te overleggen",1
". Evenwel , zoo de liberale partij ele herziening goedkeurt , zij kan toch niet willen dat , onder dit voorwendsel , eenige hondcrdeluizenden personen , vreemd aan ons land door overlevering , gevoelens , taal en geboorte , in massa bij het Rumeensche huisgezin worden opgenomen . Door al , dus te handelen zouden wij de kiemen van ontbinding opnemen , en een contingent vormen , altijd gereed om bij den eenen of anderen buitenlandschen inval tot voorhoede te",0
"ik meen . dit te . mogen betwijfelen . De talrjjke groepjes , ' dia gewoonlijk voor slachtplaatsen vergaderen , ' wanneer de ' bloedige handelingen wórden voltrokken , bewijzen , ' ; dat . onder . de gewone . massa ' althans de ziekelyke sentimentaliteit , die de gemoédi - vegelaritrs maïl , niet groot is . • f . Voorts heeft men , terstands : vegetarièrt , die , deze leefwijze volgendei ! hopen gezond te worden of",0
"Mogt de dienst het vorderen , dan schaffen wij eene omnibus aan , waarin en waarop 20 personen kunnen plaats nemen . Alsdan wordt de prijs op 5 cent per persoon gebragt . "" Toen we Zondagavond en middag eene massa menschen met - en zonder kinderen van den dierentuin zagen komen , stelden we ons bovengenoemde dienst voor , als : in eene bestaande behoefte te voorzien . Velen althans zouden gaarne eene dergelijke aankondiging lezen . Mogt op",1
"spoed werd de tent opgetrokken ; zoo dat die om 12 uur reeds klaar was . ~ ■ ■ - . . ' a ^ - ^ ' - ^ wS ' ' ' * De bekendmakingen hadden een groote massa buitenlieden naar onze stad gelokt . Bij den optocht , die algemeen heeft voldaan , waren de straten , ; stoepen , ; ja zelfs dakgoten , dan ook totaal bezet met nieuwsgierigen . De voorstelling werd door ongeveer",1
"en voorts allen die voor de vensters en op de balkons , tot menigmaal ep de daken der minsteas 4 verdiepingen tellende huizen eene plaats hadden gekregen of gekocht , — dan kunt ge u een denkbeeld vormen van de massa « ïenschen , die hier bijeengestreomd was om dit wis eenig feest te aanschouwen . Reeds Vrijdag zou de optocht hebben plaats gevonden , maar Donderdagmiddag verkondigden aanplakbiljetten dat , na ingewonnen advies van het meteorologisch instituut , op",1
"Voorts ziet men generaal Gurko of den grootmeester van politie door de straten rijden in een open droschky , bespannen met twee paarden op Eussische wijze en geescorteerd door een brigade kozakken , die hun zwepen doen klappen . De massa der bevolking volgt dit schouwpel met een houding , waarin angst en schrik voor het vreeselijk en geheimzinnig uitvoerend comité en niet minder voor het verschrikkelijke regeerings - stelsel , waaraan het land onderworpen is , zijn afgeteekend ,",0
"ontbonden te zijn . Doch in werkelijkheid bestaat het steeds te Philippopolis , Tatar Bazardjik en in nog andere plaatsen , en is geheel in handen van de rooden of uiterste party , welke voet trachten te krijgen onder de massa , tot dusver in toom gehouden door de Notabelen . Zij willen de bevolking doen gelooven , dat de Notabelen , door het nieuwe gouvernement aan te nemen , haar aan de Turken hebben verkocht . Groot gevaar voor",0
"! ) van het feit , datrcch de Standaard , cch het Centraal Comité , noch eenig locaal leider ooit i ergens in ons land een zoo afioenden invloed zou unnenuitoefereDjdat men de anti - ravo ! utionnaire kiezers n massa tot het stammen op een Roomsch candidaat bewoog . » Dat willen de kiazars niet . ïUat doen ze niet . te breêg ^ "" ^ ° or S "" ' 6 * noch door bedreiging toe Waarom doen",0
"heden zegevierend doorstaao . De natie evenwel is minder gedwee , en zou , onder een beter kiesstelsel , haar verontwaardi ging ongetwijfeld eerlang by de stembus doen spreken . Mr . Kappeyne heeft niet alieen de van kiesbevoegdheid verstoken massa der bevolking , die trouwens in zjjn oog slechts een hoop oproermakers is 2 ) , van zich vervreemd , maar ook , zoo door zijn beleid in het algemeen als door zyn voorstellen tot partieels wyziging der wetten",0
", had onlangs injeen kolenmija een on » zntend vcorval plaats . Yierentwiutig oren te voren had inent gekraak in de mijn gehetrd , waarop alle Mannen , op ze ren - ' na , , onder het vallen Tan Massa ' s gaarde • e rots hun werk verlieten . £ en menigte velks kwam bijeen om de bedolveie » te redden , lies onderspit , dat alle zeven zij » ongekomen , doordien « en de eerst *",1
"NB ! ) te willen blijven verheffen . Free trade is een prachtige zaal . elf , niet anderen , de vrnchti echter wij antnooten bl I en zelf van de , : verstoken blijven , is ons , met massa ' s andoren , niet duidelijk ; het faalt ons waarschijnlijk aan ch hopen we dat het nog eens anders moge worden ; n ' ■ > ' & , met een goede bedoeling zoo gedaan ( wie twijfelt",0
"ija . Er behoort dan ook meer beginsel vastheid toe , dan men hg velen kan verwachten , om dor Bonapartistische zaak in Frankrijk thans trouw tv bljjven . Haar kans is voor eea goed deel verkeken . Ds groote massa ' s , die zich vroeger door ' t algemeen stemreeht lieten verblinden , bijten thans niet moer naar dit lokaai . Do part | jhoofden zjja echter gebleven , en onder hen moet n . cu de vurige",0
"van schaatsenrijders op de over ' t algemeen schoone ijsbanen . Er gaat schier geen dag voorbjj of men heeft gelegenheid om in de plaats zijner inwoning of in een naburig dorp eene hardrgderjj te zien , waarbjj steeds eene massa toeschouwers zich vertoonen , ook zonder dat de wedstrjjd in de bladen is geadverteerd , want men behoeft maar even iemand rjjdende langs de banen te laten omroepen op welken dag , welk uur en waar een jjsfeest zal",1
"hangt over de « rzwarte landstreek "" . De bewoners , die op feestdagen naar Wolverhampton of Birmingham gingen om zich te amuseeren , blijven thans de Kerstdagen in hun slecht verwarmde , van alles ontbloote woningen zitten . Bij massa ' s zijn zij aan de bedeeling vervallen . Velen ook , wien het tegen de borst stuit zich te doen bedeelen , solliciteeren om allerlei werk , en worden gebruikt voor het bikken van steenen of voor het",0
"echter te erkennen , dat ook zij , die niot tot de categorie der geloovige kiezer » behooren , voor een groot deel weinig politieke ontwikkeling hebben . De belangstelling in de algemeene zaak wordt over het algemeen bij ds massa gemist en die onder de liberale vlag medevaren , hebben eveneens stuurlieden noodig . Indien onze kiesvereenigiugen zich verheffen konden tot onderwijskringen voor het staatsburgerlijk » leven , of laat mij liever zeggen , indien m « n de",0
"meen ik niet te veel te hebben gezegd . Want te midden van het geschetter der beide ultra ' s , die elkander op het lijf vallan , br . ken de gematigd protektionnistische denkbeelden b \ j de groote massa der bevolking meer en meer baan , en raakt men hoe langer zio meer ingenomen met de voorstellen door den Rijkskanselier gedaan . Deze dringt in de eerste plaats aan - op vermindering der direkte en invoering der indirekte",0
"loofden die voorwerpen uit , terwijl er door anderen werd gezorgd voor de noodige melk , waarvan ook die scholieren profiteerden , die aan de rjjderjj geen deel konden nemen . Om de met vlaggen versierde baan had zich eene massa nieuwsgierigen verzameld , die getuige wilden zjjn van de pret der kinderen . Dank zjj de goede regeling liep alles ving en in de beste orde af . Van de pl . m . 100 rijders , die in",1
"die geen droppel bloed heeft doen vloeijen . Twee jaren geleden werd ik vervangen als president der Republiek . Mijn opvolger , die den tijd van zijn bestuur wilde verlengd zien , schond de constitutie . Het land kwam in massa tegen zijn gewelddadigen maatregel in verzet en eischte eerbied voor de wetten der Republiek . Aan mij nu is de taak opgedragen als scheidsman op te treden en den burgeroorlog te voorkomen . Die roepstem mag ik niet in",0
"de overigen , die elkander , om den prijs eerlijk te kunnen winnen , niet vertrouwden , doch meenden v . d . M . heel wel te kunnen strijken , wezen hem van de hand . Enkelen uit de massa toeschouwers kwainea op de hoogte van wat er gaande was , ca als door een loopend vuurtje was de stand der zaak sooedig algemeen bekend geworden en werd de wensch geuit , dat v . d . M .",1
"19 Juli 11 . twee zeer ongunstig bekend staande meisjes de groote muts af en de kindermuts opgezet hadden , tengevolge van herhaalde misdrijven . Zoo opvallend zijn de gevolgen van de opgelegde straf , dat ik ze onder de massa meisjes , die kort haar dragen , niet had opgemerkt . Het is laster dat er een bevel zou zijn uitgevaardigd , dat kinderen buitenshuis niet mogen spreken over wat er in de stichting voorvalt . Er gebeurt dan",1
". De sociale politiek , zooals die thans door de conservatieve zijde gedreven , is voor ons een raadsel . Aan de eene zijde staat het algemeene stemrecht , ' t weü het staatkundig zwaartepunt legt in handen van de massa ' s ; aan den anderen kant zien wij de prijzen der noodigste levensbehoeften stijgen en tegelijkertijd zal een poging in het werk worden gesteld om den rechttoestand van zeer talrijke klassen der maatschappij te beperken . Wij vragen",0
", hoe mon met gerustheid een ernstige beslissing mocht te gemoet zien , welke gesteund zou worden door hut advies van zoovele kundige mannen , als hij voor zich vergaderd zag . Hij noemde slechts een zestal namen uit de massa , waaronder ook die onzer technische landgenooten Conrad en Dirks , die met een daverend applaus begroet werden . Thans werd den leden verzocht zich ieder bij een der vijf commissiën of afdeelingen aan te sluiten , waarin de",1
"onderdanigheid en tuoht , waardoor men op den dng van den stryd bepaald op hon moet kunnen rekenen , in te prenten . Men kou zich wel is waar niet meer tot den grooten hoop , de menigte , de massa wenden , doch een staf vormen , dio , op het beslissend oogenblik , het land op sleeptouw nemen zou . Dit ware trouwens in 1873 , toen men den graaf van Chambord tweemaal dc kroon aanbood , byna",0
"zich in de armen der socialisten , wier aanvoerder Demnis Kearney , een Ier van geboorte , een der sluwste volksleiders is van allen die zich in do Yereenigde Staten hebben opgeworpen , waar men met een ongekend talent de massa aan zich weet te boeijen en de verkiezingen te leiden . De veldtogt , waarin Kearney ten laatste gezegevierd heeft , is met meesterlijke taktiek en sluwheid gevoerd . In den beginne kwam hij echter al te openlijk met",0
"juist de wekelijksche groote passardag was , zeer druk was bezocht . De tijding hiervan en het gebrul van den tijger bragten groote consternatie te weeg . Koopers en verkoopers lieten hunne waren in den steek . Weldra stroomde eene massa menschen , gewapend met geweren , pieken en lansen , naar de plaats waar de tijger zich ophield . De wedono loste het eerste schot en raakte den tijger , het tweede evenwel miste . Toen deed het dier",1
"gaan en het resultaa ' 1 ten voordeele der atttiliberale richtingen toch hetzelfde zijn . — Komt de liberale partij openlijk voor haar inconsequenties uit , verdedigt zij die en predikt zij zeals haar leer , verkondigt zij dat de massa * voor de uitoefening van het stemrecht te dom zijn , datdesectescholen haar verderfelijk toeschijnen , dat zij een gedisciplineerd leger verlangt , enz , — ■ dan loopt haar doctrine groot gevaar , om eenheid en vastheid van",0
"mogelijk zou zijn sneller vooruit te gaan op den weg der hervorming . Tot eene soort revolutie der Kamer tegen den president wilde men niet besluiten , daar zoowel de samenwerking van den Senaat als de goedkeuring van de groote massa der rustige burgers voor een » radicale onderneming van dien aard niet verzekerd waren . Het was voorzichtiger de zaken te laten gaan , totdat zij vanzelf den gewenschten uitslag bewerkten . Het duurde niet lang of die verwachting",0
"per trein van 11 . 30 werd , door de Belgische politie begeleid , alhier aangebracht en aan de Nederl . justitie overgeleverd Henri Polak Kerdijk , een der vroegeie directeuren van de Afrikaansche - en Rotterdamsche Handelsverenigingen . Een massa volk was aan ' t station vereenigd om den beruchten man te zien ; doch de meesten werden teleurgesteld , omdat de politie het goed vond het kiesch gevoel van den delinquent niet te treffen , en hem het",1
"de yerëeniging voor Geschiedenis en Kunst , die ze in haarlokaal boven de Beurs geeft tentoongesteld . "" De schilderij stelt voor een oude vrouw , die , voor naar den brandstapel te gaan , ten aanboore . vaneen groote massa volks , hare rechters hun onrechtvaardig vonnis verwijt . De vrouw in haar eenvoudig zwart kleed met de sprekende trekken , is de hoofdfiguur , maar het merkwaardige van dit doek is juißt , dat aan alle overige figuren",1
"gesteld , dat men in eigen levensonderhoud kan voorzien - In dien zin , elementaire ontwikkeling en voorziening in eigen onderhoud , verdedigt spr . het algemeen stemrecht . De behandeling van het vollf achter de kiezers als een indistincte massa , erdie tronen omverwerpt » , moet ophouden . De Regeering wil letten op de taekenen des tyds in dsze quaestie , maar obaerveert de Regeeriig wel goed ? De oppositie tegea onß kiesstelsel is do uiting van den",0
"werd aangeboden . » Terwijl wij trachtten , ons met de eetstokjes — voor deze bijzondere gelegenheid waren het prachtige ivoren — iets naar binnen te krij - gen , wat ons tamelijk onhandig afging , stond buiten een groote massa volks voor de deur , die de » vreemde duivels , welke hunne tual spreken en schrijven kunnen "" , wilde bekijken . Onze toestand had op dat oogenblik veel overeenkomst met dien van wilde dieren in een beestenspel",1
"irdeelde dan hij zelf . Gambetta werd populair , omdat hij den oorlog wilde voortzetten , toen er geen andere kans was dan Frankrijks algeheele ondergang . He theorie van vechten tquand - même "" maakte hem populair bij de massa , die zijn eerzucht voor vaderlandsliefde hield . Hij ( Jules Hmon ) was van plan geweest op verzoek van Thiers gewapend tegen Gambetta op te treden , maar Gambetta nam toen juist zijn ontslag . Sedert dien was",0
"- ! ting , waarmede men op het yolk achter de ' kiezers neerziet , door het voor te stellen als proletariërs , gepeupel , dat tronen om - ! verwerpt en barricades opricht . Dergelijke1 behandeling van die indistincte massa moet in het belang van ieder ophouden . In ver - i band met de belofte van het ministerie ora te letten op de teekenen der tijden , wijst spreker er op , dat de oppositie tegen ons kiesstelsel",0
"groote republikeinsche minister , waart ge maar iu Kcgeland gebleven ! "" In oik gviva ! is lo betwijfelen of deze midduaaraiol , die da minuiur werkulijk op zich sehgnt te hebben genomen , hem bemind zal maken bg de massa . Is dus vervanging der gematigde door moer geavanceerde ministeis ver van onmogelijk , de lei , die de hoofdstad dezer dagen van het platteland ontving , kan de gomatigdo partij doen winnen . Te Charente viel bij de",0
"di » Maandag met grooten lof ontvangen werd door zijno kiezers bij zijn aankomst aan het station , dan kon men daarin beter dan in all » theoretisch » besshouwingen het bewijs zi » n , dat de eigenlijk » massa der werklieden volstrekt niet in de dwaasheden der socialisten deelt . De organisatie der werklieden laat nog zeer voel te ' wenschen over . Zooals zq nu ingericht zijn , hebben zij tegelijkertijd niet genoeg wettige vrijheid en te",0
"geid en handel kon verkee reu . Zij wisten ac openbare meeuing om te wenden : Grant werd herkozen . Thans gelijkt de toestand weer op dien van 1872 . Hasde ! en vertier komen weer op , en de massa laat ongaarne het vuil water van ' t republikanisme wegvloeien , om het onbekend , demokratisch overwicht ia de uitvoerende en de wetgevende macht te krijgen - Dat de verbetering van de zaken een feit is , bewijzen landbouw",0
"van r ^ ouele n in ééne schelp 5 paarlen gevonden . De ïwitecrsche Bondsraad heefteen wetoontwerp in gereedheid gebracht , betreffende de geheime middelen . De Bondsraad gaat daarbij uit van dit standpunt , dat alle pogingen cm de massa der bevolking ta dexer aanzi . n op da hooVte der zaak te brengen , niet voldoende blijken te zg ' n Van da » ijd . der Kantende regeering heeft men getracht door wet telijke bepalingen het kwaad",0
"d ik , "" dje afgevaardigd » is ' in den loop der zitting veel minder geneigd , op het oogeablik zijner verkiezing , belegde vergaderingen niet bq ' te won_ en gedane beloften to verzaken . Bovendien geeft de massa der kiezers , zoo wakker gebonden , zich beter rekenschap vjn de jtaatkifndige fe | t » n , d » jood . ijakelijkheden van het oageblik , de eischen van den teestand , d . te overwinnen hinderpalen",0
"het denkbeeld der protestpartij , die slechts bestrijding beoogde , maar werkelijke behartiging der belangen aan hunne zorg toevertrouwd . Deze gezonde zin der Elzassers heeft zich eindelijk vrijgemaakt van den verderfelijken invloed door de ultra ' s op de massa der goedgezinden uitgeoefend . Een der eerste bewijzen van den degelijken vaderlandslievenden geest die thans begint te heerschen , is de uitslag der gehouden verkiezingen .",0
"het denkbeeld der protestpartij , die slechts bestrijding beoogde , maar werkeüjko behartiging der belangen aan hunne zorg toevertrouwd . Deze gezonde zin der Elzassers heeft zich eindelyk vrijgemaakt van den verderfelijken invloed door de ultra ' s op de massa der goedgezinden uitgeoefend . Een der eerste bewijzen van den degelijken vaderlandslievenden geest die thans begint te heerschen , is de uitslag der gehouden verkiezingen .",0
", In sommige kringen houdt men zich bezig met het bespreken van dit onderwerp en een soort van agitatie van hoogst besekeiden aard , in verband met de aanstaande verkiezingen , laat zich ginds en elders waarnemen . De groote massa echter der daarbij betrokken bevelking , neemt daaraan hoegenaamd geen deel . Vroeger heeft zij gelijke onverschilligheid aan den dag gelegd ten opzichte van de gansche constitutionneele quaestie , als thans geschiedt ten aanzien van de ten uitvoerlegging der",0
". In sommige kringen houdt men zich bezig mot het bespreken Tan dit onderwerp en een soort van agitatie Tan hoogst bescheiden aard , in verband Met de aanstaande verkiezingen , laat zich ginds en elders waarnemen . De groote massa echter der daarby betrokken bevolking , neemt daaraan hoegenaamd geen deel . Vroeger heeft zij gelijke onverschilligheid aan den dag gelegd ten opzichte van de gansche constitutionneele quaestie , als thans geschiedt ten aanzien van de ton uitvoerlegging der",0
"de vleugeldistricten een liberaal . En zoo kan , zoo moet het ook hier worden . Arasterdam is voor ééu district veel te groot . De kiezers komen dan ook eenvoudig niet op . Een klein clubje advocaten ringeloort de massa . Kortom , heel het politieke leven kwijnt weg . Maar stel eens , er waren zeven districten , elk voor één candidaat . En immers , in zulk een toestand zou er uit de stembus komen kunnen wat",0
"wou er niets van hooren . — Neen ! zei hij , de Republiek zal naturalistisch zijn , omdat het zoo moet , maar ik hoef het niet te zijn . Zoo kwam men bij den heer Zola . De massa menschen was zeer groot ; de bezoekers waren niet alleen opgepropt in de zijkamer , maar zij vulden zelfs de trappen . Er waren er op de binnenplaats , in de kelders , op straat . leder ging op",1
"stem r niet anders is als eene [ formaliteit | ten gerieve van dezen of genen persoon vervuld . "" De kiezersversvereenigingen maken dan ook de taak aan de kiezers ligt . Zij denken en stemmen en beslissen voor de massa , die niet anders heeft te doen dan naauwkeurig den naam over te schrijven , van dengene die door de vereeniging tot kandidaat werd geproclameerd . Maar al zijn wij niet ingenomen met het despotiek „ eza cr der",0
"1453 kiezers . Amsterdam herkoos zijne drie afgevaardigden , — onvervalschte „ kanaalmannen "" toch , — met niet meer dan een vierdepart van het geheele stemmencijfer . Het behoeft geen betoog , dat bij zulk : een onthouding in massa iedere gissing naar de ware verhouding der partijen onder de kiezers haren grond verliest , en de proeven van cijferkunst , welke . door de anti - liberale partijen bij elke verkiezing worden afgelegd , om te doen uitkomen",0
"nieuwen erfprins ™ len scharen , moet de toekomst leeren . De groote meerheid der Bonapartiston is alles behalve met Prins Napoleon ingenomen , en hij telt slechts enkele aanhangers \ ! ^ . v , Emile Ollivier . wüe massa der imperialisten — naar de hidèpendance doet opmerken — tegen Sten pry 3 het keizerrijk met Jerome , en een keizerrijk ' der keiser in ' t leven te roepen , is een lastige zaak . Men mag uit",0
"moeiiykheid af te wenden , door in dea Sanaat een hoop vrijmetselaars te brengen , maar de nieuwe senatoren weigeren gedurende ' ' eze zitting te stemmen . Wat meer is , 150 afgevaard ^ den vereenigen zich om ia massa hua outslag te nemen en daardoor het ministerie te noodzaken zijne toevlucht tot eene aUemaeae verkiezing te nemen . Dat is natuurlijk de val van Dapretis . Er moest hedea eene monster - meeting plaats hebben te Pavia ,",0
"Etna schade hadden geleden , brak een vrij ernstig oproer uit . Den Sen dezer , tegen 2 uur , begonnen zich in de kleine stad samenscholingen te vormen . Plotseling sloten al die groepen zich aaneen tot een groote massa , en een stem riep hoven alle andere uit : » Naar den Gemeenteraad ! Wij moeten ons recht verschaffen ! » De menigte antwoordde met den kreet : « Naar den Gemeenteraad . - De troap , die",1
"de kanalenwet stemde en zich losmaakte van zuiver locale belangen , — die trouwens door het wetsontwerp niet bedreigd werden — kan voor gezond ontwikkelde politieke personen geen argument tegen hem zijn , maar ' t was tegenover de groote massa , die te bewerken was , een nog al gelukkig pretext , en gretig vatte men dat aan . De zegepraal is nu voor de liberalen wel niet verloren , geloof ik , maar ze is van den luister",0
"zooals het Frederiksplein , opeenhoopten , zonder de reis te kunnen vervolgen . Daarentegen werd de passage van onafzienbare filés rijtuigen door niets belet of belemmerd . Het gevolg was , dat vooral op vele kruispunten , eensdeels door de massa rijtuigen , anderdeels door de aankomst van den stoet des Konings , meermalen een hevig gedrang ontstond . Maar de geest , die onder tde volksmenigte heerschte , was zóó uitmuntend , dat men elkander hielp , in plaats",1
"gestolen . Twee VRouwas waren gisteren aan het baden in da kali Boeugkil , toen een harer plotseling ontwaarde dat al haar kleedingstukken , die zij aan deo oever hadden neergelegd , gestolen waren . Op haar hulpgeroep daagden een massa menschen op ; allen vonden echter de zaak zoo grappig , dat ze geen andere kleeren voor de badenden wildon halen , maar lachend hun weg gingen , ' t Duurde lang vóórdat aan dc moeilijke poaitie een einde",1
"vóór de tribunes opeengepakt , en voorts allen die voor de vensters en op de daken der minstens . 4 verdiepingen tellende huizen een plaats hadden gekregen of gekocht , — dan kunt ge u een denkbeeld vormen van de massa menschen , die hier bijeengestroomd was om dit wis eenig feest te aanschouwen . Reeds Vrijdag zou de optocht hebben plaats gevonden , maar Donderdagmiddag verkondigden aanplakbiljetten dat , na ingewonnen advies van het meteorologisch instituut , op Vrijdag",1
"ia denzelfden toestand . "" Beaconsfield bestreed ook de tweede motie vaa lord Bateman , die eea enquête wilde omtrent de oorzaken van de krisis . Hij achtte zulk een enquête niet verstandig ; was de toestand van de groote massa vau het volk werkelijk onhoudbaar , zooals men het deed voorkomen ? Beaconsfield geloofde het niet , hij meende dat een verbetering in den toestand op handen was en de berichten uit Amerika versterkten hem in die meening .",0
"vleugeldistricten een liberaal . En zoo kan , zoo moet het - ook hier worden . Amsterdam is voor één district veel te groot . De kiezers komen dan ook eenvoudig niet op . Een klein clubje advocaten ringeloort de massa . Kortom , heel het politieke leven kwijnt weg . Maar stel eens , er waren zeven districten , elk voor één candidaat . Denk het u , dat zich om den Dam een district van het raiddenpunt der",1
"in een gewoon ochtend - toitet gestoken , doch ik moest mij tat achteraf houden tegenover de volle Pinkstertoiletten , die zoowel mannen als vrouwen ten toon ca ten wedstrijd spreidden . Echt paedagogisoh waren ook weer de kinderen in massa vertegenwoordigd , hel eene al fraaier uitgemonsterd als let andere . De muziek was goed , het was militaire muziek ; de massa militaire muziekkorpsen alhier viuden talrijke gelegenheid om in Berlijn hunne kunst dikwijls en goed te doen",1
"als vrouwen ten toon ca ten wedstrijd spreidden . Echt paedagogisoh waren ook weer de kinderen in massa vertegenwoordigd , hel eene al fraaier uitgemonsterd als let andere . De muziek was goed , het was militaire muziek ; de massa militaire muziekkorpsen alhier viuden talrijke gelegenheid om in Berlijn hunne kunst dikwijls en goed te doen betalen ; gelukkig voor de concertgevers dat de militaire overheden dezelooowachtjes niet in strijd uiten met de militaire eer . ( Wordt vervolgd",1
"eveneens afgevallen is , gedistantieerd , Flora rent bij den afrijpaal Kilap voorbij , en wint in 2 ' 7 ^ "" Kilap 2e . Cora Se . Op beide dagen was het zeer geanimeerd , vooral door de gtoote massa vreemdelingen die van hun belangstel ling deden blijken . Op den len dag luisterden Z . E . de Goeverneur - Generaal en Mevrouw van Lansberge het feest met hun tegenwoordigheid op met vele uit Batavia overgekomen Eereleden .",1
"leden onder de benQen \ den aan . Tot de eerstbedoclden behoort zelfs de zoo bekende heer Stocker , de man , die aan het hoofd heeft gestaan der « christelijk democratische partij , "" wiens tegenwoordigheid aldaar aan de massa der belangstellenden zeer bevreemdt . — In het kanton Hagenau , nabij Straatsburg , heeft in het begin dezer week een verkiezing plaats gehad van een lid der districtsvergadering , welke van algemeen belang mag worden geacht , zoo",0
"toren ~ . in brug , eenige . met rouwflours omhangen brandende lantaarns aan het station Delftsche Poort , alwaar ook het kleine garnizoen mariniers stond opgesteld , en eenige militaire en spoorwegautoriteiten aanwezig schijnen geweest te zijn . Eene massa van Rotte ' s burgerij was ook daar opgekomen om getuige te zijn van het sombere schouwspel . Maar nauwelijks was de trein tot stilstand gekomen , of een groote hoop stormde en drong als eene bende wilden ,",0
". Men zal nu proeven nemen zoodra zware mist heerscht . Indien het licht dan 20 meter ver doordringt , zullen op de drukste punten electrische lampen worden geplaatst . Tijdens het Chineesche nieuwjaar hebben zich Chinezen en inlanders in massa ' s vermaakt met het dobbelspel langs den grooten weg . Zoo heeft de politie van de benedenstad eergisteren in de Chineesche kamp op klaarlichten dag een te zamen geschoold partijtje dobbelaars , inlanders zoowel als Chinezen , gearresteerd",1
"omver gereden , en heeft , naar men zegt , zijn been gebroken . Tolbert , 27 Jan . Een gezelschap jongelieden had zich gister van hier naar de Leek begeven , om daar op de vlakte , waar eene massa volk aanwezig was , zich met schaatsenrijden te vermaken , ' s Avonds ging men weder huiswaarts . Onze hulponderwijzer , die bjj dat gezelschap tegenwoordig was , geleidde zijne dame , eene dochter van G . M .",1
"Stakelbeek van Wanneperveen en G . ' . van der Belt , te Ambt - Vollenhove , benevens E . Eaber en diens zuster , te Veenhuizen , ontvingen ieder ƒ 5 . Het terrein was smaakvol versierd ; een massa volks ' ian alom bewoog zich op de rijbaan eu aan weerskanten stond een niet minder groot aantal nieuwsgierigen . Voor het bekomen van ververschingen was uitmuntend zorg gedragen . De orde liet niets te wenschen over . '",1
"commissaris van het muziekkorps , den WelEdelGestr . heer kapitein Boerrigter en den heer kapelmeester Schuld geluk met de vorderingen , die ' t korps voortdurend maakt . Nu kwam , wij gelooven ' t meest aantrekkelijke voor de groote massa der aanwezigen : een tombola met 122 groote en kleine prijzen , waaronder in de eerste plaats een zilveren remontoir , en waarvoor ieder militair een lot was gegeven . D , or de lieve zorgen van een vrouwenhand",1
"De oude Prinsenstad liad reeds vroeg een ontzaglijke massa menschen van allerlei rang en maatschappelijken stand binnen hare muren vereenigd . Geen opgewekte , vroolijke gezichten ontwaarde men echter op dezen somberen Januaridag ; een droevige , ernstige trek op het gelaat verraadde integendeel , dat die duizenden",1
"clericalisme ( lees het Catholicisme ) de vijand is . Na van de te verwachten gematigdheid der overwinnaars gesproken te hebben zegt de genoemde Köln . Ztg . letterlijk : / / Het een of ander zoenoffer zal men der massa ' s in ieder geval moeten brengen , en daartoe schijnt Gambetta de clericalen uitgekozen te hebben : hun budget en hunne voorrechten zal men wel besnoeien , ja , een vormelijken culturkampf tegen hen aanvangen . . .",0
"tegenspraak , maar toch meen ik niet te veel te hebben gezegd . Want te midden van het geschetter der beide ultra ' s , die elkander op het lijf vallen , breken de gematigd protectionnistische denkbeelden bij de groote massa deibevolking meer en meer baan , en raakt men hoe langer zoo meer ingenomen met de voorstellen door den Rijkskanselier gedaan . Deze dringt in de eerste plaats aan op vermindering der directe en invoering der indirecte belastingen .",0
"die geen droppel bloed heeft doen vloeien . Twee jaren geleden werd ik vervangen als president der republiek . Mijn opvolger , die den tijd van zijn bestuur wilde verlengd zien , schond de constitutie . Het land kwam in massa tegen zijn gewelddadigen maatregel in verzet en eischte eerbied voor de wetten der republiek . Aan mij nu is de taak opgedragen als scheidsman op te treden en den burgeroorlog te voorkomen . Die roepstem mag ik niet in",0
": Ik heb mij heden morgen in persoon "" jaar ' t jachtterrein te Tjiloear begeven ; ? a « r zijnde heb ik een twaalftal heeren la ? ers behoorlijk geposteerd ontmoet , ter - J ' jl een massa inlanders als drijvers dien - ? en , vergezeld van eenige . honden . Dat die "" Sanders tamelijk wel hun stembanden de ? en trillen laat zich begrijpen , een van r 1 » sloeg in ' t",1
"waren voorgesteld , vertrok onder daverend gejuich en het spelen van het Nederlandsche Volkslied de trein ten 3 . 37 . Door het dochtertje van den Burgemeester , werd HM . de Koningin een bouquet aangeboden . Een groote menschen massa was van alle zijnden toegestroomd en de geestdrift was groot . Van Oldenzaal stoomde de trein naar Zutfen , waar de wachtkamer 2e klasse eveneens in een sierlijke receptiekamer was herschapen , rer wijl het Bengaalsch vuur , dat",1
"Lyon en Marseille do macht in handen heeft . Wel zal de regeering , als tot hier toe , zich tegen het ultra - radicalisme bljjven verklaren , en ook Gambetta is hiertoo in eigen belang verplicht , maar do massa des volks is in groot gevaar op den radicalen stroom ongemerkt naar het socialisme af to drijven . De 5 Januari heoft , in elk ge va ' , een helderen blik op den toestand mogel ijk gemaakt en",0
"weken zijn bekend . En met de beurspaniek moest zich , dat was het beoogde plan der haute finance , welke in overeenstemming met het ministerie arbeidde , eene politieke paniek verbinden ; de bezittende middelstand moest in zijn breede massa ' s met schrik tegen het radicalisme vervuld worden en zich tengevolge daarvan nauwer om het ministerie scharen . „ Wie zoo iets voor eene regeering doen kan , kan het ook tegen eene regeering ; hij kan revolutiën",0
", dat werd aangeboden . „ Terwijl wg trachtten , ons met de eetstokjes — voor deze bijzondere gelegenheid waren het prachtige ivoren — iets naar binnen te krijgen , wat ons tamelijk onhandig afging , sïotkii buiten een groote massa volks voor de deur , die de „ vreemde duivels , welke hun taal spreken en schrijven kunnen , "" , wilde bekijken - Ome toestand had op dat oogenblik veel overeenkomst met dien van wilde dieren inleen beestenspel",1
"Kamer bestaat uit 535 leden , eoodat de regeering erkennen moet geene meerderheid voor hare motie gevonden te hebben . De 212 voorstemmers behoorden tot de Republikeinsche linkerzijde en het Linker Centrum . De leden der Unie hebben zich in massa evenals die der uiterste linkerzijde onthouden . De 97 tegenstemmers behoorden tot de rechterzijde behalve drie leden van de uiterste linkerzijde . De radicale bladen zijn uiterst verheugd over dezen uitslag , waarin zij eene geduchte nederlaag van Gambetta",0
", toen Louis Blanc , de hartstochtelijke sophist , in zqn „ Organisation du Travail "" ze onder de menigte bracht en een politieke partij om zich verzamelde ( 1839 ) . Van iien tqd af gistten zq onder de massa ; Comte en Enf & utm h ddsn zich aristocratisch afgescheiden van de ruwe werkelijkheid ; zij wilden niet door het volk hun werk tot stand brengen . Louis Blanc stelde hun ideeën op het programma der radicalen .",0
", en keeft reeds zijne goedkeuring geweigerd aaa de benoeming der ' ; wethouders , door den keer Giuss » voorgestold . Men zegt , dat het doel vaa ket Kabiaet is , om dan gemeenteraad te nepen , in massa zijn ontslag te nemen , omdat nieuwe verkiezingen waarschijnlijk een » meerderheid zouden opleveren , met een anderen staatkundigen geest bezield . Doch de gemeenteraad wil daarvaa niets weten . Ik geloof niot , dat deze kleine burgeroorlog de",0
"heeft r » eds zijn » geedkeuriag geweigerd aan de benoeming der ' ; wethouders , door den heer Giusse voorgestold . Men zegt , dat het doel van het Kabinet is , om den gemeenteraad te nepen , in massa zija « ntslag te nemen , omdat nieuwe verkiezingen waarschijnlijk eene meerderheid zouden oplevere » , met een anderen staatkundigen geest bezield . Doch de gemeenteraad wil daarvan niets wete » . Ik geloof niet , dat deze kleine",0
"voor een gedeelte ook van blijvende lui ; dat de jeugd er zicli op verschillende wijzen gelden liet tn men het met het lidmaatschap op dien avond , zeer verstandig , zoo nauw niet genoden he ft , De menschen massa , die zich van toko tot toko eu van pleisterplaats tot pleisterplaats voortbewoog , was zeker zoo groot niet als ia vroegere jaren , maar toch talrijker dan zich , met het oog op de zware bui , die",1
"de loods stapt weldra over , en brengt het laatste nieuws mede ; de man wordt bestormd methon * derde vragen ; op hem steunen wij nu ; hij zal ons behouden binnenbrengen in het Vaderland . Wij zien die massa volk aan de haven heen en weer loopen ; velen herkennen hen , die zij zoeken , sommigen vinden niet wat zij begeeren . Het schip wordt vastgemeerd en Indië is uit hunne gedachten verbannen . Vaartwel wakkere mannenl",1
"niet te * vragen ; de sporen in de sneeuw toonden duidelijk aan , dat hij tot het geslacht der vossen behoorde . Niet zonder welgemeende verwenschingen keerde onze jager zich om en wilde met zijn 20 % van de massa in handen naar huis gaan , toen hij , op dertig pas afstauds , Reintje in eigen persoon zag staan , die zeker gekomen was om den laatsten der Mohikanen te halen . Buiten zich zelven van woede ,",1
"oogenblik , voor een legitimist of voor een republik « in stemmen . A_n de andere zijde meet mea « cktcr niets overdrijven . Hi « tt » g9nst_and » de onwetendheid dor kiezers , is er toch in die massa , die het algemeen stomreekt uitoefent , een geest van vrijheid , « ene neiging naar vooruitgang en ontwikkeling , een last ns & r hervorming , die wel is waar niet altijd genoeg gotemperd is , die als",0
"hot Westen langzamer van ms « ning veranderen ; maar het is die g6he . h . __id aan de eens aangenomen beginsels , die voer de Republiek eenen kostbare waarborg zal zijn , wanneer zij eens door den groote massa als haar beginsel zal opgenomen zijn . De verkieziig , di » n verleden Zondag te Kamerijk heeft plaats gehad , en waarbij de . Bonapartist Jules Amigues door den republikein Cirier verslagen is , bewijst , dat de",0
"figuren , zelfs door een Italiaan of Hongaar , vond steeds bijval ; ook het lezen van ziju werken , ook in goede overzettingen , blijft voor een denkend en ontwikkeld mensch een groot genot ; maar of de groote massa op den duur deze voorstellingen druk zoude bezoeken is niet aantenemen en bet is zeker dat op de wijze van Romév en Julia tegenwoordig weinig minnehandel meer gedreren wordt en zoo dit treurspel een twintig keer voor volle zalen",0
": doet zich thans een merkwaardig verschijnsel SSlG , vooVl ' 7 Zijdie - vóór ' allés rlistVéirTangen t ' "" do "" gematigde eerlijke massa , verlangt naar hervatting van liet parlementair leven . Men boeit genoeg van de massa ' s - geruchten dio ■ , . van alle kanten in . de - wereld zijn gestuurd over de amnestie , over art . / der lu > ogcrouderwijs - wet , over voorgenomen wi wéder afgezegde volksdeluonstratien",0
"« m ' te land » waren voorgevallen . Zoo hebben wij in bet Noorden gedacht , dat de hser Loui » Blan » in d » departemaiten dn Gard « a d » I ' Hcrault een » ontzettende massa aanhangers had , dat de mia of meer socialistische droombeelden van den » « kendcn r » dcn » ar vo » l bijval g « vonden hadden , omdat w $ in d » dagbladen lazen , dat",0
"veranderen ; maar het i » dio gslioehthaid aan de ean » aang » nor_ « n beginsels , die voor de Republiek eenen kostbar » waarborg zal zijn , wann » » r zij een » door don groote massa al » haar b » gin » » l zal op2enom » n lijn . De verkiezing , dien verleden Zondag te Kamerijk heeft plaats gahad , en waarbij do . Bonapartist Jules Amiguo » door den republikein Cirior",0
"weeg gebracht heeft , val * zeer te betwijfolen ; het accident met den zandruiter had immer * de menigte alras in een vroolijke stemming gebracht en wisten we het niet beter , wij zouden gedacht hebben dat die juichende massa van het nontonnm naar een parade huiswaarts keerde . Omtrent den verleden week door den heer B . gopleegden zelfmoord , loopsn de berichten nog al uiteen ; ons is dienaangaande ter oore gekomen , dat bg kortelings wegens",1
"eigenlijk werd ook een barricade beleerd , maar de deuren van het onianzienlrjke gebonw , dat als zoodanig dienst deed , waren goed gegrendeld , terwijl een Ci > rdon van politio - agenten de sterkte tegen de steeds voortjagende massa poogde te verdedigen . En wat was er nu aan de hand ? — Niets meer en niets binder dan eene wanhopige poging van duizenden , om nog 5 ? 01 getuigen te mogen zijn van een sehonwipel ,",1
"waar reeds zeer velemen ' schen vergaderd zyn , om zich te verwarmen en te ontbijten . Men drinkt atsji \ sjina , punch of thee . Om één uur weder I buiten komende , zie ik de menschen | massa vertienvoudigd : alle vensters der op jde Newski uitkomende huizen zijn met | nieuwsgierigen opgevuld ; zelfs op de met i sneeuw bedekte daken hebben vele men | schen post gevat . De straat is aan weers • z",1
", V Herhaaldelijk is dezerzijds , vooral gedurende de jongst verloopen twee jair , de aandacht van Regeering en plaatselijk bestuur gevestigd op het feit . dat eiken avond in den omtrek van de toptafel te Passer Baroe , een massa Inlanders ( ook Europeanen ) sjevonden worden , die , door tusschenkomst van Chineesche handlangers , aan het dobbelspel deelnemen , en werd tevens er op gewezen , * dat die Inlanders daar werden aangetrokken door het bij hen",0
"onderdanigheid en tucht , waardoor men op den dag van den strijd bepaald op hen moet kunnen tekenen , in te prenten . Men kon zich wel is waar niet meer tot den grooten hoop . de menigte , de massa wenden , doch een staf vormen , die , op het beslUsend oogenblik , het land op sleeptouw nemen zou . Dit ware trouwen » in 1873 , toen men den graaf van Chambord tweemui de kroon unbood ,",0
"liberalen den uitslag , zooals gewoonlijk , aan de slechte opkomst der kiezers toe . Het pruissische kiesstelsel , dat deigetrapte of indirecte verkiezingen ( Bismarck noemde het vroeger het slechtst mogelijke ) is dan ook niet geschikt om de massa ' s op te winden . De wijze waarop het toegepast wordt , werkt daarenboven een goede opkomst niet bijzonder in de hand . De gang der verkiezingen is deze : De Ur witbier , die de Wahlmiinner moeten",0
"te Groningen op den brauil hoorn geblazen , terwijl bijna terzelfder tijd ook de brandklok luidde en door de politieagenten het gewone brandsignaal niet hunne schelklinkende trompetjes in de verschillende straten werd gegeven . Tengevolge daarvan was spoedig een groote massa mrnschen op de been . Ieder vroeg waar de brand was , doch niemand kon daarop met zekerheid antwoorden , lntusschen rukte de brandweer met de spuiten en aanjagers uit naar het noorden der gemeente , daar het gerucht",1
"lacds "" , was z | n . woord tot de senatoren , in zake de amnestie . . i En zoo zg ' n blindheid toonend , schoolde regeering zelf een bres in de maatschappelijke toestanden , door in massa conservatieve bestuursleden en rechters te ontslaan , door maatregelen tegen geestelijke orden , onbeperkte vrgheid van vroegere communisten enz . Geen wonder dat de revolutionaire storm dreigt los ta breken . Tegen zoo kortzichtig en zwak een kabinet meent",0
"weghalen , of zoogenaamd rampassen van verschillende op een verhevenheid zich bevindende eetwaren , beeldjes , vlaggen , enz . Voor den Chineesehen tempel ep Sentiong hadden zich in den namiddag va » Zondag jl . tot dat einde_ eene massa Cbineeze » verzameld , steeds wachtende op het sein , dat nit den tempel tot het begin der feestelijkheid zou worde » gegevo » , terwijl op het terrein , zelf zich een wacht van cavaleristen bovond , om",1
"zoe ; genaamd rampassen van verschillende op een verhevenheid zich bevindende eetwaren , beeldjes , vlaggen , onz . Voor den Chlnee ' sohen tempel op Sentiong hadden zich in den namiddag van Zondag jl . tot dat einde_ eene massa Chineezen verzameld , steeds : wachtende op het sein , dat uit den tempel tot het begin der ! feestelijkheid zou worden gegeven , terwijl op het terrein . i solf zich een wacht van cavaleristen bevond , om",1
in de laatste dagen is bel ie i ' anjs volkomen rustig en de Parjjzenaars wachten zich wel ziel » daaiover le beklagen . Zij die vau politieke agitatie leven zijn slecbls weii . igen in gelat . De groote massa in Frankrijk leelt tegenwoordig van den arbeid en ver langt naar de parlementaire vacaalie ; die haar do neodige rust sehenkl . ilet politieke leven beslaat thans — in naamveranderingen van straten . l ) e prefect Heiold is,0
"den uitslag , zooals gewoonlijk , aan de slechte opkomst dor kiezers toe . Het Pruisische kiesstelsel , dat der getrapte of indirecte verkiezingen ( Bismarck noemde het vroeger bet slechtst mogelijke ) is dan ook niet geschikt om de massa ' s op te winden . De wijze waarop het toegepast wordt , werkt daarenboven een goede opkomst niet bijzonder in de hand . Misschien is men er niet algemeen mede bekend en is een korte beschrijving hier niet",0
"onvoorwaardelijke amnestie de voorkeur gegeven , omdat hij als afg » vaardigde van Belleville ( Parijs ) en volgens zijne vroegere beloften gehouden was haar niet te bestrijden , zoo heeft hij te zeer het begip van hetgeen de groote massa der kiezers vrrdragen kan , om haar onmiddellijk te willen toepassen . Reeds in de lentezitting heeft hij zich van alle openbare deelneming aan de discussiën over de amnestie onthouden . Doch hij acht het misschien niet onwenschelijk ,",0
"in de armen der socialisten , wier aanvoerder DeunisKearney , een ' ler van geboorte , een der sluwste volksleiders is van allen die zich in de Vereenigde Staten hebben opgeworpen , waar men met een ongekend . taleut de massa aan zich weet te boeien tin de , verkiezingen te leiden . De veldtocht , waarin Kearney ten laatste gezegevierd heelt , is met meesterlijke taktick en sluwheid uitgovoerd . In den beginne . kwam hij . echter al",0
"Handelsvereeniging aan de overzijde van de Maas voor den handel opengesteld . — Gisteren - avond omstreeks half negen uur zijn twee heeren door een rukwind tegenover den Grooten Schouwburg opgenomen en in den Coolwinkel geworpen . Spoedig was een massa volk ter plaatse , "" en werden de beide personen gelukkig gered . Dordrecht , 20 Oct . Gisteren - avond ten omstreeks 11 uur vervoegde zich bij de politie een man , te kenneng - vende , dat",0
"in de armen - ler socialisten , wier aanvoerder Dtmnis Keorney , een ler van geboorte , een der sluwste volksleiders is van allen die zich in de Vereenigde Staten hebben opgeworpen , waar hg met een ongekend talent de massa aan zich weet te boeien en de verkiezingen te leiden . De veldtocht , waarin Kearney ten laatste gezegevierd heeft , is met meesterlijke tactiek en sluwheid ge vconi . In den beginne kwam hij echter al to openlijk",0
"zeker , hrj volkomen herstellen zal . In het kamp schijnt het kermis te zijn , een poffertjeßkraam , waar tevens allerlei ververschingen verkrijgbaar zijn en eene kraam met paling zijn de lijn der cantincs komen yergrooten en trekken een massa burgers , die na eene vermoeiende wandeling komen uitrusten . Het is thans nacht en ik kan niet j langer werken , bovendien we » t ik niet hee lang mij de rust ' gegund zal zijn . Over",1
"het gericht plaats , en de zwarte vlag weril lioven deu iugang der gevangenis opgehaald een weinig voor de gevange nis klok hel uur van 8 begon le slaan . Niet tegenstaande het onaangename natte weder was er een groote massa rondom de geiangcnis inde stralen vergaderd . Van zelf , deze menigte konden niet meer zien « lan de zwarte vlag , cn du 9 na weinig tijd » verwijderde zich het grootste deel . De misdadiger heefi een",1
"6 uur zijne feestrede zal houden en waar reeds 15 è , 1600 zitplaatsen zijn , worden nog meerdere aangebragt . Mogt het weder er het zijne toe bijdragen , dan verwacht men de volgende week binnen Gruno eene groote massa menschen , die de verschillende feesten en vooral die van Woensdag en Donderdag , zallen komen bijwonen . De nieuwe cursus der Rijkslandbouwschool te Wageningen is begonnen met 115 leerlingen . In Arhem loopt , volgens het Vad .",1
"nieuwe conservatieven , van vrije en van Duitschconservatieven , van een rijksgezinde partij of hervormers van den economischen toestand des rijks ; men bedenke wel dat zij allen in denzelfden vorm zyn gebakken ; het is een en dezelfde reactionnaire massa , waarvan de verschillende elementen allen even gevaarlyk zijn èn voor de vrijheden des volks én voor de beurs der belastingbetalende bevolking . Koeien met gouden horens hebben zij den burger en den landman toegezegd bij de beraadslagingen in",0
"zich het grootste deel van Straatsburg ' s inwoners en vreemdelingen in de straten der stad , teneinde de verlichting te bezichtigen ; het stadhuis en de kazernen trokken vooral de aandacht , voor die gebouwen verdrong zich steeds een massa volk ; men begrijpt dat juist van die zijde zooveel mogelijk was gedaan , daar men op de burgerij nog niet veel durfde vertrouwen . Intusschen viel dit mee . Niet dat de verlichting het ook maar in de",1
"Sonneman te Bnisum gegeven werd . Het programma , dat goed gekozen was , werd zeer goed afgespeeld en vergoedde daardoor het vermoeiende eener terugreis , in het donker over de hobbelige heide . Het kamp wordt dagelijks door een massa menschen bezocht , en daarbij ziet men soms de allerprettigste tooneelen . Hier ziet men een boer en boerin , overluid redeneerende over de f / vreemdheid en rarigheid "" van dien soldatenboel , en daar ziet men soms",1
"auwMPiiiiw ■ ■ ' ■ ■ ' "" ' — ■ - toebracht . Het gevolg van het gevecht was , dat de op ' s avonds bepaalde muziekuitvoering achterwege moest blijven . Over ' talgemeen word doof , een massa ' ingezetene » verlangend naar het vertrek tder kleurlingenn uitgezien , ! die het , n weerwil van hun stoïeijnsche natuur , wel wat te bont ' maken . ■ B ij hé t oprui m e n !",1
"ontzaggelijke menigte hebben vo rkomen . De avond - optogt mogt zich niet in zoo goed weder verheugen als die , welke des morgens was gehouden . Eenige kleine regenbuijen hebben echtemiet verhinderd , dat ook nu weder eene enorme massa toeschouwers zich op de been bevond . Terwijl de stoet , door talrijke fakkels verlicht , door de straten voorbijtrok , werd door zeer vele inwoners bengaalsch vuur ontstoken , dat een prachtigen gloed over de glinsterende en flikkerende",1
"door het wegaaten , ot zoogenaamd rampassen van verschillende op eene verhevenheid zich bevindende eetwaren , beeldjes , vlaggen , enz . Voor den Chineschen tempel op Sentiong hadden zien in den namiddag van Zondag jl . totdat einde eene massa Chinezen verzameld , steeds wachtende op het sein , dat uit den tempel tot het begin der feestelijkheid zou worden gegeven , terwijl op het terrem - zelf zich een wacht van kavallensten bevond , om tegen mogelijke onordelijkneden",1
"den voormiddag gedurig zeer ongunstig , was tegen den middag geheel opgeklaard en ofschoon er vrij wat wind was , hadden de kleinen er toch niet veel last van , omdat de kracht van den wind gebroken werd door de massa ouders en andere belangstellenden die zich om het feestterrein geschaard hadden . Dit terrein was door welbekende en ervaren handen wederom hoogst doelmatig ingerigt en met een aantal vlaggen versierd . De bij dergeljjke leesten gewone versnaperingen werden in",1
"meer dan 500 man , als dio niet wordt gebruikt daar , waar men weet dat ongeregeldheden kunnen voorvallen . Er loopt ' s avonds een enkele politieagent , dio natuurlijk , en verstandig ook , do zingende ca tierende massa ' s laat voorbijgaan . Toch meende ik , dat straatrnmoer verboden was , althans des nachts , waarom dringend wordt vereischt , dat de politie ; zoolang de feeaten in Nieuweramstel nog plaata grijpen , wat _ «",1
"door het weghalen , of zoogenaamd rampassen van verschillende op een verhevenheid zich bevindende eetwaren , beeldjes , vlagger ; enz . Voorden Chineeschen tempel op SenUong hadden zich in den namiddag van Zondag jl . tot dat einde een massa Chineezen verzameld , steeds wachtende op het sein , dat uit den tempel tot het begin der feestelijkheid zou worden gegeven , terwijl op het terrein zelf zich een wacht yan cavalerïsten bevond , om tegen mogelijke onordelijkheden te",1
"een - trum toegezegd bij de indiening der voordracht ' op de wederinvoering der zoogenaamde woekerwet , — dezer da ° - en door ons medegedeeld , — zal door liet centrum worden beantwoord door het voorstel der conservatieven in massa te onderteckenen . Daarenboven moet hierbij worden gevoegd de mede - « deeling , dat onderhandelingen tusschen de beide genoemde f raetien worden gevoerd , ten einde een overeenkomst tot stand te brengen ten aanzien van een aantal vraagstukken",0
"hun klee deren en alles wat zij bezaten , in tegenwoordigheid van den cipier , de oppassers en sleuteldrager der gevangenis te Kendal . De meesten hunner , die zich tegen die rooverijen en plundering verzetten , werden door de massa vastgehouden , geslagen en met geweld van hun eigendom beroofd . Het stilzwijgend aanzien van genoemde ongerechtigheid door vermelde gevangenisbeambten moet worden gezocht in de omstandigheid dat de sleuteldrager debitant 13 van opium aan de gevangenen , en het",1
"! Hulpvaardigheid . Een angstkreet steeg er door de lucht , En aanstonds meldde alom ' t gerucht : „ Een man te water , help terstond , „ Of de arme zinkt zoo naar den grond . "" Een massa volk liep naar de gracht , Maar niemand die er mog aan dacht , Om zich te wagen iu het diep , Waar men zoo luid om hulpe riep . Daar snelt een winkelier vooruit En roept : „",1
"bij elkander en zelden zal een pastoor een meer aandachtig publiek hebben gehad . Eenieder had zijn ingespannen aandacht op de Zigeuners . Middclerwijl was in het kamp het achtergebleven gedeelte , een paar vrouwen , jongen 3 eu da massa kinderen ( de Zigeuners schijnen mij het meest vruchtbare ras dezer aarde te zijn ) , wat opgeknapt . Mannen , vrouwen en kinderen dragen het hoofdhaar zóó lang als het groeien wil , iv glanzende zwarte krullen ,",1
"ja , dat zelfs de meest onverbiddelijke vervolging , waaraan zjj thans ongetwijfeld zal blootstaan , met goed gevolg zal worden bekroond , omdat de maatregelen tegen deze bolagere der maatschappelijke orde nu eerst sympathie en steun bij de groote massa zullen vinden . Hot nihilisme heeft met dezen moordaanslag zijn laatste kaart verspeeld en daarmede zal het zijn spel waarschijnlijk verloren hebben . Voor het behoud der ' openbaro orde in Rusland is deze mislukte aanslag inderdaad eene zeer",0
"heeft . Het geheele werk is eene reusachtige loterij ; de meest bekwame mijnwerkers falen er , terwijl de nieuwelingen soms schatten oprapen ; voor allen is er werk in overvloed . Toen de intogt der mijnwerkers en schatgravers in massa begonnen was , volgden spoedig winkeliers , herbergiers , speculanten , spelers met den verderen aanhang van menschen , die zich liever verrijken met te bedriegen , dan door te werken ; iedereen slaagde , want de gelukkigen verkwisten",1
"t hart ineen bij de gedachte , dat in diezelfde enge ruimte honderde rijtuigen , karren , Vrachtwagens , enz . in beide richtingen elkander onophoudelijk afwisselen , llet gedrang wanneer de Drug opgehaald geweest , is en de bonte massa van weerszijden zich iv die kleine ruimte verdringt , gaat . alle beschrijving te boven . Hat groote gevaar had men kunnen en moelen voorkomen . Op de Hoogesluiè kan dc versiering in spe eveneens , hoewel in mindere",1
"gewenschte doel zullen leiden . De nihilisten zullen thans nog te meer reden hebben tegen de Regeering te strijden , terwijl de ontevredenheid van het volk eer toe dan afnemen zal . Zooveel dwang is een uitmuntend middel om de massa tot wanhoop te drijven , welke misschien een verzet kan doen geboren worden , noodlottig voor het tegenwoordig Eegeerings - syateem . De tijd zal leeren hoeveel overheeraching het Russische volk kan verdragen voordat het zich met geweld vrijmaakt",0
"om de binnenstad en den feeslweg . Wal daar aan stadgenoot en vreemdeling le aanschouwen gegeven werd , was verblindend schoon . Geen wonder , dat oud en jong op de been was . Als rivieren en beken golfde die massa door de straten en langs de beide kanten der grachten , als dreef een zelfde kracht hen voort , ' t Was een heldendaad dien stroom te klieven , ' f Was onmogelijk er tegen op te roeien .",1
"verboden geworden ware ) dank zij vooral ook * het vriendelijke weer en de pracht links en rechts , die elke andere gedachte clan aan kijken en genieten op de vlucht dreef , liet de orde , ondanks de ontzettende massa , niets te wenschen over . ' t Was gezellig zich op de straat te bewegen , ' t Was een alleraardigst schouwspel uit de ramen en van de balkons op die massa , neer te zien , op",1
"liet de orde , ondanks de ontzettende massa , niets te wenschen over . ' t Was gezellig zich op de straat te bewegen , ' t Was een alleraardigst schouwspel uit de ramen en van de balkons op die massa , neer te zien , op te merken hoe de wateren zich verdeelden en weer vereemgden , hoe nu hier dan daar een meer vol liep of een zelfstandige stroom zich handhaafde dwars door dat meer heen . '",1
"reusachtige loterij ; ! de meest bekwame mijnwerkers falen er , "" ter - ! wijl de nieuwelingen soms schatten oprapen ; 1 voor allen is er werk in overvloed . Toen de intocht der mijnwerkers en ' schatgravers in massa begonnen was , volgden spoedig winke - ! liers , herbergiers , speculanten , spelers met den I verderen aanhang van menschen , die zich liever ; yerrijketf } bedriegen , dan door te wer - ; ken ;",1
"stonden reeds lang van te voren duizenden geschaard en overal werd het koninklyk rijtuig met geestdriftig gejuich begroet . Dat alles geschiedde met de meest gewenschte orde , zonder dat de politie ergens meer behoefde te doen dan de stroomende massa ' s en de talrijke particuliere rijtuigen in circulatie te houden ; de geest onder de bevolking sloeg ditmaal van vroolijkheid en luidruchtigheid eens niet over tot brooddronkenheid en baldadigheid Duurde het gejoel in de stad tot laat in",1
"Het begint al mooi druk langs de straten te worden ; . de eerepoort van de Visscherij beeft veel bekijks en de tempel aan de Rijnstraat niet minder , ofschoon de groote massa hier bestaat uit menschen , die zich . reeds vroeg ■ een plaatsje hebben uitgezocht om den stoet het eerst te ' kunnen zien . Lang kan ik mij niet ■ ophouden met naar het gejoel en gewoel te",1
". Herhaalde malen werd dan ook halt gehoudeu , en vooral bij het Beursplein , waar een gernimen tijd werd stil gestaan en waar van den Dam komende rijtuigen met door licht en muziek bijna schichtig geworden paarden tusschen de massa door moesten , had de politie groote moeite om de orde te handhaven en gevreesde ongelukken te voorkomen . Eindelijk bsreikte de stoet den Dam . Dtize was met cijferbordjes door agenten van politie zoodanig verdeeld , dat de",1
"door , waar voor het overige het carillon van den paleistoren aankondigde , dat HH . MM . aan het Rijnstation waren aangekomen . Alle huizon waren tot aan den nok met toeschouwers bezet . Van lieverlede verzamelde zich eene massa volks achter de gelederen der troepen , de volksmenigte werd steeds grooter , naarmate zij , die elders don stoet reeds gezien hadden , van alle kanten kwamen aansnellen om te beproeven ook iets te zien van hetgeen op",1
"eene woelige menschenzee , waaruit hier en daarl als eene reddelooze sloep een rijtuig te voorschijn kwamfl hpoedig echter verspreidde ook deze onafzienbare mcni < ~ t < rfl zich lang , alle uitgangen ; ijler en ijler werd de massa ! en tegen half elf was het Damplein weer on ^ eveerH teruggekeerd tot zijn nlledaagschen natuurlijkenBstaatlM De serenade was afgeloopen ; ware ze door hcfl weder meer begunstigd geworden ze zou ongetwijfeld ^ B een schoonen indruk hebben",1
"Dam door , waar vooi het overige het carillon van den paloistoren aankondigde dat HH . MM . aan het Rijnstation waren aangekomen . Alle huizen waren tot aan den nok met toeschouwers bezet . Van lieverlede verzamelde zich eene massa volks achter de gelederen der troepen , de volksmenigte werd steeds grooter , naarmate zij , die elders den stoet reeds gezien hadden , van alle kanten aansnelden om te beproeven ook iets te zien van hetgeen op den",1
"tot boven aan de kroon op den top , waren langs alle lijnen vetglaasjes ontstoken en te midden van dien lichttempel liet zich de muziek van de schutterij ibij tusschenpoozen hooren , Kon ik mij totnutoe , niettegenstaande de kolossale massa volk , die op de been was , en de lange file rijtuigen , . vrij en gemakkelijk voortbewegen , nu was omzichtigheid noodig , om door den trechter , die van de Plaats naar Hoogstraat en Noordeinde voert",1
"door die nationale eigenschap te exploiteeren . Duizenden kiezers heeft zij alzoo voor zich in het strijdperk gebracht , die anders len deele niet , ten deele tegen haar gestemd zouden hebben . Een ander vraagstuk , wat op de massa , ofschoon niet met gelijke kracht , pleegt te werken , is de ministerieële quaestie . Wanneer deze gesteld wordt en dus de candidaten in ministerieële en anti - ministerieele verdeeld zijn , staat de kiezer tusschen een ja",0
"voor de Maatschappijen opleveren . De verwachting , dat het betere wéér ook het getal bezoekers der Tentoonstelling van elders aanzienlijk zou vermeerderen , blijkt thaus dagelijks . Gisteren zag men de stad vol vreemdelingen , maar heden is de massa nog veel sterker . Tegen 1700 op dingsdag , werden er heden meer dan 2700 alleen met de extra - treinen uit Overijssel aangevoerd . * Bij de vele muziekuitvoeringen die dezen zomer , bijna zonder verpoozing , hier",1
"in werkelijkheid be staat het steeds te Philippopolis , Tatar Ba ? ardjik en in nog andere plaatsen , en is geh « el in handen van de rooden of uiterste partij , welke voet trachten te krijgen onder de massa , tot dusver in toom gehouden door de notabelen . Zij willen de bevolking doen gelooven , dat de notabelen , door het nieuwe gouvernement aan te nemen , haar aan de Turken hebben verkocht . Groot gevaar voor",0
"der winkels , waarin zich ontplofbare voorwerpen bevonden , in de lucht vloog en 17 menschen daarbij het leven verloren . De inwoners van de ongelukkige , alweder door gele koorts verpeste stad Memphis , in Amerika , nemen in massa de vlugt , zoodat er slechts de armsten , een 10 , 000 in getal , achterblijven . Tot dusver kwamen er in geheel 80 gevallen voor . De paniek in het omliggende land is ontzettend , en de",1
"- Assen , waar zich het muziekcorps van n Buuren bij hen voegde . Gezamenlijk spoorde ïen nu , onder vrolijk gezang , terug naar de halteHooghalen . Daar stonden een 25tal kinderen , die achtergebleven waren , en eene massa ouderen de terugkomenden op te wachten . In optogt , met de muziek n ' t hoofd , ging het nu naar het schoolgebouw , aar muzikanten en kinderen als om strijd de vreugde . deden schallen . Onderwijl",1
"vergeten de trap regts in het toofd - portaal op te gaan , waarlangs men hït in de Tentoonstellingszaal uitziend talcon bereikt . Het gezigt van daar in die smaakvol gerangschikte en gedrapeerde zaal , waar eene groote menschen - massa zich onophoudelijk beweegt , is treffend schoon . Eu zich dan omkeerende , kan nen door een glazen beschot de koninklijke receptie - salon beschouwen , voor weller inrigting en versiering alles is ten beste gegeven , wat de",1
"bij den eersten oogop - lag dat wij weken , ja maanden in dat monsterachtig ' gebouw zouden hebben moeten doorbrengen om een denkbeeld van zijn inhoud te krijgen . Met was een wonderlijke kermis , doch de zich voortbewegende massa ' s lieden uit allerlei landen die wij daar ' agen waren nog vreemder . Ik ontdekte dat indien ik er een maand moest blijven , ik meer gekeken zou hebben naar de menschen , dan naar < le",1
"en getiteld : een nieuwe mode onder het Directoire . Verder imponeerde ons het meest de terugkeer van de wedrennen vau dat ontelbaar aautal équipages . Zulk een défilé duurt een paar uur , en ontzaggelijk is de menschen - massa , dis zich laug9 de wegen heeft geschaard . . en groot is haar geduld evenzeer . * % Hoe Telen dier toovergodinnen der élégante Parijsche wereld sullen toen nog vermoeid geweest zijn ran het feest van den Torigen",1
"beiden . Nó hadden hardnekkige regenbuien alles bedwrven . Koppige natte boeren en luchthartige pïeizier - reizigers onder parapluien , die al maanden te voren hat uitstapje naar Scheveningen bepaald hadden , waren de eeolgo vertegenwoor digers van die vroolijke massa , welke anders door onze straten zwierde eu hst ajeheele dorp Scheveningen bezette . Het terras van het badhuis , waar anders op dien dag geen tafeltje onbezet blijft , was leeg . De gasten verscholen zich onder de",1
", wanneer men eenige doodslagen en verwondingen uitzondert . De hitte dien dag was buitengewoon , want de thermometer bereikte op sommige plaatsen 98 ° in de schaduw . Toch gedroeg zich het volk bijzonder goed , zelfs daar waar massa ' s bijeen waren . Ons geliefde plekje tegenwoordig is Concy Island , en men berekent dat 75 . 000 personen zich aldaar op dien dag aan het strand bijeenbevonden om de zeelucht te genieten . Doch stel u",1
"dat eenige preperativen waren gemaakt om deze liedertafel , die zoo luistervol de eer van Nijmegen buitenaf had gehandhaafd , heden avond feestelijk in te halen . Het weêr scheen dit echter te verhinderen , zoodat , niettegenstaande eene onafzienbare massa aan de stoomboot vereenigd was , de liedertafel in alle stilte naar de concertzaal » de Harmonie ' ' trok ; hier waren vele notabelen en belangstellenden vereenigd , doch schitterden ook tevens door hunne afwezigheid de beide zuster",1
"der tentoonstelling . Niet iedereen mocht het gelukken over balken of o ver horden te gaan , en die er naast kwam was minstens tot de enkels in de modder . De dames waren , als echte Engelscho , in massa gekomen , ook vele van de hoogste standen ; zij konden zich na tien minuten niet meer beroemen op een frisch toilet of nette chaussnre ; regen en modder waren onverbiddelijk en respecteerden de schoone sexe minder dan de",1
"Hoe niun van verschillende zgden ook de waarheid ten ondor houde , de massa onzer kiezers begrijpt e vangoed den stand der beide steitspartgen alstdie der administratie . De eerste 2 maanden dezer zitting gaven de misslagen der Democratische meerderheid den Republikeinen ' t voordeel ; ware er van gebruik gemaakt , menzon",0
"' slands welzjjn schadendo maatregelen . Da kreet van » Staatsrechten "" , » Afscheidende instellingen "" , zoo vaak door de Republikeinen tegen hun democratische tegenstanders aangeboren , heeft niet meer den onden invloed op het algemeen . De massa der kiezers heeft langzamerhand begrepen , dat de kwalijk verzekerde rechten der Uaien , voorul dat van plaatselijk zelfbestuur , geenszins tegenover do volle uitoefening van de macht der Algemeene regeering zjjn . Beide zijn neergelegd in de constitutie",0
"wilde dien man zien , „ wiens eenigste wensch was honderd jaar oud te worden ! "" De getergde reiziger slaagde er ter nauwernood in zich met zijn beide bewakers en zijn knecht door de vlucht te onttrekken aan de massa nieuwsgierigen , die als uit den grond oprezen . Te voet , ditmaal te voet ! beklom hij de bergen der Gele rivier , en hij liep door totdat zijn metgezellen en hij van vermoeienis neervielen in een klein",1
"12 - 2 ure was et matinée - musicale in de nrachtig versierde feesttent , die ten vorigen jare door de Vereeniging is aangeschaft . Om 3 uur begon de ringrijderij met paard en chais , die door een eroote massa toeschouwers werd bijgewoond , en die als om strijd dan eens de heeren aanvuurden tot inspanning en dan weer luide hunne tevredenheid te kennen gaven over de rijkunst der dames . Na afloop hiervan werd wederom de "" feesttent",1
"dik en dun . De aanhangers van het centrum hebben den heer Riisl , deken te Turscheureuth , candidaat gesteld . Deze verklaart , dat « buiten het centrum geen heil "" bestaat . Met dergelijke leus laat zich de massa in Beieren thans niet vaDgen . Het jongstverschenen nummer der National - Zeitung deelt ten aanzien van de kansen van den eerstgenoemden candidaat op een eventueele verkiezing tot lid van den Rijksdag , nog ket volgende mede : De",0
", zette zich op den koevanger , hield zich met de eene hand vast en greep met de andere hand bet slapende kind . — De inwoners van de ongelukkige , alweder door gele koorts verpeste stad Memphis nemen in massa de vlucht , zoodat er slechts de armsten , een 10 , 000 in getal achterblijven . Tot dusvör kwamen er in het geheel 80 gevallen voor . De paniek in het omliggende land is ontzettend , en de",0
"& n de 1453 kiezers . Arnsterdam herkoos zijne drie afgevaardigden — onvervalschte « kanaalmannen "" toch , — met niet meer dan een vierdepart van het geheele stemmencijfer . Het behoeft geen betoog dat bij zulk eene onthouding in massa iedere gissing naaide ware verhouding der partijen onder de kiezers haren grond verliest , en de proeven van cijferkunst , welke door de anti - liberale partijen bij elke verkiezing worden afgelegd om te doen uitkomen hoeveel meer stemmen",0
"daarvoor billijke aequivalcnten toe te kennen . Het eerste bewijs dat er werkelijk scheuring in de genoemde partij is ontstaan , heeft zijn parlementaire uitdrukking verkregen bij gelegenheid van de stemming over het tarief ; toen hebben verscheiden leden de massa der partij verlaten en tegen de voordracht gestemd . Een ander bewijs daarvan levert ons de houding der ultra ' s van de clericale partij in Zuid - Duitscbiand . De verkiezing van den intransigent , den lieer Schaffler",0
"- * , gedistantieerd , Flora rent bij de afrijpaal Kilap voorbij en wint in 271 / 4 "" , Kilap 2e , CÓra 3e . Op beide dagen was het zeer geanimeerd , vooral door de n - roote massa vreemdelingen die van hun belangstelling deden blijken . Op den len dag luisterden Z . E . de Gouverneur - Generaal en mevrouw van Lansberge het feest met hun tegenwoordigheid op met vele uit Batavia overgekomen eereleden . Het",1
"Als kundige politieke personen zijn zij zeer gevreesde candidaten , en moeten met voorzichtigheid en beleid bestreden worden . De nationaalliberalen windelijk bezitten totnogtoe de groote meerderheid , doch hebben nu met het algemeen stemrecht te kampen , dat de massa en niet de intelligentie doet heerschen . Zij gaan met het Noorden te zamen en vinden in de „ Badische Landeszeitung "" hun hoofdorgaan . Zij hopen op de verkiezing van mannen als Lainey , Kiefer en Roggenbach .",0
"zich niet vertoonden . Men kwam op de gedachte , dat deze zich misschien naar Parijs hadden begeven ; de chef van de geheime Engelsche politie vertrok dientengevolge naar Frankrijk en bemerkte aldra , dat werkelijk de Engelsche boeven in massa het Kanaal waren overgestoken , om » zaken "" te doen in het regeringlooze Parijs . Hij berekent , dat minstens 4000 beruchte boosdoeners deze industrie drijven .",0
"wordt betwijfeld . Wel zijn er in Marseille , Lyon en sommige andere steden dezer dagen stemmen opgegaan , die voor de commune pleitten en aansluiting aan haar streven aanbevalen : doch zelfs in de bedoelde steden schijnt de groote massa der bevolking zich de zaak niet aan te trekken . In het dagblad der commune is eindelijk eene officiële mededeeling gedaan omtrent de uitkomst der verkiezingen , welke verleden zondag alhier ter aanvulling van jjden gemeenteraad zijn gehouden .",0
"niet van het doel , maar van de middelen , en deze worden even sterk in Nederland veroordeeld . In alle grootere steden van Europa — men denke slechts aan Berlijn in 1848 — is er eene ruwe , onwetende massa , welke onder dergelijke omstandigheden hetzelfde zou doen , als hetgeen de zoogenaamde roode republikeinen thans te Parijs uitrigten . Vergadering van den Gemeenteraad op zaturdag den 29sten april , des namiddag ten 1 ure , ter behandeling van",0
"des lands zal enkel door katholieke afgevaardigden worden vertegenwoordigd ; de liberalen zullen uitsluitend meester in de Waalsche provinciën zijn . "" Aan het slot zijner rede zeide de heer Frère : n In die plaatsen waaide handswerklieden eene magtige massa uitmaken , zal het , wanneer de voorgedragen census - verlaging hun er het gemeentelijke stemregt zal hebben gegeven , lïgtelijk kunnen gebeuren dat er door aanhangers - en geestverwanten der Internationale te eeniger tijd pogingen worden gedaan om",0
"eerlijko verklaring aangaande den uitslag der verkiezingen van den zestiende , niet aantrekkelijk door hare oprechtheid en openhartigheid ' i Hij zegt : / / Wij hebben in ons blad met allen niogelijken nadruk de kiezers aangespoord , om in massa op te komen . Maar het stelsel van onthouding heeft gezegevierd . De uitslag der verkiezingen bewijst in de eerste plaats , dat wij volstrekt geen invloed hebben , hetgeen ons bedroeft , en ten andere dat de Commune",0
"binnen Het is reeds bezet . Nauwelijks vinden zij nog een klein kamertje waar zij door eenige aanhangers beschermd hun arbeid kunnen aanvangen . Door wie is het overige van het Stadhuis bezet ? Door een gedeelte van de groote massa van echte revolutiemannen eu bar . i - cadehclden . Zij hebben ook reeds hun voorloopig bewind genoemd en de lijst levert ook nog andere namen , dan die der Vertegenwoordiging Ziedaar reeds de kiem der verdeeldheid ! Voor",0
"waren van het vijftal en di » . de ordelijke republiek waardig vertegenwoordigden ; verderop Gambetta , in verschillende departementen gekozen maar een zetel innemende voor Straatsburg , waarvoor hij eene lans zal breken ; in zijne nabijheid eene woelige massa , deels mannen van , 48 , Louis Blanc en Victor Hugo , deels socialisten van den lateren tyd : Marion , Millière , Assy . Hier en daar een Bonapartist , maar uiterst schaarsch , en daar aan",0
"worden . Men heeft hét der regeenng reeds aangekondigd dat men van plan is hare voordrachten op de meest hardnekkige wijze te bestrijden . Doch men verrekent zich , indien men goloói ' t , dat men de sympathie der massa s zal winnen door dezen strijd op leven en dood . Indien het ministerie een beroep doet op het volk door het Huis te , ontbinden , dau kan het op de meerderheid rekenen in den nieuwen Rijksraad ,",0
"waren van het vijftal en di ° . de ordelijke republiek waardig vertegenwoordigden ; verderop Gambetta , in verschillende departementen gekozen maar een zetel innemende voor Straatsburg , waarvoor hij eene lans zal breken ; in zijne nabijheid eene woelige massa , deels mannen van , 48 , Louis Blanc en Victor Hugo , deels socialisten van den lateren tijd : Marion , Milhère , Assy . Hier en daar een Bonapartist , maar uiterst schaarsch , en daar aan",0
"wordt betwijfeld . Wel zijn er in Marseille , Lyon en sommige andere steden dezer dagen stemmen opgegaan die voor de Parysche Commune pleitten en aansluiting aan haar streven aanbevalen ; doch zelfs in de bedoelde steden schijnt de groote massa der bevolking zich de zaak niet aan te trekken . — Het dagblad der Commnne zegt in zijn nommer van 20 April : « Het militaire geregtshof heeft in zijne zitting van den 18den dezer de doodstraf uitgesproken tegen",0
"voor de Tweede Kamer , voor de Provinciale Staten , ja zelfs - voor de gemeenteraden , de konservatieven en de katholieken in Nederland elkander ondersteunen , de vrijzinnigen het anti - papistisch veldteeken omhoog heffen , en de groote massa der bevolking zich in twee groepen splitsen , die geheel en al op dezelfde wijze tegen elkander overstaan , als de liberalen en de klerikalen in Zuid Nederland . Groot is de wederzijdsche verbittering , en nooit zijn onze",0
"Bij gelegenheid van het muziekfeest op 4 September jl . werden van hier op dien dag per spoortrein vervoerd bijna 2400 personen , dus meer dan de geheele bevolking der gemeente bedraagt . Neemt men hierbij in aanmerking de groote massa personen die te voet en per rijtuig van hier zijn vertrokken en waarvan het getal zonder eenige overdrijving op 2000 kan worden geschat , dan zal men zich eenigsins de drukte die hier heeft geheerscht , kunnen voorstellen .",1
"de aanwerving van leden betreft . Immers ' t zijn niet de leiders , die nu en dan openbare vergaderingen houden en de wereld doen sidderen door hun afschuwelijke taal , welke de Internationale uitmaken . Achter hen staat eene massa , op wie zij rekenen kunnen , een massa bijeen vergaard door hunne geheime agenten , een massa , waarbij er velen zijn , die niet weten , wat zij doen en tegen wil en dank zichzelve en anderen",0
"het licht der maan had . De duur der verschijning was 5 sekonden , toen digte wolken aan den horizon de verdere waarneming beletten . ZAANDAM , 31 Aug . Woensdag avond heeft zich de wanorde niet herhaald ; een massa volks bewoog zich langs de straten , enkele kennissen der vorige avonden werden in bewaring genomen . De schutterij , ten half zeven aangetreden , werd na verloop van twee uren weder afgedankt , het vertoon der kavalerie heeft",1
"bewga van hunne onbezorgde vreugde , dat zg zich eerst op het laatste oogeabiik net eigenlijk doal hunner komst , het bezoeken der tentoonstelling van en voor den handweiksman , herinnerden . Doch beter laat dan nooit . De juichende massa trok naar het expositiegebouw , cm daar nog eenige oogenblikken te vertoeven . Of hun oog scherp en hun hoofd helder genoeg was om alles te zien en juist op te nemen , mag men betwijfelen . Maar als",1
"zjn , bewegen weinigen zich los en ongedwongen , uit vrees van « het fatsoen te Kwetsen - , "" in Godesberg leeft men vrij to onbezorgd . Een enkele Hollandsche steekneus moge zijn aangeboren gebrek hier voortzetten , de massa bekommert zich weinig om het » qu ' en dira - t - on ? "" Geen harlekfinpakken en excentrieke , négligés op di ochtendwandeling ; geen opnemen van t , op tot teen ; geen poseeren op terras",0
"het congres aanwezig . Het door hen behandelde onderwerp was : wezen en het doel der kerkelüke beweging . "" Hoorders zag men daarbq zeer weinigen , want de voordrachten waren bestemd voor vrouwen en deze vormden een zoo dichte massa in de zaal , dat er geea besebikbare luimte overbleef en toch werden honderdes afgewezen aan de deur , telkenmale dat een voordracht werd gehouden . De voorlezingen waren gedeeltelijk bestemd voor vrouwen uit de meer beschaafde standen en",1
"standvastigheid den weg te blijven bewandelen , dien zij zoo moedig ingeslagen zijn . De liberalen hebben eenmaal de waarheid afhankelijk gemaakt van eene stemmenmeerderheid ; welnu , laten wij ons vereenigen , zeer innig vereenigen , en tegen onze massa , die „ dommekracht "" , zal ieder tegenstander het hoofd stooten ; hij zal verslagen worden met het wapen , dat hij ons in de hand heeft gegeven .",0
"Rue Drouot staande de ervaring hadden opgedaan , dat het niet bij praten en zien blijft , maar soms schieten en — wegloopen een deel van het programma uitmaken . Wij stonden schuins over genoemde straat , waar eene zwarte massa zich verdrong , en allerlei kreten werden aangeheven . Plotseling hoorde men een schel gefluit . » Pas op , - dat is ' t signaal ! "" hoorden wij roepen . — Achter de vespasienne ! riep mijn",1
"minstgevorderde leerlingen geplaatst zijn , die dus ruim vier zevenden , op vele scholen vier vijfden , ja op eenige twee derden van de geheele schoolbevolking , derhalve een getal van plus minus tweehonderd kinderen , uitmaken . Om die massa jonge kinderen te ontwikkelen , te vormen en te onderwijzen heeft de hoofdonderwijzer over eenige kweekelingen te Beschikken . Wat zijn nu die kweekeüngen ? Kweekelingen zijn jongens ( of melsjeß ) van dertien tot achttien jaren , die",1
"; ze vinden dadelijk in de Fransche hoofdstad huntien weg , en hun bezoek aan Parijs heeft geene andere beteekenis als dat aan iedere andere stad . Maar de belagchelijkheid der zaak ontspruit uil . den toevloed der overige groote massa van kunstenaars van alle natiën . Deze heeren komen naar Parijs met pakketten vol rekommandatiebrieven , die niet meer waarde hebben dan scheurpapier , om de eenvoudige reden , dat geen gastvrijheid meer kan verleend worden , waar de",0
"aan kalm te blijven . Daarop vertrok het rijtuig in galop . Alles ging naar wensch tot aan de Grande - Rue , welke naar een hoogte voert , ten gevolge waarvan de paarden stapvoets - moesten gaan . De massa maakte hiervan gebruik en haalde den wagen spoedig in Zg • omringden hem met woeste kreten en nog woester gebaren , blgkbaar met het voornemen , om zich van den gevangene meester te maken . Steeds dichter werden de",1
". troepen . In eene Particuliere Correspondentie vau Probolinsro m de Soerabaija Courant lezen wij : PhoboLixco , 5 Maart 1871 . Donderdag namiddag , was het chineesche - kamp weder het tooneel van eeue groote opschulding , onder eene massa toeschouwers die zich verlustigden in de bewondering van de Waijang ; een paar kinderen , een javaantje en een Chineesje , hielden een klein boxpartijtje . Het schijnt dat het ja vaantje aan het kortste eind trok , ten",1
"eene verraderlijke boel . De dader ligt natuurlijk op het , kerkhof . "" Probolingo , 5 Maart . ( Partikuliere Korrespondentie . ) Donderdagnamiddag was het Chinesche kamp weder h . 1 ooneel van eene groote opschudding onder eene massa toeschouwers , die zich verlustigden in de bewondering van le wayang ; oen paar kinderen , een Ja vaantje en een Oliineesje , hielden een klein boxpartijtje , liet schijnt dal • iet Javaantje aan het kortste eind trok",1
"hem te kijken . Een man , die juist bezig was zich een plaatsje uit te kieztn , kon maar niet begrepen , hoe het mogelijk was , dat de Parijzenaars zoo nieuwsgierig waren . Weidia had zich een digte massa zaamgedr i . gen , die , hoewel vol woede en verbittering tegen de « barbaren "" , toch met gespannen zenuwen reikhalzend uit zag naai de komst der Duitsehers , welke nu ieder oogenblik verwacht werden .",1
"dat is knevelarij en afpersing . Reeds nu moeten kruideniers en bakkers het ontgelden en de eischen van die lieden zullen met den dag grooter worden . Helaas ! de beter gezinden , en van deze schijnen er nog een massa te Parijs te zijn , denken niet dat eendragt magt maakt en dat de horde . socialisten wel tot rede kan gebragt wordeu . Sedert het gouvernement ten onderste boven is gekeerd , zegt de correspondent , hebben zij",0
"taande de ervaring hadden opgedaan , dat het niet bg praten en zien blijft , maar soms schieten en — wegloop n een deel van het programma uitmaken . Wg stonden schuins over genoemde straat , waar eene zwar te massa zich verdrong , en allerlei kreten werden aangeheven . Plotseling hoorde men een schel gefluit . > Pas op , dat is ' t signaal ! "" hoorden wjj roepen . » Acbter de vespasienne ! "" riep mjjn",1
"de beginselen van ' 89 , zouden worden gehandhaafd . Het algemeen stemregt , dat Lamartine koos , koos ook Napoleon III , en niet eene enkele maal , bij verrassing , maar bij herhaling verleende het volk , in massa opgeroepen , zijne stem en zijn steun aan den despotieken keizer . Maar even bereid als het volk was om Napoleon op den troon te brengen en te houden , even Weid was het om hem vervallen te verklaren",0
"organen der roode partij daargelaten ) bijna geen enkel hetwelk het op het stadhuis gevestigde bewind als eene wezen ' ijke regering aanmerkt ; meestal verklaren zij geen ander gezag te erkennen dan dat der Nationale Vergadering . Wat de massa der Parysche bevolking betreft , door de gewoonte geleerd hebbende revolutien met onverschilligheid aan te zien , voegt zij zich vrij kalm naar de bevelen harer nieuwe gebieders , doch zonder veel vertrouwen op de duurzaamheid van hun gezag",0
"besluit te nemen aangaande de toekomstige betrekkingen der partij met den beruchten Ring . Er waren drie wegen open . De deputatie van Tammany - Ring toelaten — en dit stond gelijk met de ontbinding der partij , daar de massa kiezers van het westelijk gedeelte van den staat dreigde , in dat geval zich te zullen afscheiden . — Tammany - Ring verwerpen en de Reformisten toelaten , — dan liep men gevaar de hulp der kiezers van New",0
"ons niet missen ; zonder ons hebben de republikeinen eene besliste meerderheid van 60 , 000 stemmen . Indien gij ons dus aan de deur zet , of eene andere deputatie in onze plaats toelaat , zullen wij ons in massa van stemming onthouden ; wij zullen u laten vallen , en den Staat den Republikeinen in handen spelen . Ziehier dus mijn ultimatum , dat gij kunt aannemen of verwerpen : wij zullen in het belang der party ons",0
"half zes ure , kwam de heer J . de Booij student aan de Pol . school , door de Nikkersteeg op de Korenmarkt , toen bij aldaar , bij de brug , in de nabijheid dier steeg , eene massa menschen aan den waterkant zag staan die met stokken iets in het water schenen te zoeken . Op zijne vraag wat er gaande was , vernam hij , dat er een jongen in het water lag die bereids gezonken",1
"granietbrokken , door gebakken steen enkalk samengevoegd . We werden door de Kompongbewoners beleefd ontvangen , hoewel we meer geleken op landloopers dan op toewan toewan ; doch een blank gezicht geeft hier meer ontzag dan mooie kleeren . Een massa kinderen volgden ons zeer bedaard en nieuwsgierig . Het negorijhuis dient voor gemeentezaken en voor het logeeren van Europeesche ambtenaren ; daartoe is het fraai gemeubeleerd . We keerden langs het zeestrand naar P terug , en namen den",1
"in de laatste dagen . Op de markt en - in de Boekhorstsfraat vooral werd da volksmenigte , die weder was za & ngeschoold , al te luidruchtig ; de politie maakte er spoedig een einde aa , door de massa uit elkander te jagen , hetgeen gelukkig zonder Terzet kon geschieden . > Wij voeden met genoegen hierbg , dat de leerlingen van da teekea - academu ' , even als de . orige avonden , rustig en ieder",1
"der nat . vergadering , is een eerlijk en kundig man , maar hij bezit geen organiseerenden geest , geen administratieve kennis genoeg . Gambetta kan niet dan door eene omwenteling weder aan ' t hoofd komen . En de massa der landbewoners , die eerst legitimisten , orleanisten en konservatieven kozen omdat zij boven alles vredemannen wilde hebben , toont sinds den laatsten tijd , dat ze meer republiekeinsgezind is , nu de vrede bevestigd wordt . De politie",0
"de staatsburgers om hun wtê stand te durven bieden ; te sterk om de geringste speelruimte te laten aan de koninklijke macht ; te zwak om zich te verzetten tegen een groot oproer ; te gemakkelyk omtekoopen , niet in massa maar individueel , om uiet altijd een werktuig te z \ jo , bereid de onruststokers te dienen . "" Ten slotte nog iets over enkele terecht staanda GomM 11 ' na ' isten . Het is onnoo iig",0
"te durven bieden ; te sterk om de gerinf ' , speelruimte te laten aan de koninklijke macht ; te I * * s om zich te verzetten tegen een groot oproer ; te geffs keiijk omtekoopen , niet in massa maar individueel , ° J niet altijd een werktuig te zijn , bereid de oniuststokers dienen . "" Ten slotte nog iets over enkele terecht staande con > "" ' J na ' isten . Het is onnoolig er",0
"te half zes nren kwam de heer J . de Booij , student aan de Pol . school , door de Nikkersteeg op de Korenmarkt , teen hq aldaar , bij de brug in de nabijheid dier steeg , eene massa menschen aan den waterkant zag staan , die met stokken iets in het water schenen te zoeken . . Op zqne vraag wat er gaande was , vernam hn dat er eea jongen in het water lag , die",1
"gelijk thans te Newcastle heerscht , is een hardnekkig verzet , van welke zijde het ook komt , altijd te betreuren , omdat het de verantwoordelijkheid voor de gevolgen in zich sluit . Er is weinig noodig om de opgewonden massa thans tot feitelijkheden te doen overgaan , die men met alle magt moest trachten te voorkomen . De grèves te Roubaix , Aubin en Ricamarie hebben hiervan de treurige voorbeelden geleverd . Het verdient opmerking , dat de weigering",0
"van de werklieden te dier plaatse ziet men dan ook zeer duidelijk , dat men te Gent een of meer grèves op touw wil zetten . De zaak dreigt Kier inderdaad ernstig te zullen worden , in aanmerking genomen de massa werklieden , die te Gent in velerlei fabrieken werkzaam zijn en in het algemeen de digte bevolking van de stad . Het is te hopen , dat de patroons , bij tijds gewaarschuwd , op hunne hoede zullen zijn",0
", en de reden is niet ver te zoeken . Overigens zou het voor Disraeli ' s antecedenten geen bezwaar hebben om met dezen steun te regeren ; hij zelf heeft de Reform - bill ingediend , die de groote massa steun gaf in de verkiezingen . Napoleon regeerde ook met de massa , en Heemskerk Az . trachtte het te doen ; de massa is steeds eene dommekracht geweest in de banden der conservativen . — Maar als het",0
"het voor Disraeli ' s antecedenten geen bezwaar hebben om met dezen steun te regeren ; hij zelf heeft de Reform - bill ingediend , die de groote massa steun gaf in de verkiezingen . Napoleon regeerde ook met de massa , en Heemskerk Az . trachtte het te doen ; de massa is steeds eene dommekracht geweest in de banden der conservativen . — Maar als het er op aan kwam om de gedane beloften te vervullen , —",0
"steun te regeren ; hij zelf heeft de Reform - bill ingediend , die de groote massa steun gaf in de verkiezingen . Napoleon regeerde ook met de massa , en Heemskerk Az . trachtte het te doen ; de massa is steeds eene dommekracht geweest in de banden der conservativen . — Maar als het er op aan kwam om de gedane beloften te vervullen , — wat viel dan aan de massa ten deel ? "" Werktaking in",0
", ten half zes uren , kwam de heer J . de Booij , student aan de Pol . school , door de Nikkersteeg op de Korenmarkt , toen bij de brug , in de nabijheid dier steeg , een massa menschen aan den waterkant zag staan , die met stokken iets in het water schenen te zoeken . Op zijne vraag wat er gaande was , vernam hij , dat er een jongen in het water lag , die",1
"de stads - grendels zitten ; en toch koesteren zij nog altijd de hoop om den loop des regts te stuiten door oordeelkundige uitoefening van hunnen invloed op de aanstaande verkiezingen . Zij weten trouwens , dat zij eene groote massa onkundige kiezers , die zich den naam van » het volk "" of van » de arbeidende volksklasse "" aanmatigt , aan hunne zijde hebben , alsmede eene massa minder onkundige kiezers , welke hun zullen bijblijven zoo lang",0
"aanstaande verkiezingen . Zij weten trouwens , dat zij eene groote massa onkundige kiezers , die zich den naam van » het volk "" of van » de arbeidende volksklasse "" aanmatigt , aan hunne zijde hebben , alsmede eene massa minder onkundige kiezers , welke hun zullen bijblijven zoo lang de oneerlijk verkregen millioenen in hun bezit zijn . "" TELEGRAPHISCHE BERIGTEN Parys , 5 October . Le Soir zegt dat in de heden gehouden bijeenkomst der permanente commissie",0
"hunne : onbezorgde vreugde , dat zij zich eerst op het laatste | oogenblik het eigenlijk doel hunner komst , het bezoeken der tentoonstelling van en voor den handwerksman , herinnerden . Doch beter laat dan nooit . De juichende massa trok naar het expositiegebouw , om daar nog eenige oogenblikken te vertoeven . Of hun oog scherp en hun hoofd helder genoeg was om alles te zien en juist op te nemen , mag men betwijfelen . Maar als",1
"te geven van het manifest der Spaansche progressistisch - demooratischo partg ' . Wij laten thans het slot volgen van dit stuk , dat beter wellicht dan uitvoerige beschouwingen den stand der zaken kenschetst . « Tot eene volkomen homogene massa smolten de fractiën te zamen , die , steeds progressistisch in den grond der zaak , da grenzen van hetgeen vóór 1868 hun staatkundig ideaal was , meer of minder hebben uitgezet , maar die tevens , met volslagen",0
"^ laring , volgens welke de liberale Part • Van et Bmnenüof bij de liberale am - et algemeeTl genomen te weinig toci ¦ \ ? ' kunkt zeker allerzonderlingst en oaz ' s ZÜ volkomen juist . De groote massa eeöh ' i eralen droomt nog altijd van eene recd ICn solidariteit , die op het Binnenhof * cia lang niet meer te vinden is , of ontd ^ , 2lcn de belangrijke wijzigingen , welke vau ö °",0
"zes uren , kwam de heer J . de Booij , student aan de Pol . school , door de Nikkersteeg op de Korenmarkt , toen hij aldaar , bij de brug , in de nabijheid dier steeg , eene massa menschen aan den waterkant zag staan , die met stokken iets in het water schenen te zoeken . Op zijne vraag wat er gaande was , vernam hij , dat er een jongen in het water lag , die",1
"bewijs , hoe diep de belangstelling is gedaald , want met inbegrip van de leden van het comité , was niet meer dan een twaalftal opgekomen . Men beweert , dat de leiders en corypheën der partij daargelaten , de massa der democraten in Duitschland volstrekt geen behagen schept in de toepassing der theorie van Bebel en consorten . Maandag zijn te Frankfort op plegtige wijze binnengetrokken de frankfortsche troepen , die aan den oorlog tegen Frankrijk hebben deelgenomen .",0
"de hoogste mate over hun echec vertoornd , trachtten de stedelijke agenten der politie en der revolutionaire partij de lamp : ons weg te nemen . Doch zoodra het volk hun toeleg bejaerkte , kwam het in zulk eene dichte massa en « t met zoo dreigende houding aanzetten , dat de politiedienaars en de mirlitons der revolutie het geraden achtten , zich uit de voeten te maken . Het voorbeeld der hoofdstad werd nagevolgd door de voorsteden en de",1
"leve Fock ! geroepen zoude zijn ; — de oploop schijnt een dreigend aanzien te hebben gekregen , want toen ik mij tegen half elf uur naar die straat begaf werd zij door cavallerie bezet en met de sabel de massa uiteen gedreven ; in de geheele buurt ( het volkrijkste gedeelte der stad ) is veel publiek op straat en hoort men verwenschingen tegen den burgemeester : ; , de rijken kunnen kermis houden zoo veel zij willen """,1
"begrip ligt aan alle , haar programma verpligtend stellende , kiesvereenigingen te gronde : de verkozene behoort aan de vereeniging die hem de meerderheid verschafte ; zij heeft hem gemaakt , zij kan hem weder breken . Niet hetgeen de massa der kiezers verlangt , bepailt de keuze , maar hetgeen dit kringetje van kiezers wil , die zich aan elkander gesloten hebben om met vereende trachten hunne vrienden verkozen te krijgen . In deze kleine , zonder wettelijk bestaan",0
"partij is dood , de Monde verklaart , dat zij thans goed gewapend voor goed in het strijdperk treedt . Wel is waar heeft zij enkele mannen verloren , die tot de zoo ongelukkige twijfelaars behoorden , maar de groote massa heeft zich onverbrekelijk vereenigd en fóezit thans een wet , een banier , waaronder zij strijden zal . Zij , die zich nu nog legitimist noemen leggen openlyk belijdenis af van de beginselen , vervat in de proclamatie van",0
"oordcelen , was het aantal dergenen die met meestemden oneindig grooter dan dat van hen die opgekomen zijn . En dit verwondert hem geenszins . Want op den dag der stemming zelf bemerkte hij een buitengewone lusteloosheid op onder de massa s . In Februari was de opkomst ter stembus oneindig b » ter . De heer Louis Blanc verwierf als eerste candidaat 216 . 000 van de 338 . 970 uitgebrachte stemmen . In Febr . toen het aantal",0
"tijd zal vereischen ; dat het verleenen van amnestie aan degenen wien geene misdreven van den zwaarsten aard te laste worden gelegd , eene wet vereischen en aan de conservative partij in den lande mishagen zou ; dat deportatie in massa en zonder vonnis onregt zou zijn , ook al geschiedde het krachtens eene wet . — In de zitting der Nationale Vergadering van 5 Julij heeft de regering zich moeten verdedigen tegen het verwijt dat zij de dagbladpers met",0
"leve Fock ! geroepen zoude zjjn ; — de oploop schjjnt een dreigend aanzien te hebben gekregen , want toen ik mij tegen half elf uur naar die straat begaf werd zij door cavallerie bezet en met de sabel de massa uiteen gedreven ; in de geheele buu ^ t ( het volkrijkste gedeelte der stad ) is veel publiek op straat en hoort men verwenschingen tegen den burgemeester : » de rijken kunnen kermis houden zooveel zij willen """,1
"haar drukken . De Nationale Vergadering heeft bij de behandeling van het wetsontwerp der departementale raden aangenomen , dat deze niet kunnen ontbonden worden dan in een tijd , dat zij geen zitting houden , en dat zij niet in massa kunnen worden ontbonden dan bij eene wet . In de tweede plaats is aangenomen , dat de ambtenaren die uit de departementale kas betaald worden , ook door gedeputeerden ( délégations permanentes ) zullen worden benoemd en niet door",0
"verklaard en de gelofte van verknochtheid aan de Britsche Kroon en cónstitutie herhaald . In geene enkele van de Orangisten - meetings heeft de kreet dat Ierland in Ierland en niet uit Londen bestuurd moet worden , bijval bij de massa gevonden "" ITALIË Bij een schrijven van 30 Junij jl . heeft de Paus de kerkelijke overheden van Rome gelast het lezen van » zekere dagbladen , inzonderheid onder diegene welke in Rome worden gedrukt "" als eene doodzonde",0
"gesteld . De Regering is er zeer meê verlegen . Vooreerst zal het vonnissen veel tijd eischen . Ten tweede zou eene amnestie eene wet noodig maken en aan de conservatieve partij zeer mishagen . Ten derde is deportatie in massa een onregt , ook al geschiedde het krachtens eene wet . Uit Versailles zou eene Regerings - nota aan de organen van den Graaf van Chambord zijn gezonden , die hoogstbelangrijk wordt genoemd . Die nota is welligt een",0
"leverde het bewijs hoe diep de belangstelling is gedaald , want met inbegrip van de leden van het comité , was niet meer dan een twaalftal onsekomen Men beweert , dat de leiders en corypheJ . derpartij daargelaten , de massa der democraten in Duitschland rot MmTSiSSmT SCh6Pt "" d 6 toepaSSiDg dor tbeori * ™ • r ïn e € ! s onseriengst verschenen nommers hebben wij den inhoud medegedeeld eener aanschrijving , door den minister van eeredienst in",0
"zijn dus niet met een gunsiigen hiisl « g voor juiine Vitraond geworden . Het gezegde van Thiers , dat de Rept bliek de eenige regeeringsvorm was , die het ri V hot minst verdeelde , blijkt het gevoelen der massa van het Fransche volk te zijn , daar het reeds bewezen is dat de republiek talrijke aanhangers gewonnen heeft en de Legitimisten en Bonapartisten hij de stembus verslagen zijn . De verkiezing van Gambetta zoowel te Parijs als te",0
"heeft ten ge ^ oige d - t ) e tegenpartij volmaakt op de hoogte is van haar idtëen plannen . De verschillende schakeeringen van het republicankme mogelqk ook het Orleanisme , laten voorloopig de parcügesfKillen varen om als vastaaneengesloten massa op te treden tegenover een factie , die indien zfl de overwinning mocht behalen tholiete ? » nHM ^ d , 3rga , l & , zou 4 ° ™ ™ - Verscheidere echt kan thïJt ' wakker geschud",0
", waarbij zelfs de telegraaf niet vergeten is . Wij laten dit aan een andere , meer bevoegde pen dan de onze over . Op het dek , zoowel als in de benedenvertrekken verdrong zich een nieuwsgierige , bont gekleurde massa vreemdelingen , die bewonderend gebruik maakten van de milde vergunning der direktie tot bezigtiging . Er werd ook wel eens afgekeurd . O ja ! Op één oogenblik gelukte het ons , om ons in te lasschen tusschen eenige",1
"gansch . dage » ia de hoofdstad doorbrengen zonder iets te vinden , dat het denkbeeld geeft van een verwoeste stad . De boulevards hebben hetzelfde vroolgke en geanimeerde vaa vroeger . Een elegante , bontge - BChakee . de massa beweegt zich voor dc talrijke koffiehui . en , Ontelbare omnibussea kruisen elkaar en hun getal wordt slechts overtroffen door het tal der fiacres , die weinige weken geleden nog schaarsch waren , doch nu in dichte drommen aanwezig",1
"tooneelen van den vorigen dag . De geheele menigte stroomde ten laatste weer naar het paleis des Konings , waar duizende keelen weer om het ontslag van het Minis erie schreeuwden . Het paleis vertoonde echter niets dan eene donkere massa , geen raam was verlicht , en de menigte trok eindelijk moö van het schreeuwen af . Later op den avond hadden nog op verschillende plaatsen ongeregeldheden plaats , die tot tusschenkomst der politie aanleiding gaf , waarbij eenige",1
", die gewoonte overgenomen . De politie heeft ten deze een soort van afwachtende houding aangenomen , doch de agenten hadden veel last van de overmoedige jeugd . Thans zijn door de jongens enkele glazen ingeworpen zonder dat uit de massa de schuldigen waren le grijpen . Het U . D . hoopt niet , dat men zal behoeven over te gaan tot sluiting der school . Het spoort de politie aan om enkelen der belhamels te arresteren . —",1
"het pn bliek geopend zijn . "" „ Na het sluiten of eindigen der middag godsdienstoefeningen in de kerken , ongeveer ts 4 uren , liet zich dan cok de muziek in de affuitloods hooren , naar welke zich een massa menschen begaf . „ Naauwelijks was een tweede muziekstukje begonnen , of het rumoer en gevecht nam een aanvang . Een der officieren verzocht de burgers , die wat te digt öp de muziekanten schenen gedrongen te zijn ,",1
"e direkteur alleen heeft een zwarte storepipe op het hoofd . liet is een lachwekkend gezicht in die witte woestijn , dat enkele zwarte puntje te zien te voorschijn komen , dat zich natuurlijk meer beweegt , dan de witte massa . Van het park wordt door alle standen , maar vooral door de hoogere klassen , om te toeren , en door de kleine burgerij om muziek en natuurschoou te genieten , gebruik gemaakt . Dikwijls hebben wij daar",1
"toch de kreet van een onbekende de opmerkzaamheid , die te midden van de digt zaêmgedrongen menigte uitriep : „ De aristocraten branden ! Leve de commune ! "" Hij werd onmiddelijk gearresteerd , maar de dreigende houding van eene massa werklieden , die tot zyue ontzetting kwam opdagen , noodzaakte de politie om den man weer los te laten . Behalve twee dooden , telt men vijf gekwetsten .",1
", en hem regt geeft om de meest praktische en vaderlandlievende minister van onzen tijd te worden genoemd . De vergadering wil hem met al hare magt ondersteunen en die wetten , welke hij in het belang van de groote massa der bevolking ontworpen heeft of wenschelijk acht , helpen tot stand brengen . » Tevens verklaart de vergadering zich te vleijen met de hoop dat de heer Gladstone in het vervolg zijn bewind zal zamenstellen uit mannen die meer",0
"zich overal wel , werpen zich op als leiders Mner onvergenoegde menigte , sporen hen bjj vermeend of aangedaan onrecht tot verzet aan , verleiden den grooten hoop om ter hoofdplaats recht te gaan eischen , loopen « ls de massa zich in beweging zet vóóraan , schreeuwen i > ard , houden de menigte in gedurige gisting , maar zijn bjj aankomst op de negrie in de achterhoede of in ' t geheel niet te vinden , visschen altijd",1
"in den staat ; zq heeft het nu met alle staatsvormen beproefd , zonder haar doel te bereiken ; met het absolutisme was niets meer te beginnen ; het constitutionalisme gaf evenmin voldoende middelen ; slechts de verbinding met üo massa en de democratie ( pseudo ) kon haar nog haar dool doen bereiken . Neem de zaak niet zoo licht , het is werkelijk zoo . "" Geef ons Amerikaansohe toestanden en ik laat het ontwerp vallen . Eigenlflk",0
"te willen handelen , hetgeen als programma door den Socialist was vooropgesteld . Dat was alleen noodig in andere landen ; hier daarentegen was dat niot het geval , want men had immers algemeen kiesregt en daardoor was de groote massa meester en kon zij doorzetten wat zij wilde . Gevraagd of hij familie en religie wilde afschaffen , gaf hij een ontwijkend antwoord , maar men behoeft slechts de artikels van den Socialist te lezen , om aan allen",0
"het oude systeem der despoten op te zetten en door te voeren : verdeel en heersch . Hij zocht en bragt tweedragt tusschen de koningsgezinden , en leende onwillekeurig hulp en bijstand aan de zoogenaamde republikeinen , die , in massa genomen , in den grond der zaak socialisten en kommunards zijn . Hij ondermijnde aldus elke poging , om Frankrijk naar het koningschap terug te brengen , en werkte te gelijkertijd , zonder het misschien te bedoelen , de",0
"toch de kreet vaL een onbekende de opmerkzaamheid , die te midden van de digt zamengedrongeu menigte uitriep : „ De aristocraten branden ! Leve de commune ! "" Hij werd onmiddellijk gearresteerd , maar de dreigende houding van een massa werklieden , die tot zijn ontzetting kwam opdagen , noodzaakte de politie om den man weêr los te laten . Behalve twee dooden , telt men vijf gekwetsten . ENGELAND . Londen 15 Nov . De deputatie , uit",1
"oppositie te voeren tegen alles en iedereen , scheen hem niet de beste wijze om zijn volk te verbeteren , ' doch hij sloot zich aan bij de liberale partij , op welke hij als gist werkte , de geheele massa doordringend en opheffend . Hij was niet negatief maar positief ; hij handelde , hij stelde maatregelen voor , en dwong de regering met stalen geestkracht , die ten laatste aan te ' nemen . Men heeft John Bright",0
"vuu de kieswet , ten einde eene uitbreiding van stemrecht te bekomen , dat met der . tijd tot het algemeen stemrecht zou kunnen leiden . Thorbecke ia daar niet voor ; hij ziet terecht in , dat door de massa mede te laten stemineu het aautal der kiezers wel grooter wordt , maar het gehalte verre van vorbetert . Het gezag van zijn naam en meer nog de invloed zijner argumenten zullen dien storm , hopen wij , doen",0
"nanielyk van de kieswet , ten eindeeene uitbreiding van stemrecht te bekomen , dat met der . tijd tot het algemeen Stemrecht zou kunnen leiden . Thorbecke is daar niet voor ; hij ziet terecht in , dat door de massa mede te laten stemmeu het aantal der kiezers wel grooter wordt , maar het gehalte verre van verbetert . Het gezag van zijn naam en meer nog de invloed zijner argumenten zullen dien storm , hopen wij , doen",0
"Waar is het , i dat do meerderheid van hen , die gestemd hebben ' , liet in Pruisüischen geest gedaan hebben . en het is niet tegen te spreken , dat de oorlog menigeen bekeerd heeft . Maar de massa der bevolking : is door den ' oorlog ontmoedigd : tn slap geworden en onthield » ich van de stemming . ' Daarbij kan de oppositie , ten gevolge van den belegering » - . toestand ; Vjii de",0
"vindt ; wij kunnen evenwel niet nalaten op te merken , dat het daardoor niet geregtvaardigd wordt . De roode republiek organizeert zich krachtig en met groote aktiviteit ; en mogen al enkele individuen zich met Thiers kompromitteeren , de massa der revolutionairen zal , gelijk het altijd in revolutiën gaat , zich door de uiterste partij laten meeslepen ; aldus kunnen de zoogenaamde gematigde republikeinen in het ministerie geen goed , maar wel veel kwaad doen . En poogt",0
"een kaartje wilde pousseeren , moest er toch tegen stemmen . En zoo werd cr dan eindelijk gestemd . De conservatieven hadden door hun tegenstemmen wel in den grond niet veel steun aan de catholieken beloofd , maar aan de massa der kiezers kan men ter gelegener tijd met de stemlijst in handen toch licht een rad voor de oogen draaien en hun de conservatieven als onwaardeerbare bondgenooten aanbevelen . De geheele motie had twee handvatsels , en een handig",0
"te handelen in het geval dat de zoo innig reactionaire vergadering te Bordeaux maatregelen zou nemen die met Frankrijks eer en met zijne goede toekomst onbestaanbaar waren . Eenstemmig zou er besloten zijn dat de verkorenen van Parys zich in massa en onder een plegtig protest zouden behooren te verwijderen , indien de vergadering te Bordeaux hare toestemming tot de vernedering des vaderlands en tot den ondergang der republiek gaf . Dit gevoelen zou door den heer Louis Blanc met",0
"plaatsen gevlucht waren en zich in den zetel van het gouvernement het veiligst tegen vijandelijke overvallen achten . Nooit was ik getuige geweest van eene verwarring of paniek als die , welke het plotseling opbreken eu verhuizen van zulk eene massa menschen te Tours en te Bordeaux te weeg heeft gebracht . Die verwarring was niet weinig hevordtrd door de onverklaarbare lijdelijkheid der admini ; tratie van den spoorweg eu van de regeering , die het niet uoodig hadden geacht",1
"wijze oppositie te voeren tegen alles en iedereen , scheen hem niet de beste wijze om zijn volk te verbeteren , doch hij sloot zich aan bij de liberale partij , op welke hij als gist werkte , de geheele massa doordringende en opheffende . Hij was niet negatief maar positief ; hij handelde , hij stelde maatregelen voor , en dwong de regeering met stalen geestkracht die ten laatste aan te nemen . Men heeft John Bright wel eens",0
"wijze oppositie te voeren tegen alles en iedereen , scheen hem niet de beste wijze om zijn volk te verbeteren , doch hij sloot zich aan bij de liberale partij , op welke hij als gist werkte , de geheele massa doordringende en ophetfende . Hij was niet negatief maar positief ; hij handelde , hij stelde maatregelen voor , en dwong de regeering met stalen geestkracht die ten laatste aan te nemen . Men heeft . lohn Bright wel",0
"Pruisische krijgslieden . Bjj den aanvang van den eor log had _ een deel der Italiaansche bevolking , voornamelijk de « gematigden "" ( conservatievi n ) , om verschillende redenen veel t - ympathie voor Fritnkrjjk ; de groete massa echter , een deel van bet lf - eer en de demoer « . tisc ' . e linkerzijde van hel zagen met onvermengde voldoet . ing den voorspoed der Duitsche wapenen . Deze toestand had zgn toppunt bereikt",0
"429 , zoodat het meerdere bedrag fl . 2 , 006 , 021 groot is tot welker dekking do belastingen met 52 ° / 0 vergroot zouden moeten worden . Bij zulke resultaten zal men zich niet verwonderen wanneer dc massa der bevolking en deiafgevaardigden in de overeenkomst der diplomatie niet die voordeden kan ontdekken , die de nationaal - libeialen het volk voorstellen . Had men deze resultaten niet volledig aan den gezichtskring der meeste menschen ontrukt , hoeveel",0
"blad — grond om te gelooven , dat de middenklasse in Frankrijk ' t best gediend zou wezen met een restauratie van het Huis van Orleans ; — aan den anderen kant is ' t waarschijnlijk , dat de groote massa der plattelands - bevolking haar stem gaarne aan het Keizerrijk zou schenken . Zal echter de aanstaande Constitueerende Vergadering een getrouwe uitdrukking zyn van den wensch der natie ? — De Telegraph maakt zich daarvan geen illusiën . —",0
"zoo smeekend aan , dat een steen er door vermurwd zou zijn . Ze had reeds eenmaal verzocht om slechts voor , één uurtje naar de overzijde te mogen gaan — maar de order was onverbiddelijk . Maar bij die massa voorbijgangers kwam ' t toch op een persoon meer of minder niet aan . Zoo dacht zij er namelijk over . En toen al dat smeeken niet hielp , wat deed toen de kleine slang ? Zg coquetteerde met",1
"Op het bijzonder grondgebied in Nederland , dat meer tot Rome dan tot Nederland behoort , waren zij krachtig gen < > eg en hadden zy niemands hulp noodig . De gehoorzame priesters dreven er de nog gehoorzamer gemeenteleden by massa ' s naar de gewillige stembus en overwonnen er zonder zwaren stiyd . Elders sloten zij , meer op de uitkomst dan op beginselen bedacht , zich soms bij de conservatieven aan , zooals bovenal te Arnhem , soms",0
"de onderscheidene nummers van het concert ( in de open lucht ) op meesterhjke wüze uit te Toeren . Van half 9 tot half 10 nren werd er bü fakkellicht muziek gemaakt op de groote markt , alwaar zichSeene overgroote massa menschen verzameld had . Daarop werd de groote toren aan alle zijden verlicht door veelkleurig Bengaalsch vuur , een hier nog nooit gezien schouwspel en hetwelk natuurlükerwgze vele uren ver in den omtrek ( Nümegen Kle . l ,",1
"Ruijsch krachtiger en fraaijer en ook zijne werken , waarbij een plotselinge verandering van manoeuvre of effect werden te weeg gebragt . Dat een mooi vuurwerk aan Arnhem ' s inge - zetenen wel besteod is , bewees de ontzaggelijke massa menschen of liever hoofden , die men langs den Binnensingel zag . Pas had het groote publiek een zelfde schouwspel genoten , en toch was het , misschien in nog grooter getale dan bij gelegenheid yan het Zangersfeest ,",1
"binnen ' s Lands da wetten te doen eerbiedigen indien zjj wierden aangerand . "" Eene Parjjsche deputatie is te Dublin aangekomen — zoo telegrafeert men — en met veel Iersche purim ontvangen . De straten waren met eene groote massa nieuwsgierigen bezet , eerebogen opgerigt , welkomst - adressen aangeboden en toespraken werden , brommend genoeg , gehouden . > Frankrjjk en Ierland zgn door vriendschapsbanden vereenigd ! ' ' — zoo riep het volk . Wat of die",1
", dat overal eene goede orde heerschte en dat alles de blijken droeg van goede zorg , waarvoor het bestuur van Meppel en de vereeniging voor volksvermakeljjkheden alle eer toekomt . Den geheelen dag door bewoog zich eene buitengewoon groote massa menschen op het feestterrein en door Meppels ' s straten , waarvan velen niet tegen eene minder aangename reis hadden opgezien om bg het feest tegenwoordig te zjjn . Geheel volgens hare gewoonte had de Exploitatie - Maatschappij ,",1
"tot groot genoegen der duizende feestgangers afgeloopen . De openingsrede door prof . van Oosterzee , naar aanleiding van Openharing XIX : 7a , « Laat ons blijde zijn en vreugde bedrijven "" , boeide in hooge mate de groote massa belangstellenden . De geheele groep , om spreekplaats No . 1 verzameld , werd na het eindigen van genoemde rede , verzocht , eenige oogenblikken in die zelfde pose te blijven tot het maken van eene photographische af beelding",1
"het Frankrijk , als hij eerzuchtig is en kuren begint . Wat is er gemakkelijker dan revolutie maken als het hoofdelement een teleurgestelde ongedisciplineerde measchenmassa met wapens voor de hand is . Slechts een coup is er noodig en die massa schreeuwt : er is geen grooler man dan Gambetta en de een of ander versch uit het bosch gekapte generaal is zijn profeet . De dictator had slechts met den voet op den grond te trappen en 1 ,",0
"hij maakt den veldtogt mede volgens het plan de campagne dat door de hoofden van het leger is vastgesteld . De kiesvereeniging is voor de anti - liberalen een zeer geschikt werktuig om , ten dienste van weinigen , de massa te exploiteren . Vandaar is het consequent , dat de anti - liberalen de uitbreiding van het kiesregt voorstaan . Hoe meer nullen beschikbaar worden gesteld ; , des te meer zal het cijfer , waarachter zij gegroepeerd worden",0
"een monopoliseer - systeem en eene onderlinge verwaarborging van de tot de coterie behoorende stemmen ontaard is , zal veel doeltreffender werken , wanneer het initiatief door persoonlijk voor eenen kandidaat borg staande kiezers genomen wordt , dan wanneer de massa der kiezers lijdelijk afwacht wien de gepatenteerde kiesclub zal voorstellen , en daarvan het besluit laat afhangen , of zij voor dezen kandidaat , of in het geheel niet stemmen zullen .",0
"een bootje in de hand , dat noodig scheen om zijn geheugen te hulp te komen . Hiermede is nu in weinig woorden en zonder de minste overdrijving blootgelegd , wat do schutterij tot ep dit oogenbiik doet zrjn een massa , hoogstens bruikbaar voor parades , waar het pak meer effect moet doen dan de kennis van den drager ; voor brand , waar de werkzaamheden slechts de bekwaamheden van een politieagent eischen , en voor evolutien op het",1
", waarbij zelfs de telegraaf niet vergeten is . Wij laten dit aan een andere , meer bevoegde pen dan de onze over . Op het dek , zoowel als in de bencdenvertrekken verdrong zich een nieuwsgierige , bont gekleurde massa van vreemdelingen , die bewonderend gebruik maakten van de milde vergunning der directie tot bezichtiging . Er werd ook wel eens afgekeurd . O ja ! Op één oogenblik gelukte het ons , om ons in te lasschen tusschen",1
"die op verscheidene plaatsen zwaar beschadigd is . Dc batterijen der regering schoten de Porte Maillot iv puin , doch daarachter waren barricaden verrezen , die den voortgang der troepen weder stremden . Nieuwsgierig als kinderen kwamen de Parijzenuars iv massa in de Champs Elysées naar het vallen der \ rojectielen kijken , hetgeen menigeen met den dood moest bekoopen , « elijk ook vele personen ia hunne huijzen en winkels g ' troffen zijn . Het revolutionaire bewind van",1
"zij al hare bureaux en administratieve uitstellingen sluit , voorloopig tot 1 Mei . De rechtbanken en andere colleges hebben onbepaald verlof , en eindelijk is alles officieel gesuspendeerd en de scheepvaart belemmerd met het doel om de bewoners in massa de stad te doen verlaten . Men legt zich tegenwoordig vrij druk toe op het beschilderen van vogels om ze daardoar op anderen te doen gelijken . In Londen is dat beschilderen eon industrie geworden . Als daar een",0
"Drouot staande , de ervaring hadden opgedaan , dat het niet bij praten en zien blijft , maai soms schieten en — wegloopen een deel van het programma uitmaken . Wij stonden schuins over genoemde straat . waar eene zwarte massa zich verdrong , en allerlei kreten werden aangeheven . Plotseling hoorde men een schel gefluit , „ Pas op , dat is ' t signaal ! "" hoorden wij roepen . — „ Achter de vespasienncl "" riep mijn",1
"ten voordeele van de onderstandskas . — De zalen en de wintertuin waren a giorno verlicht , guirlandes van gaslichten , girandoles , lustres en doorschijnende glnzen ballons verspreidden een verblindend licht over de fraai gekleede menigte . Een groote massa dames en heeren , bijna allen in balkostuum gekleed , bewoog zich voor het orkest , dat , onder leiding van Léon Daflis , zijne schoone stukken ten gehoore bragt . Te midden der uitgestrekte zaal verhief zich eene",1
"alle staatsvormen b - pro . id I zonder haar doel te bereiken , - met het ab > • solutismus was niets meer te beginnen ; het ; constitutionalisme gaf evenmin voldoende middelen , slechts de verbinding met de massa | en de democratie ( pseudoj kon haar nog | haar doel doen bereiken . Neem de zaak niet : zoo licht , het is Werkelijk zoo . "" Geef o - is Amerikaansche to - standen en ik",0
"; hij liep een eindwegs voort , ging toen zijwaarts en wist door verschillende wendingen den cipier zijn spoor te doen verliezen . Toen hij zich veilig achtte , plaatste hij zich achter een grooten boom , liet de razende massa zich voorbij trekken , voegde zich toen bij de achterste gelederen , en riep eveneens ; houd den gek houd den gek ! Eindelijk nabij het huis eens vriends gekomen , verborg hij zich daar des nachts , en",1
"men aangaande de toekomstige betrekkingen del ' P * 11 met den beruchtcn Ring . Er waren drie wegen open ; de deputatie van Taimllll Ring toelaten — en dit stond gelijk niet de ontbinding tt partij , daar de massa kiezers van het westelijk gedeelte v den staal dreigde , in dat i : h te zullen afsCll den . — Tammany - Eing verwerpen en de Reformisten ' laten . — dan liep men gevaar de hulp der",0
"de republikeinen eene besliste nic ' heid van CO , OOO stemmen . Indien gij ons dus a ! 1 "" j , ! deur zet , of eene andere deputatie in onze plaats to < zullen wij ons in massa van stemming onthouden ; j zullen U laten vallen , en den Staat den Republikein0 "" , handen spelen . Ziehier dus mijn ultimatum , dat gij aannemen of verwerpen : wij zullen in het belang der JVf .",0
"om een hcsluit tc nemen aangaande de toekomstige betrekkingen der partij met den bcruchten Bing . Er waren drie wegen open ; de deputatie van TammanyRing toelaten — en dit stond gelijk met de ontbinding der partij , daar de massa kiezers van het westelijk gedeelte van den staat dreigde , in dat geval zich te zullen afscheiden . — - Tammany - Ring verwerpen en de Reformisten toelaten , — dan liep men gevaar de hulp der kiezers van",0
"^ zonder ons hebben de republikeinen eene besliste me ^ beid van 60 , 0 ( J0 stemmen . Indien gij ons dus deur zet , of eene andere deputatie in onze plaats 0 ' m zullen wij ons in massa van stemming onthouden , zullen u laten vallen , en den Staat den Rcpublü ^ ' 110 ] ^ ^ handen spelen . Ziehier dus mijn ultimatum , dat g ' J ^ aannemen of verwerpen : wij zullen",0
"op Thiers . » Geen enkel woord — zegt hij — over de constitutionnele organisatie des Lands — geen enkel woord over de positie der Prinsen van Orleans — geen enkel woord over ' t onderwijs . » De groote massa des Volks zal dus ten prooi blijven van bedriegers . "" Daily News oordeelt , dat de Boodschap alleen bebelangrijk is om ' tgeen er niet in gevonden wordt . Die de toespraak van Thiers las bleef even wijs",0
"had zich een kring gevormd , waarin iets bijzonders scheen te gebeoren . Walberg geloofde de stem dér eigenares van de plantage er boven uit te hooren klinken . Bliksemsnel spiong hij van zijn paard en drong zich door de massa der nieuwsgierige toeschouwers . Een zonderling schouwspel trof hem . De eigenares der plantage , een vrouw . in . den bloei des levens , boog eo forsch van gestalte en gelaat , waaraan slechts een levendige kleur ontbrak",1
"France nouvelle ( de 1871 ) ( 3 ) , geredigeerd door Pascal Duprat , , die bekend is door zün correspondentiSn in het Noorden in Nederland . Het blad is een penny - blai , en moet vertegenwoordigen de massa ultra - republikeinen , die zonder communistische gevoelens te zfln toegedaan , toch de decentralisatie quand - même , de ontpriestermg der scholen , de rtpubliktinsche persvrijheid en andere hervormingen eischen , die nu of niet , of slechts",0
"tot de afschaffing van het dagbladzegel . De regeering gelooft de belangen der bevolking het best te behartigen , wanneer zij een groot aantal mingegoeden , zij het dan ook van eene matige direkte belasting , bevrijdt . De groote massa der bevolking zal daarbij stellig aan de zijde der regeering staan . Met betrekking tot de boodschap des heeren Thiers , zegt hetzelfde blad , dat diens herhaalde en onbewimpelde verklaring , dat Frankryk zijne plegtig gedane beloften zal",0
"Bolsward , terwijl de tweede premie werd toegekend „ an Pieter Wouda , van de Lemmer , en janke v . d . Wal , van Echten , i ' _ door goed weder , werd deze hardrijderij doof eene massa toeschouwers bijgewoond en liep zij , evenals de vorige , tot ulier genoegen af . repliek op het in de Leeuwarder Courant van d , n ! 5 dezer ingezonden van eenige si - haatsrijders rons van Franeker ,",1
"Garibaldiaan . Men leest daarin o . a . : » De ofiiciele tijdingen en dépöches der Regering gewagen onophoudelijk van de vastberadenheid der bevolking , om den oorlog voort te zetten . Ware dit maar zoo ! Maar do massa is den oorlog moede , die nu reeds vijf maanden duurt , en de natie zou elk traktaat , waarin het woord » vrede "" geschreven is , welkom heeten . Misschien is men in de groote centrums des",0
"houdt men zich niet meer bezig niet staatkundige , maar alleen met sociale vraagstukken te behandelen . De strijd tegen den vreemdeling , den indringer , wordt door dc leiders van tle separatistische beweging hoofdzakelijk als voorwendsel gebruiki om de massa , die door vaderlandsliefde opgewonden is , beter met hen te doen medegaau en mi t hare hulp hunne socialistische hersenschimmen , wier einddoel is eene eenvoudige verdeeling van de eigendommen en bezittingen , te . n uitvoer te",0
"gaf eindelijk aan net verlangen toe en sprak een redevoering uit , die toejuichingen zonder eind verwierf , ' s Avonds ging het Bijsselsche gemeentebestuur bij Gambetta een bezoek afleggen . Den 22ste ' t ochtends vereenigde zich een onafzienbare massa volks ten 9i / g ure op de Place d ' Armes en in de me Esqnermoise , om zich van daar naar de Prefectuur te begeven . De deuren werden geopend ; vijf - of zeshonderd stormden naar",1
"tusschen sluis No . 4 en 5 . De eerste prijs werd daarbij behaald door L . de Koning , de tweede door W . Kremer en de premie door A . de Koning . Het gunstige weder lokte eene massa menschen naar de kampplaats .",1
"van dit feest ontstaan voor het nederl . nationaal Zangersfeest , in augustus van dit jaar hier te houden . De vreemde Liedertafels zullen in de arnhemsche een goeden steun en in den directeur een feestdirecteur vinden , die de massa zal weten aan te vuren en te beheerschen . » Der Menschheit Wttrde ist in Eure Hand gegeben "" , zoo klonken uwe eerste feesttoonen , werkende leden van Euterpe ! Blijf in de herinnering daaraan aan uwe taak",0
"gesteld , wien men deze bezoldigde betrekking , om redenen aan het algemeen welzijn geheel vreemd , gaarne gunde , maar naar zijne beginselen , zijne rigting werd nooit gevraagd . De weinige liberalen , die hier thans onder de massa weldenkende katholieken en protestanten zoek geraken , wisten zich die politieke werkeloosheid te benutten . Zij bestuurden de verkiezingen ; zij stelden de kandidaten en , voorzigtig genoeg , in den regel lieden , die , wat hun privaat",0
"den gevangene van Lot . en niet laten vallei . Het is zeer prijzenswaard dat manuen als Parisius , Engen liichler , Windthorst eene candidatuur tegen Jacoby hebben van de hand gewezen . Toch is zijne candidatuur twijfelachtig . Eene massa grondkiezers staan in het veld , velen slapen den eenwit ' cu slaap — velen zijn tegen hem , en de conservatieven hebben een vrij veld . „ De beide grijsaards Wilhelm T en Jacoby sfaan sedert jaren tegen",0
"aangedikt door af te kondigen dat ons geheele land naar tabak en knoflook riekt . E - n derde , die in vernuft en geestigheid dezo beiden nog weer ver overtreft , heeft herhaaldelijk zijne verachting voor ons volk in massa op de meest gracieuse en openhartige wijze uitgesproken . . . En een schare van jongelieden die niet te tellen is , heeft hen nagegalmd in toast op toast , zoodat de ellendigheid van ons land en volk een",0
"niet laten vallen . Het is zeer prijzenswaard ' lt mannen ais Parisms , Kogen Kichtcr , Windthorst eene • "" ' didatunr tegen Jacoby hebbon van de hand gewezen . "" Ch is - zijne candidatuur twijfelachtig . Eene massa groud ' le / ers staan in het veld , velen slapen den eeuwigen slaap "" Velen zijn tegen hem , en de conservatieve : ! hebben een V "" J veld . . „ De beide grijsaards Wilhelm",1
"den census en eene algemeene uitbreiding van het kiesregt zal toegeven . Wij hebben te goede verwachting van den consuitutionelen zin [ van dit ministerie en van zjj n doorzigt , om te kunnen aannemen dat et , dooi eene massa afhankelijke en onwetende kiezers op de kieslijsten te brengen , het lot des an s en constitutionele zaak zou overleveren aan den overwegenden invloed van domiaé s en pastoors , groote landheeren en stedelijke ge - aiistocraten . Dit",0
"Inlandsche bevolking dezer afdeeling nne heihvenschen aan . Deze plegtigheid werd met muziek eetl glas champagne besloten . — Des namiddags ten 3 | Was de aloon - aloon reeds als ' t ware afgezet door eene ° ° rdringbaren massa volks , die met ongeduld stond te v meu op het oogenblik , dat de groote jaarlijksche « Sea "" zou beginnen . — ■ Honderde ruiters , voorzien van 8 houten speren , het bovenlijf bloot en geel",1
"was gekomen lot handhaving der orde . I Uit het engelsche parlement . Eenige weken geleden heeft de minister Gladstone opgesomd , hoeveel hij nog dacht te behandelen in de tegenwoordige zitting van het parlement ; het was eene bonte massa , die hij beloofde aan de orde stellen : legerwet en TradeUnions , stembus en scheepvaart , gebedenboek en universiteits - eed , iersche dwangmaatregelen en sehotsch onderwijs . Van dit alles was ontegenzeggelijk de legerwet het meest omvattende",1
"zich zelf niet konden bren . ; en op de hoogte vau hun taak . De heer Emile de Girardin , een man van talent ongetwijfeld , is een voorbeeld hiervan . Zijn talenten . trekken slechts tot misleidina der massa . Hij schrijf ; ecu artikel om te doen uitkomen , dat de kiezers niot mieten stemmen op een Orleanistischen , Bourbonuistiscben , ultramontaanschen of repnblikeiuschen kandidaat — maar op een natioualen . Een onzeker programma voorzeker ! Om",0
"ook in ons eentoomg leven hier , eene aangename variatie te weeg . Er werden n . l . dien dag volksspelen gegeven , waaraan echter alleen het Detachement deel nam . Reeds ten 7 ure des morgens was eene massa nienschen bijeengestroomd . en begon men met No . 1 van het programma : hardloopen . Daarna was zakloopen aan de beurt ; ' t welk niet het minste de hilariteit opwekte . Vervolgens verschillende soorten van happen ,",1
"a . , een plaatsje , vier mijlen van W . , begon men het barbierswerk op de markt met een 80jarig . grijsaard , en toen de Joden ' van het stadje op het hulpgeschreeuw van hun nestor in massa op de markt bijeenkwamen , werden zij dooide intusschen toegesnelde bezetting omsingeld , en alle baarden bezweken onder de schaar der politie . Van de verschillende gouvernementen en districten komen verschillende berigten over de dikwijls afwijkende wijzen van uitvoering",1
"wandelen ; op den langen « eg der via Triumphdlls zoekt ieder een geschikte plek , wolke hy later hoopt te kunnen iunemen . Allengs , naar gelang de tnd nadert waarop de plechtigheid zal aanvangen , groeit de mobiele massa aan . Zij , die cc . i gereserveerde plaats hebben , begeven zich derwaarts , maar het srewoel op den openbaren weg vermeerdert toch met elk oogenblik want de honderdduizenden , die dicht opeengepakt den weg bedekken ontvangen",1
". W ij laien dit aau een audere , meer be - j voegde pen dan de onze over . Op het dek , zoowel als in de benedenvertrekken , ver - ! drong zich een nieuwsgierige , bont gekleurde massa van vreemdelingen , die bewonderend gebruik maakten van de milde vergunning der direktie tot bezichtiging . Er werd ook wel eetis afgekeurd . O ja ! Op ecu oogenblik gelukte het ous , om ons iv te lasschen tusschen",1
"overleggen welke gedragslijn ten gevolge van ' s Keizers antwoord door de constitutionele partij zou moeten gevolgd worden In den avond van den 2den moest tot dat einde eene bijeenkomst plaats hebben . Het door sommigen geopperde denkbeeld om in massa het mandaat neder te leggen en daardoor de voortzetting der werkzaamheden van den Rijksraad onmogelijk te maken , werd vrij algemeen afgekeurd , zoowel omdat men vroeger de tegenpartij , toen zij tot dit middel de toevlugt . nam",0
"waarbij zelfs de telegraaf niet veigeten is . Wij laten dit aan een andere , meer bevoegde pen dau de onze over . Op het dek , zoowel als in de benedenvertrekken , verdrong zich een nieuwsgierige , bout gekleurde massa van vreemdelingen , die bewonderen » ! gebruik maakt » - van de milde vergunning der directie tot bezichtiging . I r werrl ook wel eeus afgekeurd . O ja ! Op ééu ocgenblik gelukte het ons , om",1
"waarbij zelfs de telegraaf niet vcigeteo is . Wij laten dit aan een andere , meer bevoegde pen dan de onze over . Op het dek , zoowel als in de benedenverirekken , verdrong zich een nieuwsgierige , bont gekleurde massa van vreemdelingen , die bewondeif - ud gebruik maak ! - mi de milde vergunning oer directie tot bezichtiging . ! r werd ook wel eens afgekeurd . O ja ! Op één ocger . blik gelukt "" ;",1
"van hen , die verdacht worden die betrekking vervuld te hebben , schijnt bijzonder in den smaak der bewoners van Bellevillc , la Vilette en andere wijken van die soort te vallen . Die dolzinnigen durven evenwel niet dan in massa aan hun moordlust toegeven en ook alleen dan , wanneer zij denken het ongestraft te kunnen doen . Een enkel man van energie heeft hun slechts het hoofd te bieden en de menigte verdwijnt als door een tooversiag .",0
"maanden zouden kunnen verdragen . Immers er zouden zich , volgens de vier groote partijen hier te lande , vier centrale kiesvereenigingen vormen , die elk hare candidaten zouden stellen . Deze candidaten zouden verreweg voor het meerendeel aan de massa hunner geestverwante kiezers onbekend zijn . Toch zou ieder kiezer , wilde hij zijn stem niet in het water gooien , al deze officieele candidaten moeten stemmen . De candidaten van de partij , die de meerderheid in het",0
"de minister meent , dat leed Engeland eene nederlaag ter zee , het spoedig zou vol - Igen met de invoering van den algemeenen dienstpligt . Wie verklaren zich voornamelijk tegen ' verpligte persoonlijke dienst ? Eene niet te overgroote massa , volgens ' s ministers bere - ; kening minder dan 5 pCt . van de bevolking . ' Er is een beroep op België gedaan ; maar ' men heeft wel Frère Orban aangehaald , doch ' men",0
"de - a iei fi iro ite meerderhi id Toeio onhan zoo slecht geïnspireerd mi "" : ' til o t "" richten , maar hetgeen ik nn kan zeggen i - • d gi minder bevreesd zoudt zijn voor massa , wanneer tl tze met u was . De numerieke meerderheid is republikt - insch ; onder de meerderheid zijn er sommi verlangen dat de republiek worde t • \ rtri uwd nan non ne i , wier leven",0
"het bestaande versmadende , op middelen peinsden om daarvoor een maaksel van hunne opvatting in de plaats te stellen . Niet altijd evenwel vormden zij de talrijkste en sterkste partij . Niet altijd ontleenden zij hunne kracht aan de groote massa , die , achter ben staande , hunne pogingen toejuichte en ondersteunde , gelijk zulks ten tijde der fransche revolutie plaats vond . Werkelijk bestonden er dan ook grieven , waaruit gereede aanleiding tot opwekking van ontevredenheid en verzet",0
"ü . i - toch eind lijk de man , die met \ - i dr a den val van den heer Thiers heeft voorbereid . Het is volkomen onjuist , dal de linkerzijde voorn i zou zijn om in massa haar ontslaa iti te dienen . Verscheid n p Paris Journal , hebben / . ie i laten verschrikken ' ■ • c - r de mar . , dat de republik inscht linkerzij Ie in massa haar ontslag",0
"zijn om in massa haar ontslaa iti te dienen . Verscheid n p Paris Journal , hebben / . ie i laten verschrikken ' ■ • c - r de mar . , dat de republik inscht linkerzij Ie in massa haar ontslag zou Minnen indit Laai zij dal ontslag indienen ! De heer Thiers heeft doen besluiten , en met behulp van di ijde , dal hel I I Bewind niet binnen een termijn van zes maanden in de",0
"waar blijven , ook in het geval er veel minder fouten dan thans waren begaan . Wij allen , ook de verstandigsten onder ons , zijn wel eenigzins geneigd te rekenen naar de uitkomsten ; maar vooral heeft de groote massa hiervoor een zeer geopend oog . Aan niets kan dus den hoofden der liberale partij meer gelegen zijn , dan om door eene schitterende revanche de geleden nederlaag weer goed te maken , en daardoor het tegen hen opgevatte",0
"' s namiddags , te . openen ; . De verdediging . Den 2isten kon men zich reeds te B ' / i uur op de openbare en gereserveerde tribunnes niet meer bewegen . liet was er een diclite opeengepakte massa . Buiten de vergaderzaal verdrong men elkander letterlijk . Te 9 ! / j uur richtte de heer Thiers zijn schreden naar bet spreekgestoelte . Plotseling ontstond er een diepe stilte in de zaal . * . . .",1
"hij een oordeel mag vellen ; 3 ° . omdat hij niet intrigeert en ge en kabinetsbestormer is , en 4 ° . omdat hij liberaal ia Keer de volgorde niet om , want even als elders zou de grootste massa der kiezers ook hier geen acht slaan op rigting , indien he - ten koste was van werkzaamheid en praktisch handelen . Aan redevoeringen heeft men voor jaren genoeg ; men verlangt er niet één meer , zoo de",0
"nog , dat de bevolking niet republikeinBchgezind was , dat zij monarchale maires kiezen kon . Men rekende buiten den waard . Nu dat gebleken is ; nu men ziet , dat men voor reactionaire plannen nïe ^ op de massa rekenen kan , nu wil men tot eiken prijs inconsequent worden , zijn vroegere opiniën verloochenen en andere aankleven , die thans beter te pas komen . Men heeft de macht in handen , en men wil haar gebruiken",0
"de kleinen ts moeten zieu dansen zonder zelf mede te mogen doen . Miar tegeu tien ure waren er al eenigen van die kleinen naar huis gegaan , en weldra zag men eerst een , toen twee en eindelijk een massa groote kinderen op de baan . Het feest duurde tot na middernacht . Omstreeks half tien des avonds werden de feestvierenden verontrust , door het geschreeuw vau amok , komende uit de Heerenstraat , zooals men v - eet",1
"geen der individuele leden rust , niets beteekenfc . In Deventer zal het niet anders gaan dan overal elders . De tot nu toe in de politiek onbekende kandidaat zal , niettegenstaande alle strooibiljetten en couranten - fanfares , de massa der kiezei ' 3 koel en onverschillig laten , en heeft , gelijk onze deventersche correspondent vermoedde dat gebeuren zal , de tegenpartij het verstand en den takt aan den heer van der Kaag eenen anti - liberalen kandidaat",0
"zijn aangedaan , zullen , naar men wil , door het dagelijks gebruik van seldery beterschap in hun lijden opmerken . In langen tijd heeft zich niet zulk een merkwaardig verschijnsel in onzen dampkring vertoond als dat hetwelk Dinsdag eene massa Hagenaars in verbazing bracht . Eene wolk rukte zich van hare zusters los , dwarrelde eenigen tijd in het rond , schoot eensklaps omlaag en . . . de vlucht spreeuwen streek bedaard op een of ander veld neer",1
"X . vrngt of het der poiicie bekend is , dat vruchten » en limonade - verkonprrs dcs avonds na zonsondergang eigendunkelijk jassar honden op het stok open grond voor de Sluisbrug . lederen avon I ziet men daar pen massa inlanders neergehurkt bij hunne koopwaren , omgeven door karrevoerders met hun voertuigen . Nu moge hi t waar zijn , dat het daar v , or velen eene goede plaats is om hunne waar aan den man te brengen",1
"levendigen en diepen indruk maken op hen , die met ons gelooven dat het welzijn van het land onafscheidelijk verbonden is met de bevestiging van de conservatieve republiek ; zij verzekeren aan den heer de aemusat de stemmen van de massa der Parijssche kiezers . De kans voor den heer de Rémusat is te Parijs aanmerkelijk beter geworden , doordien do regering een besluit heeft genomen , om al de vacante plaatsen in de - Nationale Vergadering — door den",0
"dat men , op enkele uitzonderingen na , in die salons niet kan gaan zitten en , gezellig pratende of lezende , iets gebruikt , maar daar de dranken staande weg verzwolgen worden , ziet men in den regel eene massa dronken lui en het is niets buitengewoons , op het midden van den dag een heer , met een mooijen hoed op en glacéhandschoenen aan , te zien zeilen van den eenen kant van het troittoir naar den anderen",1
"er kaus toe zag , was hy weggeslopen en had zich vooreerst in een kelder verborgen ; eerst den derden dag waagde hy hat naar buiteu ts komen . Over het plein Vinoeunes gaande , was hy den stroom der massa gevo ' gd , en wie schetst zyn ontzetting , toen hy mevrouw Delgrauge in hun midden zag ? Zy was , niettegenstaande alle zorg en omzichtigheid , ontvlucht . Octavie , door het raam ziende , had haar",1
"werd hem medegedeeld , dat hij zich dan in arrest moest begeven . Daar hij zich ook dit niet wilde laten welgevallen , moest men geweld gebruiken . Nadat hij in verzekerde bewaring was gebracht , verzamelde zich een groote massa volks in de Hirsehstraat , welke op deu schoonen Vrijdag - avond ( 25 Maart ) , aanvankelijk door nieuwsgierigheid , daarheen gedreven werd . Nadat het verkeer eenigen tijd door de politie gestremd was en de menigte zich",1
"de been gekomen waren , kou men het eindelijk zoover brengen , dat ook het marktplein gezuiverd werd ; de menigte , trok zich in de aangrenzende straten terug en men begon reeds de hoop te koesteren , dat de massa zich langzamerhand zou beginnen te verspreiden . Weldra echter bleek het , dat dit , helaas , een vergissing was . De toestand ' werd steeds bedenkelijker . Het schijnt , dat de onruststokers zich in de kroegen ,",1
"ecu aanval begon . Aan een huis naasthet raadhuis maakten zij een begin met het inwerpen van de vensterruiten ; vervolgens moest liet een tweede huis op de llgenpïaats ontgelden . Terstond begaf zich de politie daarheen , waarop de massa zich ouder geschreeuw en getier verwijderde , om hetzelfde tooneel voor een huis in de Kirohstraat te herhalen . Van hier begaf men zich naar de Marktstraat , alwaar de vensters van het huis eens kleederenhandclaars , Stizkind genaamd",1
"Doordat men , op enkele uitzonderingen na , in die salons niet kan gaan zitten en , gezellig pratende of lezende , iets gebruikt , maar hier de dranken staande weg verzwolgen worden , ziet men in den regel eene massa dronken lui en het is niets buitengewoons , op het midden van den dag een heer , met een moogen hoed op en glacé handschoenen aan , te zien zeilen van den eenen kant van het troittoir naar den",1
"zou de ruimte en cic strekking van dezen brief verre overschreiden . Alleen nog deze merkwaardige opmerking . Maurus ziet in het algemeen stemrecht volstrekt geen heil voor de arbeidende klassen . Bij het kiezen van vertegenwoordigers zal de groote massa wel altijd , bewust of onbewust , aan den leiband van invloedrijke , kun Jige , slimme , eerlijke of oneerlijke , drijvers loopen . In Frankrijk en in Duitschland heeft het , algemeen kiesrecht nog geen gunstige resultaten",0
"' l en met een paar schreden zijwaarts te doen , had hT lerron "" 1erron "" hinderpaal in gevonden ! Met deze en dergelijke > dw » . k ^ er boorden de . gllukkige "" vinders van grootes massa ' g CH e , - CI zelven in den grond , maar zij bevorderden daardoor dfZtV ^ , des lands , want van mijnwerkers werden zij landbm / wet van zwervers bewoners van vaste plaatsen . Dit had",0
""" In de eerste vergadering van dit Verbond heeft cmi redenaar verklaard , dat als de politie ook dit verbood , de leden zich onmiddellijk onder een anderen vorm zouden vereenigen . Een ander redenaar stelde voor , om in massa den Koning gratie te gaan vragen voor de drie veroordeelde leden der demokratische partij . Hoewel dit voorstel verworpen werd , trachtte men na de vergadering het plan toch te verwezenlijken , maar de politie heeft de menigte uiteengedreven",0
