text,label
"uit . rst goedhartig en van nature verdraagzaam de bevolking iv Noord - Brabant , die best dt vergelijking kan doorstaan met die te Lutjebroek ( ik leer de Noordbrabantera persoonlijk waardeeren ) ook moge zijn , zal ook de massa aldaar , ten platteulande inzonderheid , Volgzaam zijn eu blijven jegens haar geestelijkheid . Zelfs een zoo voclzi . j_ . ig ontwikkeld en vrijheidlievemd man als de Montalembert betoonde die ondergeschiktheid , al was dat bij hem dan",3
"Bij vroegere socialistische bewegingen in Amerika hebben wij wel eens gewaagd van zekeren Kearney . Die stokebrand is ook thans weer dapper aan het werk , en het succes , dat hij onder de massa heeft , maakt reeds menigeen voor de naaste toekomst ernstig ongerust . Men verbeelde zich , te midden der ellende , welke de industriëele crisissen in het land deden ontstaan , een vurig volksleider , hartstochtelijk , en beschikkende",0
"ervaring van Indië en van de zeden en gewoonten van Indië ' s bevolking heeft opgedaan , zal dit bezoek , geheel afgescheiden van het bezwaar dat voor de schatkist daaruit volgt , veel meer slecht dan goed voor de massa achten . Ik zal dat in het kort aantoonen , en wensch te zeggen , dat ik op het gezag van een vijftienjarige ondervinding spreek . De lezers zullen begrijpen , dat er in het Bengaalsche gedeelte van het",5
"Weda gelegen , en dat de resident bezig was een groote macht uit Ternate , Tidore en Batjan te verzamelen , ten einde hem in die schuilplaats « an te vallen . Volgens berichten van den resident zal de groote massa der bevolking van Patani en Maba zich onderwerpen , zoodra de resident zich aldaar vertoont , doch de hoofden dier plaatsen willen Hassan tot het einde toe getrouw blijven , evenals de bende van 200 Alfoeren die hem vergezelt",5
"niet al te veel gewicht te hechten , maar het : zwaartepunt der verdediging U « fcllen in noord - oostelijk Bulgarije in , de i linie Ciernawodo - K - uslendje . JT - ; Sedert verscheidenedagen worden groote massa ' s troepen van Schumla naar Rustschuk getrokken . Ü3ze ' moeten blijkbaar dienen om de reserve van het hier ! geconcentreerde hoofd » leger te vormen . ilLn mag hieruit opmaken ; dat Abdul Kerirn Pacha dea hoofdaanval",1
"maarschalk Bazaine is echter goed met het oorlogstei rein bekend en heeft deze verrassing Terwacht . | Kanonnen , roitrailleuscn , geweren alles braakt vaur . De Pruisische houwitser » verpletteren als hagel de Franschen , de mitraiileusen werpen in massa de Pruisische neêr . De levenden nemen de plaats der dooden in . Negm en een half uur duurt de hardnekkige slachting en alleen de stikdonkere nacht doet het vuren ophouden . By JeaumoDt waren de toonneelen niet minder",1
"scholen bouwen voor 103 863 kindaren . Wellicht vindt meu ' t vreemd , dat bedoelde commissie iv t schoolverzuim een aanleiding vond om minder scholen ° P te richten ; maar men bedenke wel dat over zulk een groote massa een gemiddeld getal van 23 935 wegblijvers een groot verschil in kosten geeft ; beveudien werd aleeu ' t schoolverzuim wegens natuurlijke oorzaken , als t ] ekte enz . , in aanmerking genomen . Van do tien afdeelingen",2
"zijn vrouw * """" ■ wveel minder deinokratisch dan ik vroeger geweest * as , omdat wij , zoolang de opvoeding zoo jammer . k onvolmaakt blijft , de onkunde en vooral de zelfzucht en de onbeschoftheid van de groote massa freesden . """" Maar aan de meeste van zyn overige Jeugdige overtuigingen is hij zyn leven lang getrouw gebleven , ofschoon hij weldra leeren moest , dat zij dringend aanvulling behoefden . Aan de ernstige bezwaren , waartoe hem",3
"als een macht , om den invloed van den middelstand , die bijna overal voor vrijheid en zelfbestuur is , te fnuiken ten voordeele van het persoonlijk Gezag . Maar , zoodra het twijfelachtig , wordt , of de groote massa dien dienst wel meer zou willen bewjjzen , verkoelt de ingenomenheid met dat algemeene stemmen . De commissie voor de petitiën had dan ook gunstig geadviseerd , en hoewel de Senaat deze conclusie verwierp , was het toch onmiskenbaar",0
"den trein behoorde . Zoo naderde de menigte een brug over de - kali Tjikoenten , die al wat oud wns en sedert lang den belangstellenden blik van distriktshoofd gemist had , en nu bleek niet tegen den druk der massa menschen meer bestand te zijn . Juist was de voorste draagstoel , waarin het meisje met afgevijlde tanden zat onder de hoede van twee oude buurvrouwen , op het midden der brug gekomen , toen deze bezweek en zijn",6
"goedgekeurd . Wel voegt het daarbij het bericht , dat van hemde en vorro een zeer talrijke menigte te Ratzeburg was saamgestroomd tot bijwoning van de zitting . Aangaande den indruk , door het besluit van den Landdag op de massa teweeg heeft gebracht , wordt door de dagbladen niets meegedeeld . — Do Mecklenburgsche Landdag is lezsr dagen te Sternberg zonder bijzondere plechtigheid geopend . Onder de punten ter behandeling in deze zitting ter tafel gebracht , komt niets",0
"onverschilligheid doen ophouden . Het verlamt de regeering in haar pogingen om zich te vestigen . Hel heeft de monarchale Partij tot ontbinding en tot machteloosheid gebracht . Het heeft twee leuzen en daarmede beheerscht het de Welgestelden en de massa ' s . Orde heet het en algemeen stemrecht ; wat de radicalen niet durven , durft het Bonapartisme , het noemt zich \ de partij van het beroep op het volk . Vooral aan de monarchale partij heeft",3
"eens in N . O . dan in Z . O . richting van den Kraton , tusschenbeiden afgewisseld door geweervuur . Het feit dat de vijand Kwala Gighen midden op den dag durfde attaqueeren — ten minste zich in massa op de vlakte daarvoor durfde vertoonen en een geweervuur te openen , pleit niet voor zijn respect voor onze wapenen ; trouwens de Infanterie schiet daarvoor lang niet goed genoeg . Verder is men druk bezig met het verbeteren",1
"Uit Ponorogo Eindelijk , de h < mei zij gedankt , is het dorstip - e aardrijk alhier gedrenkt . Vier dagen aaneen hebben wij nu regen gehad en niet weinig ook . Het volk jubelt en , trekt in massa op naar de sawahs , wier grond tot nu toe steenhard was en geene bewerking toeliet . Voor rijstgebrek schijnt hier geen gevaar te bestaan . Wel stijgen de prijzen nog gedurig , maar voorraad is er genoeg tot",5
"belang van ' t vaderland dit eischt . De zelfde regel geldt ten aanzien van de keimis - philantropie . Zij is in de hoogste mate ongepast . De lieden , die hun levensonderhoud vonden in de ongebondenheid der ruwe massa , zuHen hun arbeid en talent veel beter betaald krijgen in de gebondenheid van een ordentelijk volksvermeak . De ondervinding leert dit . Voor den man , die werken wil , is overf ' . elders een plaats .",3
"pausdom geworden is . De beteekenis van dat verschijnsel , beschouwd als bladzijde uit de nieuwere geschiedenis , is ongetwijfeld deze , dat voor zoo ver het Nederlandsche volk vertegenwoordigd wordt door de Nederlandsche kiezers , het zich eenerzijds in massa geëmancipeerd heeft van het voorvaderlijk dogma , en aan de andere zijde het katholicisme in Nederland een . herbloei van populariteit beleeft , waarvan in 1618 niemand gedroomd , welke een ieder destijds als onmogelijk beschouwd zou hebben .",0
"gevoerd , maar dat hier aan dien strijd de vrije gang niet wordt gelaten . Onmiddellijk moest het oog worden gevestigd op die ■ oorzaak der menschelijke ellende , de toeneming deibevolking , de wanverhouding tusschen de voortbrenging en de massa die van het voortgebrachte moet bestaan . Die wanverhouding was niets nieuws . Sinds de Essay van ' M . u . this was deze waarheid medegedeeld , en de feiten rm iederen dag bevestigden hare juistheid . De",4
"eu naar hunne gelijkenis worden andere wezens geboren , en zij sterveu zouder te weten wat zij doen , gelijk zij ter wereld gekomeu zijn , geleefd hebben , en aan andereu het levenslicht hebben geschonken . Aldus de groote massa , de armen en de kleinen . Met de rijken en de aanzienlijken is het niet anders gesteld . Alleen staan zij eene sport hooger op den ladder , voeden zich beter , hebben eene minder goede spijsvertering ,",3
"als de immigratie ophield . De haLdelstand zoude , indien de plantages verlaten werden , eene belemmering in zijne nering ondervinden ; de openbare fondsen der kolonie zonden achteruitgaan en de openbare ambtenaren hun salaris en levensbestaan verliezen , de massa der bevolking zoude aldus lijden , in zooverre flat als de inkomsten vernietigd zijn . bet noodzak - dijk gevolg wel mot wezen het v rlies van al di ? sociale , staatkundige en bur gerlijke inrigtingen . die",5
"plooien naar de eischen , die de hoogere trap van onderwijs vordert van degenen , die hiervan Wen schen te profiteeren . Bedoelde spreker wees er op , dat het Lager Onderwijs bestemd is én moet blijven om aan de massa de eerste beginselen van alle kennis in te prenten : het moet trachten bevattelijk te zijn voor ellen , en niet hooger te reiken , dan wat ook de minst begaafden in staat zijn in zich op te nemen",3
"van het kanton Solothurn is meerendeels Katholiek ; het totaal der bewoners is ruim 74 , 000 en van dat aantal belijden 02 , 000 den Katholieken godsdienst ; de overige 12 , 000 zijn Protestanten . Maar hoezeer de massa der Katholieke bevolking I zoozeer de overhand heeft , maakt rqen zich niet be : ducht over den uitslag van dergelijk beroep op het ! vo1 , ! - . , als de ultramontancn verlangen , üe bevolking '",4
"het licht der maan had . De duur der verschijning was 5 sekonden , toen digte wolken aan den horizon de verdere waarneming beletten . ZAANDAM , 31 Aug . Woensdag avond heeft zich de wanorde niet herhaald ; een massa volks bewoog zich langs de straten , enkele kennissen der vorige avonden werden in bewaring genomen . De schutterij , ten half zeven aangetreden , werd na verloop van twee uren weder afgedankt , het vertoon der kavalerie heeft",6
"arbeiders tot staan , door dier voorstel om bet punt in quaestie aan de uitspraak van scheidsrechters te ouderwerpen aan te nemen . Daardoor was een ander 10 , 000 - tal buiten de bewegiög gebracht . Maar de groote massa van ontevredenen , de 60 , 000 arbeiders iv de yzermynen , bleven steeds weerspannig eu hun meesters vast op hun stuk staan . Gelukkig waren zy ' die het best op de hoogte der zaak zijn , niet",6
"der winkels , waarin zich ontplofbare voorwerpen bevonden , in de lucht vloog en 17 menschen daarbij het leven verloren . De inwoners van de ongelukkige , alweder door gele koorts verpeste stad Memphis , in Amerika , nemen in massa de vlugt , zoodat er slechts de armsten , een 10 , 000 in getal , achterblijven . Tot dusver kwamen er in geheel 80 gevallen voor . De paniek in het omliggende land is ontzettend , en de",6
"de godsdienstoefeningen derzulken ver verwijderd blijven , van hen niet de HH . Sacramenten ontvangen , en zich zoodoende voorzigtig van den om ^ an » en het verkeer met hen onthouden , opdat niet het kwade zuurdeeg de goede massa bederve . — Iv deze bedruktheden heeft uwe onverschrokkenheid en standvastigheid , welke inderdaad , Eerbiedwaardige Broeders , de overige geestelijkheid en de geloovigen met elkander in het aanvaarden van den hevigen strijd hebben nagevolgd , Onze smarten verzacht",4
"predikende huisvaders , mannen van [ chocola , koek , taai - taai en allerlei ander deeg , behalve van vleesch en bloed , t Zijn neuswijzige , aanmatigende , bekrompen kereltjes , maar ze worden door de ; voote massa toch voor vol aangezien ; ja , zelfs meer dan vol , dubbel vol . kent ge niet toevallig den een of ander , die aan deze potloodtrekken beantwoordt ? Eilieve , let dan eens op . Er zijn",3
"en zich te oefenenen , die in 1854 volstrekt niet bestond , en ofschoon de vooruitgang eenigszins tegen gehouden is door enkele kommandeerende officieren , die met degelijke , wetenschappelijke militaire opleiding den spot drijven , zoo bezit toch de massa der subalterne officieren een mate Van taktische kennis , die vijf en twintig jaar geleden te vergeefs in het leger gezocht werd . Dit heeft de vecht - waarde van het leger zoodanig verhoogd , dat ik niet aarzel",1
"den regeeringsvorm aanwenden , met een beleedigend schouderophalen straffen , maar voor het lichtzinnige Frankryk is die inconsequentie een ongeluk , en is die lijdzaamheid ten opzichte der Bonapartistischekuiperyen een ramp . Zóó weinig is daar het volk , de massa , van een regeeringsbeginsel doordrongen , dat het , voor verreweg het grootste gedeelte ingenomenheid met de republiek belydende , op het punt heeft gestaan , den Graaf van Chambord als zijn monarch gekozen te zien . Een waarheid",3
"in de uren , waarep een crisis iv de verkiezing of een revolutie plaats vindt , besluit zij het woord te nemen of liever in dezen of dien zin uitspraak ta doen . Welnu , naar weikon kant helt deze massa over . Zij zal do zege doen behalen aan wien zal zij die schenken ? Is het waar dat op dan bodem van dis verstijving hot verdriet wordt gevonden , dat het keizerrijk van den troou vervallen , do",0
"| » t . 7lHc4cn viert liriclle zijn lang verhei Je feest : de out hulling der Nimf . - . ~ """" ■ . . Hij ilc aankomst ( les Konings geschiedde alles volgens programma . — Een digte massa vulde de straten . De tribunes waren overvol . Een kompagnic vesting - artillerie had op liet terrein post gevat . liet koninklijk jagt is op stroom blijven . liggen , en de Koniiig begaf zit - li in",0
"vermogend , otn zich te kunnen verdedigen tegen den meest schaaiuteloozen van alle aanslagen . Daar zeM wilde dieren niet kunnen verdragen , dat men he """" """" j van hunne jongen berooft , kan het niet bevreemdendat de groote massa der Chinezen met leede ooge * 1 het wegvoeren hunner kinderen aanzien , hetzij oU > voor de prostitutie opgeleid , hetzij om in het Roomse Katholiek geloof grootgebragt te worden . Van da * * 1 de geweldige",4
"voor éenige . men * scbelük * macht . In zgn tijd was de revolutie - geest een koorts ' die bijna geheel Europa had aangetast en door geen gewone middelen was uit te drgven . . Niet alleen de massa was aangestoken maar ook de mannén van kenuis , talent ; ja ' zélfs de kapitalisten begonnen hier en daar sanMulötlen j te , worden - Revolutionair was een eetenaam 4én betéekende zooveel ' als man van beschaving ,",3
"mogelijk zou zijn sneller vooruit te gaan op den weg der hervorming . Tot eene soort revolutie der Kamer tegen den president wilde men niet besluiten , daar zoowel de samenwerking van den Senaat als de goedkeuring van de groote massa der rustige burgers voor een » radicale onderneming van dien aard niet verzekerd waren . Het was voorzichtiger de zaken te laten gaan , totdat zij vanzelf den gewenschten uitslag bewerkten . Het duurde niet lang of die verwachting",0
"van dit jaar in alle werelddeelen de konde verbrei Ide , dat gij het waart , die in het heilige Roomsche concilie het eerst begonnen zijt om de leer der ( christelijke ) liefde te verkondigen , begroette u de massa der volkeren met lef en met dank . Wij kennen sedert lang uwe degelijkheid , uwe uitstekende deugden , uw verheven en zeldzaam karakter , hetwelk zich zóó krachtig openbaart , dat gij u ze ondanks dreigende gevaren ,",4
"smet , een vernedering te zoeken , vooral in verband met het slot van denzin waarin ze gebezigd worden . En toch ligt daarin haar grootste verdienste , haar uitnemend practische strekking . De hygiène is de wetenschap voor de massa , de wetenschap , die door de massa gekend , gewaardeerd , toegepast moet worden . Maar evenals dc kookkunst de populaire toepassing van de wetten voor de voedingsleer behoort te zijn , zal zij de massa ten goode",4
"goede verhooging der grondbelasting op de ongebouwde eigendommen en eene daarmede overeenstemmende inkomstenbelasting op de opbrengst der personele eigendommen . Maar de grondbelasting drukt reeds zwaar op de landeigenaren , die het grootste gedeelte van het fransche volk en de massa van de kiezers uitmaken . Zij zouden ten strengste elke verhooging hunner lasten verwerpen , en elk gouvernement , dat zulk eene belasting zou willen invoeren , zou zonder twijfel zijne populariteit en welligt ook zijne magt verliezen .",0
"leeftijd , nam vervolgens h » t woord en ieder verhaalde veorb » » lden van verdorvenheid der Evangelische f papen """" . Het slotwoord der r * denaaritors was Bteeds : / - Weg met de papen ! Bij massa ' s moeten wijddek » rk nit en dan gaan wij over tot de socialistische partij . """" Onder het mannelijk personeel , dat niet de deur was uitgezet , bevond zich de neer Wuugcmann , directeur van het",0
"wetenschap en der godsdienst . De vrije geest der Germanen eischte teruggave Van het verloren terrein . De hervorming sprong voor de rechten van het individu in de bres ; de eenling mocht niet op - en onderdaan in de massa . ¦ \ Nadat de moeiten en bezwaren van den jworstelstrijd vergeten waren , hernam de menöcheïiike natuur harp - . « - _ . • - - - - Hieuwen naam en vorm koesterde en kweekte tnen weldra",0
"opzetten : de politie schijnt evenwel , ter gelegenheid van den dag , duchtig versterkt te zijn , a thans wij wandelen als ' t ware tusschen twee muren , die zorgvuldig ons wit pad ontzien en de dringende nieuwsgierige massa tegenhouden . Het is een bekend vredelievend teeken , dat ook de vrouwen zich doen « en - - aj bewijzen do aanwezige ook weder , dat het getal « schoonèn . ' in de dubbele beteekems van t",6
"alles echter winst , zeifs wam e * de zaken van de voordeel : gete zijde worden beschouwd ? De aristocratische geestveif jning van het individu , gaat ze niet te loor bij die gelijkmatige ontwikkeling nsaréan niveau van de massa ? Ea wat staat er hooger dan de zelfbewuste , ze fetandiga persoonlijkheid ? K » n de intieme poë . ie van het leven wel blijven bsstaan , ie midden van den luidruchtigen ronzebons , diei men de",3
"vau den regel , dat kerk en staat geheel en al behooren ge scheiden ta zijn . Het is niet te miskennen , dat de steeds in aantal toenemende katholieke congregatiën een kliramendeii in vlo - d « p de massa uitoefenen . Daarby sluiten zich aan broederschappen , vereenigitigen , van allerlei \ naam en beteekenis Leden dier vereenigingen < geven onderricht in naai en breischolen , _a i bewaarscholen en andere dergeujke linrieh j tingeii , alwaar voornamelijk",4
"de worsteling tegen hen te beginnen . Het spaansche volk is voor 99 / 100 katholiek en koningsgezind ; men zal het ondervinden , zoodra don Carlos meester van Spanje is . In de godsdienstige beginselen , die onder de massa ' s bewaard zijn gebleven , moet men het geheim der levenskracht zoeken , waarvan het spaansche volk nog blijk geeft , ondanks de 50 jaren van burgeroorlog en rampspoeden van allerlei soort . » Het carlisme was dus",0
"ran ens vorig No . Het carnaval is verloopen zonder eeuig - opziea te baren , bijna geen masker werd in j de strateu van Parijs gezien , de gang der . zaken werd niet verstoord door trekkende j dronken massa ' s . Zelfs in de Na ' ionaie ; Vergadering was het rustig , ' omdat . . . . de i grootste helft der leden niet tegenwoordig , was . — Te Parijs is een nieuwe bank",6
"zeer vijandig , en ' t was niet te voorzien wat er gebeuren kon . Toen het tien uren was , had Mira alle diplo - matieke betrekking met den Minister afgebroken . Te elf uren algemeene beweging onder de massa , eene beweging welke zich als een loopend vuurtje aan het publiek in de gansche Rue Le Peletier mededeelde . / / Opent de deuren ! / / brulde men . / ' Opent de deuren , of we",0
", ontvlamt door één enkel woord vau het eene einde van het land tot het andere als buskruit . Te Parijs heelt men üikwy ' ls vreeselijke dingen gezien , ten gevolge der magnetische kracht , die plotseling op de massa werkt . Werklieden , die aan niets dachten dan aan zich te vermaken en te lachen , werden door één woord uit den moud vau een onbekende tot de afschuwelijkste uitspattingen gedreven . Er roept iemand : ter dood",6
"worden volgehouden ten koste van een a ! gemeene gedruktheid , van den geest en van de energie van het volk . Het Pruisische stelsel van opvoeding heeft ongetwijfeld het lezen , schrijven en rekenen met goed gevolg onder de massa verspreid , maar het onthoudthen d it praktisch onderwijs , om te denken voor zich zelf en voor zich zelf zorg te dragen , dat een vrije natic geniet . Het verpruisen van geheel Duitschlaudzalhet leven uit het volk",4
"vroeger verdedigd . Maar het heett hem getroffen , dat in de troonrede van het lager onderwijs met geen enkel woord ge - Sprqkëa ' is , ' ' Wij Vertegenwoordigersi , segt spr . , dio ons onder de massa der volken bewegen , wt ) zrja vejpVqht deze / aak ter sprake te brengen . Immers dit adres is een adres aaa dea Konmg . Dat er groote spanning in den lande omtrent het onderwijs bestaat , is",4
"coöperatie - die onderscheiding opheffen . Men put dus verder . Doch juist om die reden is coöperatie meer de za » k der élite van do werklieden ; zij ig bijna een onbereikbare zaak voor de massa . Do massa kan desnoods een corporatie , geen coöperatie vormen . Die dit laatste mogelijk achten , gaan van de onderstelling uit , dat allo menschen gelijkelijk voortreffelijk in moreel opzicht kunnen wezen . Zelfs liet resultaat van Kochdale geefc voedsel",3
"men in de stad ' s nacht niet eens het geringste voorwerp buiten kan laten staan . Alles , tot de zeilen toe . wordt dan ook steeds ' s nachts binnen gehaald . Slecht volk loopt hier ook in massa rond . vooral bedelaars , deen vrouw zit op den passer , al is het om ecu handje vol lombok te verkoopen , of zij wordt door bedelaressen , in den vorm van tandaksters . lastig gevallen , '",5
"der R . K . gemeente . Vóór deze plechtigheid werd in het bestaande kerkgebouw een poctificalr mis gevierd . Daarna ging men naar het geheel met vlaggen getooide terrein voor de kerk bestemd , al waar reeds eene groote massa van belangstellenden en nieuwsgierigen zich hadden verzameld . ZWEw . pastoor Brinkman hield een plechtige feestrede en lag , met het gebruikelijke coremonieel , den eersten ■ teen . Daarna werd het Te Deum van Neukomm , door de",6
"betreffende de Atsjin - zakeu tot de Kegeering richtte , zwichtten ue openbare en by ' zondere Ti ibui . es byna onder het gewicht der belangstellenden . De botst der tachtig vVestersche wijzen zwol by de gedachte dat die massa kwam om de parelen van welsprekendheid van hunne lippen te zien vloeien . De vragen van den iaterpellant : hoe in de geldelijke eischen vaa den oorltg zou voorzien worden en welke de voornemens der Regeering zoo uit een",6
"waren , ontdekten nu , welk een verschrikkelyke vyand sterke Engelsche mannen zyn , wanneer ze eens bloed hebben gezien . Slecht * eens schoten de Engelschen hun geweren af : met de bajonet wierpeu ze zich op de dichte massa der Chineezen , die ze neerstootten en met de woede van tygers achtervolgden . Een volkomen paniek maakte zich van do Chineezen meester . Eenigen poogden langs ladder over de muren te vluchten , doch werden by hun staarten",1
"kenni » . """" 1 Wijders wijst het blad op den ontegenzeggelijk overgrooten invloed van de moeder op hare kinderen , waaiuit volgt , dat „ in het beter onderwQs der vrouw """" gelegen is „ de toekomst van de massa der jeugd in Nede ) landsch - Indië , """" „ en elk jaar verzuim in dit overwegend belang nadeelig terugwerkt op het onderwas in » { ja geheelen omvang . Daarom dringt het met nadiuk aan op '",2
"waarin de uitgestrekte toebereidselen voor de verdediging van Parijs door de vaderlandsliefde der bevolking in bijzonderheden worden medegedeeld , en een welsprekend beroep wordt gedaan op de burgers van alle departementen , om hunne onverschilligheid af te leggen en in massa zich te verheffen om den nationalen oorlog aan te vangen . De verkiezingen zijn voor onbepaalden tijd verdaagd , uithoofde van de onmogelijkheid om in drieentwintig departementen te stemmen . Londen , 11 Oktober . Een eskadron Duitsche huzaren",0
"aangaat de berichten , uit Frankrijk ontvangen voor zooverre zg betreffen de verhouding tusschen ' de troepen en de bevolking , deze zgn niet zeer gunstig . Van den kant der dagbladpers wordt schier het onmogelijke beproefd , om de massa tegen de Duitsche troepen op te zetten en hierop komen slechts weinig eervolle uitzonderingen voor . Dat sommigen schier het onmogelijke beproeven , kan o . a . uit het volgende blijken , hetwelk in den Anti - Prussien",4
"en ofschoon een aanklacht ingediend was , bleef hy ' ongestraft Verder schryft dezelfde correspondent : Ik kan de autoriteiten niet noemen , waarop my ' ne vaste overtuiging steunt , dat geen politieke beweegredea voor dea opstand vaa de massa der bevolking bestaat , maar eenvoudig de bittere verdrukking ea de onmogelijkheid voor Christeaen , onder Mahomedaansch bestuurrechttekrijgen . Op ait punt is ieder het eens . Het helpt niet een systeem te hervormen , datgeheel verrot is .",4
"t ontbreekt — aan manschappen evenmin . De troepen , die te Woerth en Gravrlotte sneuvelden , die te Sedan en Straatsburg capituleerden , zijn als een droppel in den emmer , vergel - ken bij ' I . - massa van de jonge strijdbare zon . lands . Het materieel , waaruit Duitschland zijn legers vormt , is in Frankrijk nog ongebruikt en overtninderd ; Normandie , Bretagne , Ia Veudee en Provence kunnen elk voor zich legers uitzenden",1
"vgand niet oens gezien , laat staan bevochten . De troepen wachtten niet eens het oogenblik af , waarop het hun zou mogen vergund zijn het forsch gelaat te bewonderen van Brandenburger en Pomeraan . Nauwelgks had één uit de massa luidkeels gillend het treurige maar niet geheel juiste feit medegedeeld , dat zij omsingeld waren door de Pruisen , of de geheele armee koos het hazonpad / / als een troep kongnen . """" De correspondent begroot deze armeo",1
", zoowel als gebrek aan menschenhanden , maakt dat vele nijvere burgers hunne aagen verslijten in een niets - doen , dat voor hen en ac bunnen onhoudbaar is . In Nederland wordt , even ais elders , eene groote massa werklieden en neringaoencten gevonden , die verstoken zijn van hunne uagehjksche verdienste en daardoor in den letterlijken zin van het woord gebreklijden . Vooral Amsterdam zal den tegenwoordigen oorlog , of liever gezegd , slagting nog lang heugen .",3
"wetenschap voor de massa , de wetenschap , die door de massa gekend , gewaardeerd , toegepast moet wordes . Maer evenals de kookkunst de populaire toepassing vaa de wetten voor do vosdingsleex behoort te sfln , aal afl da massa ton goede komen , soo dient de populaire hy ' èae haar grondslag te vinden in de wattaa vaa do natuurkundige weterschsppen , in hsar toepasttog op het sociale levea . Wfl hebben opsettelflk ie veigelflklng aan eea onderwerp",6
"dé zittiug verdaagd . De Senaat heeft denzclfden dag . de bigrooting van Openbare Werken , afgehandeld en die met algemeene stemmen goedgekeurd . Frankrijk . De begrafenis van . Ricard te Niort had Dinsdag te midden van een groote massa toeschouwers ; plaats . - Na de godsdienstige , plechtigheid . werden op het kerkhof redevoeringen gehouden door den prefect en dèh afgevaardigde van Deux Sèvres , Antonin Proust . De maire var * Niort sprak namens de stad",6
"iv Fiaukrijk in den ragel uitvallen in don geest der republikeinsche partij , is een feit . Wat beteekent dit follP Oppervlakkig beschouwd is deZa vraag gemakkelijk ' e beantwoorden . Het b - eteekeu * , dat d « massa van he t pub . iak republikeinschgezind is , dat de republikeinÊche partij da va iouale partij is . Wij batwi ' falen zeer , dat dit werkelijk liet geval is . Uit het eikel feit , dat de",0
"X . vrngt of het der poiicie bekend is , dat vruchten » en limonade - verkonprrs dcs avonds na zonsondergang eigendunkelijk jassar honden op het stok open grond voor de Sluisbrug . lederen avon I ziet men daar pen massa inlanders neergehurkt bij hunne koopwaren , omgeven door karrevoerders met hun voertuigen . Nu moge hi t waar zijn , dat het daar v , or velen eene goede plaats is om hunne waar aan den man te brengen",5
"bepalingen . door ' en voor een vrijgevochten volk . """" Het is weinig minder dan een publiek schandaal """" voor Senateur — Davis - om - mo narcbialen tiranny en zoo danig voor le stellen om van de onwetende massa partij te trekken . - We moeten ook niet voorbij zien dat Se rmteur Davis is uiet tegen troepen , maar tegen nationale troepen ! j Hier komt de oude democraat te voorschijn met Staatscrijheden afgescheiden van de Unie",0
", die betrekkingen hebben in Natal en in de aangrenzende Transvaalsche landdrosdijen , schnjtt de heer F . van Hogendorp in het Handelsblad : De Zoeloes , hoe sterk ook binnen hunne landpalen , zijn te voorzigtig om zich in massa daarbuiten ! te begeven . Daarenboven , zoo ze dat deden , zouden ze eenig vee kunnen stelen en eenige boerenhoeven afbranden , maar meer niet . . - , De verslagen Engelsche afdeeling is in goede orde teruggetrokken",5
"in den staat ; zq heeft het nu met alle staatsvormen beproefd , zonder haar doel te bereiken ; met het absolutisme was niets meer te beginnen ; het constitutionalisme gaf evenmin voldoende middelen ; slechts de verbinding met üo massa en de democratie ( pseudo ) kon haar nog haar dool doen bereiken . Neem de zaak niet zoo licht , het is werkelijk zoo . """" Geef ons Amerikaansohe toestanden en ik laat het ontwerp vallen . Eigenlflk",0
"gearresteerde op vrije voeten zou worden gesteld . Toen , gelyk vanzelf spreekt , aan dezen onrechtmatigen eisch niet voldaan werd , begon men , in weerwil dat vele bezadigde ingezetenen alle pogingen in het werk stelden , om de massa totbedaren te brengen , de straatsteenen op te breken . Een hagelbui van projectielen verbrijzelde weldra do ruiten der stadhuisramen . De politie niet bij machte zyndeom het geweld tegen te gaan , werden troepen Hit Neurenberg ontboden .",6
"heer Vernee maande met luider stemme de aanwezigen tot rust en handhaving der goede orde aan . Later kwamen de burgemee - tter , de hoofdcommissaris en andere politieoverheden . Vóór de beurs was een sterke politiemagt opgesteld en een massa menschen verzameld . Ten drie ure begon 8 . zijne wandeling over de beurs , gevolgd door de nog aanwezig zijnde beursbezoekers , doch dezen lieten hem met rust . De heer Quien verzocht daarop S . zich te",6
"teweeggebracht , is allerongunstig , voorde » gewezen ambassdeur , zegt de Westr - Zcitung , niettegenstaande de in = koud , in zijn geheel genomen , van dit tegen den heer v . Bismarck gerichte geschrift aan de groote massa niet zeer bekendis . Van een staatkundig standpunt gezien , mag men hotbejammeren , dat de brochure in beslag is genomen ; maar er stond geen andere weg open , de wet gebood dat het geschrift in beslag werd",0
"aan kalm te blijven . Daarop vertrok het rijtuig in galop . Alles ging naar wensch tot aan de Grande - Rue , welke naar een hoogte voert , ten gevolge waarvan de paarden stapvoets - moesten gaan . De massa maakte hiervan gebruik en haalde den wagen spoedig in Zg • omringden hem met woeste kreten en nog woester gebaren , blgkbaar met het voornemen , om zich van den gevangene meester te maken . Steeds dichter werden de",6
"Men berekent dat het getal scbelvisschen , behalve de kabeljauw , dien dag daar afgeslagen , bijna 40 , 000 stuks bedraagt . De prijs was van / 19 tot f 34 het honderd . De visscherij geeft aan een massa menschen brood . — Te Rottevalle , een paar uur van Leeuwarden , zijn hedenmorgen door een veldwachter in een woning de lijken gevonden vnn een vader en dochter , die hedennacht vermoord zijn . De burgemeester van Achtkarspeleu",4
"Maait ) — De retideut heeft persoonlijk • je - onderzoek ingesteld naar den stand van zaken iv het regentschap Klatten . De overstroomingen hebben veel schade Berokkend , doch zoo min hier ala elders in dit gewest heeft de massa der bevolking gebrek aau voedingsmiddelen . De scliaaischte en de hooge prijktu blyveu echter aaulioiuten . Naar de oorzaak van een viertal staifgevalleu wordt onderzoek gedaan . E . it last gegeven om aan partiëele behoeften dadelijk te gemoet",4
"had redt op miliiaire eerbewijzen . Door het nieuwe besluit van den minister vau oorlog , wordt dit recht tot een eenvoudig betoon vau beleefdheid teruggebracht . De officieren der nationale garde zijn tegen dat besluit opgekomen en dreigen iv massa hun ontslag te nemen . Na langdurige diskussie , is de zaak in het Parlement gebracht , en heeft een der afgevaardigden de regeering geïnterpelleerd . Heden zullen de debatten daarover plaats hebben . Het betreft hier eene zaak",1
", welke velen arbeiders den d ( > od berokkend hebben , anderen in de gevangenis te regt deden komen en een zeer groot getaj tot de uiterste ellende bragten . Bij gelegenheid von het plebiscit heelt zij werkstakingen in massa uitgeschreven , ten gevolge waarvan de leêgloopende werklieden in klubsen bijeenkomen , om over de volksstemming te beraadslagen , en aldaar door hun opstokers openlijk oproer , doodslag en sluipmoord hooren prediken . Kan men zich verbazen , dat",0
"gesalueerd door het Engelsche admiraalschip met 21 kanonschoten ; van de boot werd deze begroeting beantwoord met driemaal hijschen der Engelsche vlag . De gasten werden op het landhoofd ontvangen door den Engelschen admiraal , in tegenwoordigheid van een ontzaglijke massa belangstellende toeschouwers , die eenc buitengewone geestdrift aan den dag legden . Daarop volgde een feestmaal in een tent . Het diner was goed . Ons muziekkorps en een Engelsch korpsje voerden beurtelings eenige stukken uit . Aan toasten",6
"de . bezwaren dergenen , die de decentralizatie verlangen en bevorderen . De fout zit oorspronkelijk in de revolutie , die tot allen prijs den provincialen geest in Frankrijk heeft willen afschaffen en dooden , om geheel Frankrijk tot ééne massa te maken van het onbegrijpelijkste en onredelijkste mengelmoes . Men is in die heillooze poging ongelukkig geslaagd . De revolutie heeft het mengelmoes voortgebragt , dat zij verlangde , en daardoor alle zelfstandigheid in de provinciën vernietigd , en",4
"bij de nationale beweging tegen Oostenrijk . Toen Kabel Albert , de Koning , naar gewoonte in No ' omber zijn jaarlijksch bezoek aan Genua bracht , kou hij duidelijk die stemming lezen op de gezichten va . , de massa , die zich om hem heen verdrong . De Koning reed zwijgend door de menigte aan het boofd zijner officieren , hij sloeg geen acht op de handen die zich naar hem uitstrekten , en meer en meer pakte",6
". — Vijf . oorlogschepen zijn de Moorsche kust gezonden tot ontzet van het jtaor Riff - zeeroovers belegerde Melilla . — Het koloniaal * Wget voor Cuba is bij de Cortes ingediend . . Rusland trekt talrijke troepen - massa ' s te zamen lQ Volhynië en Podolië , alwaar het alles behalve * Istig is . In Amerika laat men het niet haperen aan betuigingen van sympathie voor Rusland bij gelegenheid van het bezoek van Grootvorst Alexis die",1
"vaneen anderen kant worden er even groote ePen heengetrokken door de fijne , maar nijpende ö ( i van eenen adellijken meester of de in dweepzucht vingeren van een rechtzinnigen ijveraar . _ ■ """" ■ och moet die bonte massa worden geordend . Al Jö w door de uitsluiting van het algemeen stementcnt de laagste groepen niet vertegenwoordigd , toch , 18 * » 1 het ontkennen , woelt in die bonte massa ver * nd en domheid op",0
"licht vaneen li f zit ik , door een stroomat eenigszins beschut voor ri - 0 , 1 ? u een verslag te schrijven van hetgeen dezen dag Z ^ l is voorgevallen . Hedenmorgen vroeg trokken twee trnenL ! massa ' s , de eeno uit « - Bosch en van stellinir te Tldpn ü andero uit do vereenigde garnizoenen nam Gravo en Niirn om stelling to nemen in do nabijheid van Reek Hut waa f6O morgen nog vóór",1
"houdt men zich niet meer bezig niet staatkundige , maar alleen met sociale vraagstukken te behandelen . De strijd tegen den vreemdeling , den indringer , wordt door dc leiders van tle separatistische beweging hoofdzakelijk als voorwendsel gebruiki om de massa , die door vaderlandsliefde opgewonden is , beter met hen te doen medegaau en mi t hare hulp hunne socialistische hersenschimmen , wier einddoel is eene eenvoudige verdeeling van de eigendommen en bezittingen , te . n uitvoer te",0
"zoo vele broeinesten , waar do aanstaande geestelijken worden besmet met de thans zoo algemeen onder do jongere zielenherders heerschende kwaal , namelyk gemis aan liefde voor het vaderland , welke kwaal zjj verder onder het volk , onder de massa , moeten verbreiden . Hoedanig de bisschoppen al het mogelijke in het werk stellen , om ten gunste van dezo instellingen de theologische faculteiten dor hoogescholen voor aanstaande geestelijken ontoegankelijk te maken , daarvan leveren die faculteiten aan de",4
"opgewonden vriend te scheiden en onder """" | e menigte te verdwijnen , ten einde verborgen in • le schaduw van een tegenover - gelegen huis de helder verlichte vestibule van den schouwburg in het oog te houden . De massa menschen had zich spoedig verstrooid , in de straten werd het rustiger , en slechts enkele huurrijtuigen bleven nog wachten . In ademlooze spanning wachtte de dokter in zijn schuilplaats , terwijl zijn scherpe blik gevestigd bleef op het",6
"dau zal men met vertrouwen orders geven , omdat men weet goede waar te zullen bekomen . „ De andere reden is , dat zooals bet gouvernements ku ' fir - mouopolie nu werkt , het aansloot geeft aau eene massa verbruikers in het binnenland . Eu _p < - n_u , meer gegoede inlanders en chinezen , die meer of min gewoon . eraakten aan het gebruik van koffie , kenden de benodigde hoeveelheid vroeger inkoapeu bij de gouvernements",5
"; zou dan de gewezen Minister van oorlog Den Beer met zijn veldleger van 35 , 000 man , dat hij volgens de herziene Grondwet zou verlangen , dat gevaar hebben afgewend ? Ik durf het betwijfelen ; met de massa ' s , waarmede toen gestreden werd , in aanraking gekomen , zou dat legertje toch verpletterd zijn geworden . Ik geloof zelfs dat het niet wenschelijk zou geweest zijn , dat de schrijver der brochure commandant ware geweest",1
"een weg te banen . Zelfs de vredespartij verlangt , , dat ernstig zal getracht worden om de armee van Parijs to redden , alvorens de stad tot de capitulatie overgaat of indien dat niet kan gelukken . om de massa duidelijk te doen inzien , dat alle verdere weerstand nutteloos is . Trochu heeft tot heden nog de overhand behouden , maar onder deze voorwaarde : dat hij gehoor geeft aan het dringend verlangen naar uitvallen . volgens mededeelingen",4
"die het organisme van een leger in onnatuurlijke slaafsche gehoorzaamheid wil oefenen , wel veel meer bereiken dan niets ? Zeker ook niet . Zoo zeer als de mensehelijke natuur zich tegen slavernij verzet , even zoo gaarne gehoorzaamt de massa dengenen , die zij in verstand boven zich verheven gevoelt en die haar door zijn karakter vóórgaat . Als ware en onomstootbare grondslagen eener goede en echte discipline , moeten wij de navolgende vereischten vaststelien : Vooreerst eene verstandelijke",3
"lezer zijn en daarom hebben wij besloten ons eveneens tot ronddwalen tusschen de tentoongestelde voorwerpen te bepalen om als ontdekkers en leregtwijzers omen lezers den weg te wijzen : — ¦ Wij beginnen met eene groep , waar de groote massa des volks gewoonlijk voorbijgaat , met die der cliemische Industrie , die niettemin zeer vele belangrijke voorwerpen bevat - De iandgeneeskunde wordt door het Anathenn - Muiulwasser , de Anatuerin - Zahnpasta en het v ' . gctabüische Zahnpnlvcr",4
"bevestigde plaatsen of in een geretrancheerd kamp aan te vallen . Dat zou dan moeten zyn Trier , Mainz of Frankfort . Figaro meent dat de Pruisen zoodoende hun eenige kans op slagen zullen verspelen omdat ze wel iv de massa kunnen schieten maar als tirailleur niets beteekenen . De Pruisen bouweu juist hun hoop van slagen op diezelfde eigenschap die ze bij de Franschen vermoeden . De Franschen zjjn gewaarschuwd zich niet te laten bedriegen door de omstandigheid dat",1
"profiteert , zonder dat do niet - bezitters van land op onrechtvaardige wijze worden belast ? Van het standpunt der socialistische agitatie gezien , zijn dergelijke onuitvoerbare plannen bij uitstek berekend om indruk i . e maken op de groote massa zonder eigen oordeel , vooral nu daarmede het uitzicht wordt geopend op cvcntueele gewelddadige onteigening der bezitters , als dezo zich tegen den ontwikkelingsgang mochten willen verzetten . De socialistische idee der vervanging van bijzonder eigendom door gezamenlijk eigendom",3
"werkvolk krijgen . Deze uitdrukkingen zija geen van alle zeer duidelijk . Wat beteekent het , dat er . . voldoende """" voorraad is ? Dat ze nog goedkoop genoeg is , om onder het bereik te vallen der groote massa ? . Wat verstaat X . onder „ vrij hoog loon """" ? En waar wordt dit aangeboden ? Overal in hetMalangsche , of wellicht alleen daar , waar X verblijf houdt ? Uit Bojoialt schrijft men ons :",4
". Zij hebben eigen rechtbanken , straffen , belas - ingen . En de Amerikaanse avtrheid is machteloos hiertegen , deels omdat j \ < J & et de taal dier Aziaten nagenoeg geheel is , deels omdat de groote massa der Chineezen h * aï gexag niet erkent \ ( g dikwijls Y < wgeköme » , dat was * aeer een Chinees weigerde de bevelen zijner maatsehappg t ; volbrengen , deze als een veemgerecht zijn naam aan",5
"? . Geljjk men woot , is de heer Elout een zoor bedaagd man ; van hoogst voorzichtige bewegingen ; in diplomatieke kringen opgevoed ; ' en daardoor min gewend aan die forscher tonen , die weerklinken moeten om de massa ' s te doen verstaan wat men wil . . , Volkomen natuurljjk das , dat de heer Elout een gansch anderen stgl dan de onze sehrgft ; in zgn vormen soberder ; in zgn toon veel bedaarder is",4
"En niettegenstaande hy zyn graf voor oogen zag , was hy toch bedacht op de zaligheid der wereld , zoodat hij alle tegenspoeden en vermoeienissen ter dood toe ter zijde stellende , trachtte al het mogelyke aantewenden om de geheele massa menschen van het dreigende gevaar , waarin zy gewis zou zyn omgekomen , te redden . Om die reden verklaar ik , erkennende zyne - verdiensten , dat de oude man zich gekweten heeft van alle raad en daad",6
"booze overheerschingsplannen der Katholieken of , om de taal van de liberale organen te bezigen , der ultramontaansche partij . De vrees , vooral de vrees voor denkbeeldige gevaren , is een slecht raadsman ; zij kan , als de massa er eenmaal door bevangen is , een volk doen te werk gaan als de verbijsterde paarden , die , wanneer hun stal brandt , het vuur in den mond loopen . Wij hopen voor ons dierbaar vaderland , dat",4
"zWaüg verdagen . — Een gsootr eonaternatfe werd er Vrtjdag dichtbrj kampte Paderesuan aangericht . Grasverkcopers waren daar brj eea , waros ^ houdeters bedienden tal van klanten ; daar kwa """" men dria jolige stieren aanrennen , deden de massa uiteen « luiven , tooiden Mbok Mi * ah tegen Pah Sarpsn , Nok Ma ais tegen Kang Sim - . , Popen de graskoopers onderstebo ven , schopten de kraampjes omver , en een \ uaner nam eer",6
"Dam door , waar vooi het overige het carillon van den paloistoren aankondigde dat HH . MM . aan het Rijnstation waren aangekomen . Alle huizen waren tot aan den nok met toeschouwers bezet . Van lieverlede verzamelde zich eene massa volks achter de gelederen der troepen , de volksmenigte werd steeds grooter , naarmate zij , die elders den stoet reeds gezien hadden , van alle kanten aansnelden om te beproeven ook iets te zien van hetgeen op den",6
", dit geldt de vruchten der kennis en der fan tii . ie vau wetenschappelijke schrijvers eu dichterlijk * naturen . En dan moet de hooge waarde van den arbeid wor dea gepredikt , moet voor de oogen van die massa ' _ zelf een andere grenslijn worden getrokken . Niet tusschen de ingewijden en de schare welke de wet niet kent , maar tusschen hen die dea arbeid liefhebben en zijn vruchten en hen , die zelfs ten nadeele",4
"en meor beroemd geworden minnaar Bf . Mar , — een en ander gaf aan de terechtstelling een zeker uiterlijk van ' n buitengewoon tragischen roman en w . - kkerde de nieuwsgierigheid zóó aan , d . it groote massa ' s menschen naar ' t crimineel gerechtshof togen . Drummond was verbaasd over de schaamteloosheid van den gevangene , die blijkbaar onbewogen zijn beschuldigers aanzag , met nieuwsgierigheid naar ' t op schrijven keek van de namen der",6
"al te nauwe aan aking dei volkeu de mededinging te zeer in de hand zou werken . Zij behoorden tot den tijii , toen « te huienvjverheid nog spotte oi morde over d « mogelijkheid , dat de industrie aan massa haar op zijde zou kunnen zetten . Auders is ' t in de kwarte < uw der wereldtentoonstellingen . Zij brengt het cosmopolitisch idee op den voorgrond , en iv steed * welsprekender voorbeelden . AU wy opmerken ,",4
"Thiers en de gedelegeerden vertrekken heden avond naar Bordeaux . BRUSSEL , 27 Febr . Do J_to « 7 « Beige meldt , nit Pargs , dat aldaar heden nacht de generaalmarsch is geslagen en dat de nationale garde in massa is opgekomen , om zich to verzetten tegen hetbinnenrukken der Duitschers , die in Lun voornemen tot den intocht volharden . Men verwacht dat zich daarbjj betreurenswaardige gebeurtenissen zullen voordoen . De intocht der Duitschers zal waarschgnlgk Woensdag plaats",1
"\ sektie 8 c . m . berggeschut met ambulance van het bivak , langs het strand naar de zijde van Kwala Tamboer ter verkenning gezonden , naderde tot op 600 meter de positie van den vijand , die in massa ' s vereenigd was , en vond de stelling zeer versterkt . Onze troep : n raakten heden met den vijand in vuurgevecht , waarbij de majoor P . W . Meijer zeer licht gewond werd . Ook een",1
"in vollen gang . Van 9 tot 11 , soms 12 uur ' s nachts trekken duizenden proecssiesgewijze door de stad . De tocht begint aan de St . Jans Kerk , waarvoor men op de publieke straat een zwarte massa neergeknield ziet , om zich daarna biddende door die straten te begeven , waar , naar de legende wil , indertijd het miraeuleuseLieve - ' Vrouwenbeeld gewandeld heeft . Na door eenige achterbuurten gegaan te zijn , komt men",6
"bepaalden - termijn aangifte had gedaan vau zijne staking van betaling , onvolledig boek had gehouden , daar verscheidene bewezene beursspeculatien er niet in vermeld zijn , en hij eindelijk eenige zijner crediteuren integraal had schadeloosgesteld ten nadeele van de massa . Philippart is in hooier beroep gekomen . Nog meer opzien baarde het andere proces , dat vau t ' Kint van Roodenbeke , die voor het hof van o - e - - zworeuen te recht stond onder",4
"rust wachtte . ' t Was : op den boulevard V """" ollaire — eens lange rechte lijn dat men eigenlijk een begrip kon krijgen van hetgeen dé stoet was , niet wat de organisalie betreft , maar wat vla massa volks aangaat . De stoet nam den ganschen Boulevard overT bijua de > geheele breedte in tot opëene lengte """" van ongeveer een kilometer . Ik schat ' het aan * tal menschen , die het lijk volgden ,",4
"is . """" Zonder eenheid van Ministerie geen kracht ; de godsdienst do grondslag van ioderen Staat ; het Oranje boven . ' tegenover bjjgeloof en Fransene ougodisterji , ter opwekking van de volksenergie , niot van den aandrang der massa ' s of het gewold van het grauw ; denkbaarhoid van een plan dat de belangen van Protestanten en Roomschen , van orde en vrijheid , van Noorden en Zuiden , in zoover ze mot de Grondwet en do",4
"te Parijs waren vertegenwoordigd . Al de afgevaardigden en de leden van de hooge staatskolleges hadden een uitnoodiging ontvangen om do plechtigheid bij te wonen . Langs den geheelen weg , dien de stoet is gevolgd , zag men een massa menschen , onder welke velrf arbeiders in blauwe kielen . Alles liep zoo rustig mogelijk af . De muzelmannen op Kandia hebben christenen belet een kerk binnen te gaan . Een gevecht ontstond , waarbij 20 personen , naar",6
"tegen de nieuwe wet gemaakt on tevens de redenen aangetoond , waarom de clericale partij zich zeer hartstochtolijk tegen de voordracht heeft verzet , deelt het ten slotte nog het volgende betreffende de zaak mede . Aanvankelyk bestond bij de massa der Katholieken het plan , om zich geheel te onthouden aan do stemming bij de verkiezing van de leden der kerkbesturen , die , volgens bedoelde wet , belast zyn met het beheer der kerkelijke goederen . Vanjdit plan",0
"tegecover do tribunes en tegenover den Maarschalk met ? ijn staf . Da gelederen der kavalerie strekte ! zich uit , zoo v ? r het oog reiken kon , en plotseling , op hetzelfde kommando , stelde deze geheele massa zich in beweging , om in vollen galop een charge uit te voeren in de richting der tribunes . Dit was een buitengewoon groottch schouwspel , een waardig einde voor de r « vue . Was het ' s",1
", l . oort ge ? """" ' t Scheen we ) , dat de roode dtclor een grooten irnloed had op het gepeupel , want , ingevolge fijn bevel , drong men naar den uitgang en verliet men in massa ' s den ketker . Enkeled slechts bleven . „ Nu , waarom staat gij daar nu nog te gapen ? """" zeide de doctor , zich op ontevreden toon tot do acbtmb ' ijvers weur dende . „",6
"» Wij zouden onze bijlen genomen hebben """" , antwoordt de boer naïef en doodbedaard , als gold het de natuurlijkste zaak der wereld . Een ander bewijs vaa de ge ; nakkelijkheid , waarmede het nihilistische venijn bij de massa ingang vindt , is een teTsjiguirine , in het gouvernement Kief , gsdane ontdekking , waar circa 25 gemeenten een uitgebreid geheim genootschap hadden gevormd , Tainia droujina ( geheime cohorte ) geheeten . Een nihilist van joodsche afkomst",4
"op dit terrein behoeft , naar het schijnt , voor geen verdere uitbreiding van het socialistische element moer gevreesd te worden . Naar men onderstelt , staat dit in verband met het bekende plan der socialistische partij , om in massa de Protestantsche kerk ' te verlat . n . Voor het overige is de partij des te ijveriger werkzaam om haar - ledental ts vermeerderen en haar invloed te vc - rgrootcn , zoodat de overwinning stellig eerst na",0
"den besten , die door magt of kracht weet te verblinden , ln liet oude Rome was aan de vrijheid de doodsteek gegeven , van het oogenblik af waarop het stemregt , na uitgebreid te zijn , aan de groote massa de mogelijkheid verschafte dent > < ^ niklassen te verpletteren . In Fraukrii ' ' 2eft liet algemeen stemregt vroeger het atscuuwclijkste despotisme doen ontstaan ; en coen het in 1848 geroepen werd te beslechten tusschen een man ,",4
"den geest bekleed , wordt hier door ' t vleesch ingenomen , en ' t leven wordt zeer gemakkelijk gemaakt , ' t Is ' dus niet te verwonderen dat een geloof met zulk een mensphelijke gedaante voor de groote massa zeer aannemelijk was . Met ijver arbeidden de Heiligen aan de uitbreiding hunner nieuwe leer . Er werd een emi ; ; ratiefouds vpor arme bekeerlingen opgerigt . Geschikte zendelingen werden naar Engeland en ' t vasteland van Eu",4
"beschouwingen van naderbij te bezien van een blad , dat beweert onder zijne lezers duizenden Katholieken te tellen en hunne beginselen te eerbiedigen . Na er opgewezen te hebben dat de * oningsmoord een product wordt van het hoe de massa des volks op de eenvoudigste manier deel zal krijgen aan den gemeenschappelijken rijkdom , gaat het Nieuws van den Dag voort : „ Onder die omstandigheden wint het Pinksterfeest eene parodie op het streven naar vrede , * *",4
"begrijpen dat het in den regel toch nit de breedte of lengte moet komen . Het is er juist mee als met de loterij , een krggt de 100 , 000 of 50 , 000 maar ten koste van de massa anderen . , . _ . __ * _ « , . . . . . . leder die e ° n pakket bestelt z . l , ik ben er zeker v » n , zeer tevreden zijo",4
"uitgevaardigd , waarin geconstateerd wordt , dat de burgeroorlog geëindigd is , dank zij de pogingen van den koning , het dappere leger en de regeering , invereeniginj met het vaderlandslievend streven van alle partijen . Het Carlistische leger in massa heeft de wapenen nedergelegd . Ongeveer 25 bataljons van Navarra hebben zich te Guipuzcoa onderworpen . Eergisteren gaven drie duizend soldaten zich te Tolosa over . De troepen keeren uit het Noorden terug . Tegen het einde dezer week",1
"wordt . Verra ian mij om een hard woord over armoede te « preken , haar leed i » bitter genoog , maar waarheid blyft het , dat tegenover do weinigen , diedoeronverajijdelijkooiastasdighedca arm zijn , de gro » te massa van Londeus armoede h » fc noodzakelijk gevolg is van gedachteloo » verteren , zergelooze roek « loosheid , lniheid « n , ergst van allen , van het drank drink « n den ganschan dag door . O",3
"De straatvechters , de oproermakers , zy , die van een ellendig bestaan leven in de orangeric , zyn schuldig . Maar indien zy schuldig zyn , hoeveel schuldiger zyn dan degenen , welke er toe hebben medegewerkt om de massa ' s te bezielen met de denkbeelden van haat , wrok en nyd , die zoolang woelen tot zy zich eindelyk door de daad een uitweg banen . Twintig jaren bykans beeft het tweede keizerryk een ongehoorde weelde en",4
"dergelijke oploopen , de meerderheid uitmaakten . Deze nieuwsgierigen vervullen een vrij wat minder onschuldige rol , dan zij zich gewoonlijk verbeelden . Zij stijven den overmoed van de oproermakers , die ¦ wel weten dat zij onder die talrijke massa veel veiliger zijn dan onder hunne makkers alleen . Dringend vermanen wij dan ook allen , die walgen van ' t « - een gisterenavond gebeurd is , tehuis te blijven . Die medegaat met benden , is even",6
"economie storend werken """" moesten , hebben hun beslag gekregen , en ja , — daar zijn altijd bijzondere personen geweest , die voor het volk opkwamen ; maar hoe weiven de pogingen dier weinigen , door de onverschilligheid der massa verlamd ! Ons Indisch stelsel van bestuur heeft zware proeven doorstaan . In groote trekken is het een meesterstuk en waarborgt het Indië ' sbéhoul en Indië ' s gestadige ontwikkeling . Zijn gebreken zijn genoegzaam aan het licht",5
"Het bekende programma , strekkende tot het vormen eener nieuwe conservatieve partij , zal op de massa weinig , misschien geen invloed hoegenaamd uitoefenen ; op de verkiezingen zal het derhalve niet werken en in beiderlei opzicht zal het blijken een vruchtelooze poging te zijn geweest . Toch verdient die vruchtelooze poging onze aandacht ten volle",0
"dc taal der zonen van het hemel i sche rijk ons als koeterwaalsch in de ooren klinkt . Reed : van verre bemerken wij een achtkantige tent , waarop ie het midden een brandend lantaarntje zijn licht afwerpt . Een massa toeschouwers zijn er om de tent verzameld . Wat of er wel te doen is ? Dc tent verbergt onder haar dak een mallemolen . Het ding zwiert lust ' g in het rond cn doet zijn mcnschelijke lasten",6
"het godsdienstige veroordeelt de eenheid ter dood ; """" maar gaat de eenheid die tegen vrijheid niet bestand is der Redactie zoo ter harte ? Of heeft zij in dtr daad zooveel vrede met e eenheid die onder eene overheerschte massa tot dusverre alleen door kunst - en dwangmiddelen wordt bewaard ? n volle beaam ik uwe opmerking , dat in dit verband W , > e ° P rekening van den godsdienst gesteld wordt , ' t geen met",4
"inhoud onzer boekenkast bewijst het tegendeel . En nuttig ? Alle verspreiding van kennis is dat en in zoover is de Gids dat zeker . Maar nuttig in den zin als wij dat bedoelen , liet volk inlichten , de massa namelijk , en zoo voor Indie verkrijgen , wat l . ct noodig heeft , dat zal de Gids niet . liet volk leest die tijdschriften niet of begrijpt , ah het ze leest , den inhoud niet .",5
"dat het Russischo leger voorwaarts is gerukt tot stellingen , dio vier kilometer nader bij Konstantinopel / ijn . Dit heeft de bezorgdheid doen toenemen . V scheidene bewegingen der Russen zijn vooruit gesignaleerd . Zij strekken alle om do massa der Russische strijdmagt nader bij Konstanti nopel te brengen . Hot gerucht loopt , dat do Russischo ambassadeur een ultimatum aan de Porte heeft overhandigd . Hoewol ornstigo p < > gingen zijn aangewend om de Porte over te",1
", die door de linkerzijde zouden worden aangewend om de aanneming te voorkomen en de verdere behandeling der wet te verdagen om de nieuwe Kamer iv deze te laten beslissen ; desnoods zou de linkerzijde tot dat doel zich in massa onthouden en daardoor elk besluit onwettig maken . Niets van dien aard is geschied ; ' t schijnt , dat krachtige besluiten in dezen tyd niet meer mogelijk zyn . De Bonapartisten waren van plan voor te stemmen ,",0
"van onze eigen troepen . Zij waren ons thans zoo dicht genaderd dat hunne kogels ons gemakkelijk badden kunnen bereiken . Wij zagen toen dat zij naakt waren . Tegelijkertijd hadden wij de geheele werkelijkheid voor oogen — de dichte massa ' s , die in het kamp dooreen joelden waren de Zoeloes , die er bezit van hadden genomen . De dichte linien die op de Kraal vuurden waren Zoeloes en eindelijk waren het de Zoeloes , die de",5
"Zwollerkerspel . Op den tweeden paaschdag is die wei in een feestterrein herschapen . Duizende kinderen , gewapend niet blanke netjes , gevuld met gekleurde eieren , sinaasappelen , noten enz . komen daar te zamen , om met de massa nieuwsgierigen eens lustig pret te maken . Aardig is het , te zien hoe die kleinen op de uitgestrekte weide rondhuppelen , met de medegebrachte voorwerpen spelen , hoe de jongens vooral zich oefenen in het eieren - tikken",6
"nu ontmoette men weer een zeer sterke bende , wier hoofd eveneens de som van / 5 van ieder hunner vorderde . Volgens hun verzekering is het onwaar dat te Mekka de cholera heerscht , maar wel sterven er een massa bedevaartgangers aan èenc soort van koorts , die binnen weinige uren met den dood eindigt . In de groote Messigit Mekka sterven daaraan eiken dag eenige tientallen personen . ( Sam ; Lt > — De gouverneur van Sumatra",6
"recht de ytrm leer uit de """" vakken , waarin op de lagere school onderwijs gegeven wordt , geheel heeft doen verdwijnen , heerschte groot verschil van gevoelen . Een deel der leden keurde de weglating zeer goed . De massa der onderwijzers weet niet , wat onder dit vak te verstaan zij , en laat er zich dus niet aan gelegen liggen , of wel maakt zich daarvan « ene verkeerde voorstelling , zoodatvorm - Ker ia ec ;",6
"laat - ; sten tijd eene uitbreiding verkregen , dia het voor de . Koninklijke Regering onmogelijk maakte dit langer voorbij ! te zien . „ Na de overgave van Metz zijn er Fransche soldalen L * en officieren in massa over het Groothertogdom gekomen , . ten einde , buiten de Duitsche troepenstellingen om . Frank - S rijk weder te bereiken . ! _ """" Te Luxemburg zelf heeft da aldaar residerende Fransche vi . e - konsul",1
"wenschen van liet kalme , meer bezadigde element , dat onze Amsterdainschc vergadering een meer degelijk en wetenschappelijk karakter verschafte , wellicht waren er te veel uitsluitend reusachtige meetings en demonstraties , waar de individu ' s zich in de massa verloren en de meest bekwamen niet altijd kwamen tot hun recht . Maar er is ontegenzeglijk van die vergadering een kracht uitgegasn , en het had zijn goede zijde , dat alles een echt Ainerikaanscli karakter droeg , ondanks",6
"met eene halve compagnie een der toegangen tot ons kampement en onze ambulance , knorrig dat ik niet met de opereerende troepen naar den kraton was gezonden — • toen opeens , terwijl er niemand om dacht , een tdrijke massa van die opgewonden Atsjineezen ons wilde overrompelen . Het was onnoodig , mijne brave kereU richtten vastberaden een snelvuur op de brandalt — ik kieeg oogeßblikkelyk hulp , maar verloor tien man aan dooden , twee - en -",5
"ntdeeligen invloed moet uitoefenen op da behai - iging der publieke saak en dus scb . ade . Qk werken voor het algemeen belang , li * t o . i TCOr aa hand . Immers : de oßvenchiilijheid dsr massa moet ten slotte ook verlummend werken op d * n individu . — EQ , die aanvankelQk in zich de nocdige lu ; t ca kracht gevoalde om zich te wQden vn de behartiging der algemeene bela . gen",4
"Ir : na - ht van het kapitaal t > . a it """" , indien wij aan die macht van den arbeid get ^ i b grip willen hechten dat beter do f „ het brutale geweld van de massa """" zou worden uitgedrukt ' Kapitaal en arbeid staan immers n et tegenover elkaar als luiheid en vlij i O , ik ia het begrip , dat elk gezond menschenverstand aan ' t woord arbeid hecht , niet bloot",4
"plebaan v . d . Ven den in rouwgehulden kansel , om de verheven deugden van den onvergetelijken grooten Pius te schetsen . Eenige ridders van de orde van den H . Sylvester en den H . Gregorius en een massa geloovigen woonden den plechtigen lijkdienst bij . Beusichem , 19 Febr . Heden - morgen brak in een huis , dat door vijf gezinnen werd bewoond , een brand uit , die zoo hevig toenam , dat , niettegenstaande",6
", maar toch meerendeel genoeg . De waterleidingen nu bijna alle in orde gebracht , maar leveren nog niet genoegzaam water voor al de langs haar gelegen velden . Een schaduzijde bij al dat fraais is , dat weder een massa koortslijders in de dessa ' s zijn , waardoor de arbeid niet weinig wordt vertraagd . — Uit Rembang wordt dd . 30 December geschreven : Den 29en arriveerde in het Logement alhier de le Stuurman van de Cores",6
"de neutrale school , zoo kan het gebeuren , dat hij morgen de bijzondere school zal bevorderen . De mensch streeft steeds naar verandering . De geest des volks is voortdurend afwisselend ; van bijgeloof vervalt het volk — de massa — tot ongeloof , en omgekeerd ; iedere richting , iedere meening , heeft eene periode — een tijdvak — waarop zij het sterkst onder het volk leeft . Wil men een voorbeeld ? Men zie naar Parijs .",3
"economische rechten , onverschillig of deze genoemd worden het recht op den ' arbeid , het reebt van gelgke verdeeling der bezittingen , of het - recht tot plunderen Het instinct van vaderlandsliefde bestaat met bij die onbekende en onpersoonlijke massa ' s , bij wie de wisselende belangen in de plaats getreden zijn van het onveranderlijke grondgebied . Wat kan het dien zwervenden , de wereld doortrekkenden horden schelen , wat het lot van den Elzas en Lotharingen ,",0
"' t belang van hel gezag der - 1 gelijke venooningén 1 bad ' moeien voorkomen . Recht is en | blyftj hier wel lechl ' , ' . doch het aureool der Regeering hangt in hrl oog eener onbeschaafde massa niet af van rechlsgedingeu , waariu hel gezag doorbeslagleggende deur « aai - ders te grabbelea wordt gegooid . Ij , V Eenige wekeo geleden arriveerden le Samarang twee hongaarsche graven , > namelijk , de beer iozeph '",3
"\ vV ' J2e o_ = ePr ° pt0_ = ePr ° pt inct menschen , dat de dooden raj c ' £ er niet uit verwijderd kunnen worden . 5 Vo . rtn ' Waai ' t raen vluchtende massa ' s , hier in aller - V & n I - e1 """" 8 , tldcrs te voet en muerendccls uitgeput Cï * Vennee . r . n c * k - nde zoodat zij bij honderden von",6
"zeker , hrj volkomen herstellen zal . In het kamp schijnt het kermis te zijn , een poffertjeßkraam , waar tevens allerlei ververschingen verkrijgbaar zijn en eene kraam met paling zijn de lijn der cantincs komen yergrooten en trekken een massa burgers , die na eene vermoeiende wandeling komen uitrusten . Het is thans nacht en ik kan niet j langer werken , bovendien we » t ik niet hee lang mij de rust ' gegund zal zijn . Over",6
"Het is bekend , dat . van al de afdeelingen der residentie Ba < ivia , de afdeeling Meester - Cornelie het moeilijkst te be « - turen is , zoowel door haar uitgebreidheid en de massa slecht volk aldaar , als door de omvangrijkheid der werkzaamheden aan de betrekking van Hoofd van Bestuur dier afdeeling verbonden . Met htt onvoldoend personeel dat den assistent - resident dier afdeeling is toegevoegd , kan men dan ook",3
"de belasting te betalen , welke hun door de hoofden der opstandelingen was opgelegd . Onder de opstandelingen wordt het logenachtig bericht verspreid , dat de Kroatische troepen van het Oostenrijksche leger weigeren aan hunne officieren te gehoorzamen en in massa deserteren . De Porte zelve heeft den Oostenrijksch - Hongaarschen ambassadeur haren twijfel te kennen gegeven , of bevelen , uit Konstautinopel gezonden , eenigen indruk op de insurgenten zullen maken . Van welken omvang de weerstand is ,",1
"geheel naakt , allen door eikaar bevonden . Een aantal kinderen lagen op den grond , eenigen hadden het voorrecht , dat zij op ( enig vuil « troo lasren . De verschijning der polieie bracht srrooten schrik onder de massa ; in een oogenblik waren allen op de . been en men kon toen de afschuwelijke gelaatstrekken zien , waarep de misdaad haar stempel had gedrukt . De kinderen zagen angstig naar een man , die in der haast",6
"republikeinen verloren 30 zetels en herwonnen er 14 op de conservatieven . PARIJS 15 Oct . Gisterenavond was op deßoulef - U ' d - ^ e ' I tijd tnt . - a | rVer ' ' """" een massa volk vereenigd . Vau Aan de i orde m 5 """" { ! e lieten . Levederepubliek . . Ziek eeh ! """" ' e ' """" lx vai » oe Figaro werd een ketelmuseoracbt . De politie dreej",0
"het bevel om de onderhandelingen te staken . BERN , 7 Nov . Inde rigting van Montbéliard en Belfort werd gister een hevig kanongebulder gehoord . De Franschen hebben Vezelay gedeeltelijk in de asch gelegd . De bevolking vlugtte in massa met alle vervoerbare bezittingen naar de zwitsersche grenzen . BERLIJN , 7 Nov . ( Officieel . ) UitKülsheim is heden het volgende berigt ontvangen : « Het fort Mortier bij Neu - Breisach heeft heden nacht gekapituleerd ;",4
"! zeg iku ! fDat is alles schijn ; een tooneelvertooning om ds lieden te misleiden ; schandelijk comediespel . De woelzieke eerzucht van een of ander karakterloos demagoog , ziedaar de onder heilige namen verstoken drijfveer , die de massa in beweging brengt ; vinnige vijandschap tegen vooruitgang en beschaving , tegen ken , nis en wetenschap , ziedaar de hartstocht die deze duisterlingen bezielt ; een gewetenloos , blind , hartstochtelijk haten van den Liberalistischen naam , ziedaar",4
"aan het bivak Den I3den werd bet bivak van alle kanten aangevallen , eu de kolonnes , uitgezonden cm hen te verdrijven , werden aan dm zoorc van do klappertuinen omiddellijk bestookt , waarbij aan onz » zijde steeds een massa dooden en gewonden viel . # 0p den 14de werd de measigit voor de tweede maal genomen , doch dit woest nu met stormladders geschieden ; de kapitein Huyer van het 9de was het eerst over den muur tusschen",1
"heeren niet met revolvers waren gewapend geweest , dan zouden zij hoogstwaarschijnlijk zijn vermoord . Baron Von Möllendorf verloor bij deze gelegenheid zijne kostbare astronomische instrumenten . De North China Daily JVews meldt , dat door de Chinsesche autoriteiten een massa soldaten op de been worden gebracht om den Engelschen te beletten een onderzoek in te stellen naar den moord op den heer Margary gepleegd . Het beurscomité te Glasgow heeft eene circulaire uitgevaardigd , waarin streng wordt afgekeurd de",1
"dun hierheen dan daarheen hrt oog heelt gewend om vrije arbeiders te bekomen schoon toch op zich zelf gt nomen de wensch om vau verschillende zijden toevoer te erlangen nirt kan veroordeeld worden , eu het invoeren vau eene groote massa volk vau deu zelfden landaard misschien niel laadzaam is . Of echter hrt denkbeeld """" an het Vaderland om vrije negers van de kust van Guinea aan le voeren aau te prijzen is wij zouden hel niet meeiieu eene",4
"in zien , een natuurlijke neiging voor rechtvaardigheid . Deze vertoont zich en bemoeit zich met alle zaken , en gebeurtenissen , die bij ons ongemerkt zouden voorbij gaan , of tot zekere kringen beperkt blijven , grijpen hier de massa aan en wikkelen zelfs den onverschilligste in haar belangen . Wij hebben dit nu wederom kunnen zien , na de uitspraak der jury in het gerucht makend proces - Godefroy , dat nog * lang het volk en de",4
"of kuipen met afleidingsriolen , fn deze kuipen worden de lijken der Parsen gereinigd . Niemand anders dan de lykdragers mag deze heilige plaatsen naderen . Ziehier hoe de lijkbezorging geschiedt . De stoet nadert . Het volk loopt in massa achter de dragers . Op dertig pas afstand Ivan den toren wordt halt gebonden . De / dragers leggen het lijk daar neder en / verrichten de gebruikelijke gebeden . Daarna wordt het lijk in een der bakken gelegd",6
"provincie te stellen tot dekking der nadeelen , vroeger dodlr de provincie in de » oorlog van 1863 — 64 geleden , heeft een zeer goeden indruk gemaakt . Het aantal ontevredenen beperkt zich tot een gering getal . De massa is goedgezind en de aangeheven klachten hebben haren grond niet in de eigenlijke bevolking . De oppositie bestaat uit de volgende categoneon . In de eerste plaats komt de zoogenaamde / / landsparty . De welwillendheid der Regeering aan",0
"alleen bezig ziJn met te zuchten over le ' gebreken van ons onderwijsstelsel , en met zooveel gretigheid het gezegde van Prof . Monier Williams tot het onze maken , dat wy een kolossalen flater begaan uebben , met een massa inlanders een opvoeding te geven , oven hun stand , dan zou het billijk zyn , indien wy on . berinnerden , dat van al de weldaden , die wfl hun ge - chonïen hebben , juist dit veel",5
"gelegd en oene overwinning als ondanks zijner behaald beschouwd worden . Hedenmorgen is de inschrijving op de leening van 730 millioen geopend . Reeds gisterenavond om 912 ure sloeg het volk onder de arcaden van het ministerie van financiën in massa zijn nachtleger op , om den volgenden ochtend niet achteraan in de file te staan . Die file was hedenochtend dan ook eene aanzienlijke . Hoofdzakelijk bestond ze uit handwerkslieden en petite bourgeoisie . Duitschers zyn er nog genoeg",6
"kinderen bijna allen reeds te bed lagen . De vluchtelingen konden nog denzelfdeu nacht naar boord terugkeeren , omdat het gevaar was geweken . De soldaten hadden het plan opgevat om het schip in brand te steken en dan in massa te deserteeren , wetende dat rij in bet kanaal van Suëz waren - Zij hadden getracht aoor de luiken aan dek te komen , wat hun verboden was om hun geena gelegenheid tot desertie ] te geven . Do",1
"Duitschland bij de fransche republiek , niet naar Parijs zal terugkeeren , van allen grond ontbloot is . Aan Daily News wordt uit Odessa gemeld , dat in den Kaukasus eenezamenzwering is ontdekt , en dat de stammen aldaar in massa zouden opstaan . De hootdaanleggers dier zamenzwering zijn gevangen genomen . Rome , 23 Okt . Het Giornale di Roma meldt , dat zeventien oostersche genootschappen bedenkingen hebben geopperd tegen eene eventueele opheffing van hun klooster . Het turksche",5
"altijd heerscbt bij ons dezelfde onzekerheid omtrent het einde , dezelfde ongunstige gezondheidstoestand . Van toenadering of onderwerping geen sprake . Ben aantal troepen , bijna de laatste beschikbaren , zijn wesr naar het oorlogsveld gezonden , om in de massa opgelost te worden , zonder dat er tot een krachtig offensief kan worden over » gegaan , dus alleen om het defensieve ts kunnen volhouden . Behalve de door generaal Van Swieten achtergelaten vaste bezetting , bleef na het",1
"kerkhof weer verliet , v e 1 voor Gambetta en Victor Hugo — , het Parijsche . . * kent Jules Grévy bijna niet ; zijn figuur , die wei • * > voordoet , maakt geen indruk op de massa , en toch j de politieke erfgenaam vau Thiers , en met zijn rdeu aanvaardde hij de erfenis . """" ' ' des Grévy was geen bijzondere vriend van Thiers , c in den laatsten tijd sloot hij zich",0
"hem eene lichtstraal is opgegaan ; op welke regel is geene uitzondering ! Mag nu in de onderwijzers - wereld dan ook geen gunstige uitzondering bestaan ? Waarvoor ik dus ten strijd trek , is voor ' t belang der massa . De massa heeft behoefte aan standsverbetering . Hoe die verbetering aan te brengen ? Dit kan plaats hebben , zoo de permanente commissie daartoe bet initiatief neme ; zoo die commissie een ernstig , gemotiveerd schrijven richt aan",3
", en uren moesten tobben over zaken , die thans door deze machines in eenige oogenblikken worden verricht , en dat nog . wel bijna zonder moeite . De keuring , heden morgen dan begonnen , werd bijgewoond door eene massa belangstellenden . Het eerste werd een aanvang gemaakt met de clorschmachines door paarden gedreven ; hiervan werden er 11 beproefd , waaronder vooral uitmuntten die van den Heer Stout , uit Tiel , ( eigen fabricaat ) , van",6
""""" In de eerste vergadering van dit Verbond heeft cmi redenaar verklaard , dat als de politie ook dit verbood , de leden zich onmiddellijk onder een anderen vorm zouden vereenigen . Een ander redenaar stelde voor , om in massa den Koning gratie te gaan vragen voor de drie veroordeelde leden der demokratische partij . Hoewel dit voorstel verworpen werd , trachtte men na de vergadering het plan toch te verwezenlijken , maar de politie heeft de menigte uiteengedreven",0
"van reinheid en kennis over de massa verspreid werd , zouden wij al onberekenbaar veel gewonnen hebben , ' t Is in onzen tijd niet meer alleen de vraag ot wij een enkel individu behouden , maar of een geheele massa , een heirleger van paria ' s materieel en moreel zal worden opgeheven , of de standen nader ! tot elkander zullen gebracht worden langs den weg van beschaving en ontwikkeling . Laat mij hier ten slotte mogen herinneren",3
"was de naam van Dcli voor het groote publiek nagenoeg onbekend . Partikuli . of geldschieters , die hun kapitalen in de een of andere tabaksonderneming gestoken hadilen , hadden een flauwe voorstelling van die laudstreek , maar de groote massa zou bij het hooren uitspreken van dien naam , iudien zij haatv . Isehe schaamte over ia ir onwetendheid had durven overwinnen , gaarne gevraagd hebben waar dan toch dat land ergens op de wereldkaart moest gezocht worden .",4
"middel : afschaffing van het algemeen stemrecht . """" Wat in America plaats heeft , zou wel niet dadelijk op dezelfde groote schaal iv Nederland wordeu overgeplaut , maar geleidelijk zouden zich ook hier soortgelijke verschijnselen voordoen . De ruwe massa , door intriganten geleid , zou de verstandelijke meerderheid overstemmen , en de maatschappij zou geiegeerd worden van ouder op , in plasts dat de leiding van boven uitging . In theorie moge het algemeen stemrecht te verdedigen wezen",0
"Californie , """" voorkomende in Onze Tyd , worden de volgende regelen ontleend ' : Het vrouwelyk element ontbrak ( in de myn - districten zoo nis die waren vóór 15 á 20 jaren ) en de goudgravers liepen in massa uit , zoodra er maar kans was voor een kykje op dat voor hen zoo zeldzaam wezen . . . . een vrouw . Oude bewoners verhalen , hoe in zeker mynwerkers - camp op een vroegen morgen de",4
"von Bismarck en ron Moltke liedereu aanheft . Aan „ de oude Frits """" is de ai de hand gegeven en alle standbeelden van veldheeren zijn met kransen g ' * uit de ver . tafgelegen wijken der stad stroomen massa ' s menschen naar „ de Onder de Linken """" ; alle arbeid ; alle handel staat stil , want alles viert feest . Van den Iden . Blijkens een telegram van den koning aau de koniogin uit Vat",6
"aan mij ; ik heb onze achtervolgende krachtsinspanningen enkel opgesomd tot inlichting voor degenen die , voorzeker ter goeder trouw , gelooven dat het na het gereed maken der verweringsmiddelen , mogelijk was tot den aanval over te gaan met massa ' s die nog niet goed georganiseerd en gewapend waren . Niet wat wij wilden , maar wat wij konden , hebben wij verricht , naar plannen van grooten omvang , haastig gevormd te midden der smartelijkste indrukken .",1
"strijd voeren . Ook wat de sociale toestanden betreft , wenscht Rusland vooruit te gaan . Het is daarom , dat het lijfeigenschap is afgeschaft ; maar iedereen beseft , dat er nog veel tyd moet verloopen eer uit de massa , voorheen gedoemd tot eeuwigdurenden stilstand , zich een stand van zelfstandige en onafhankelijke ingezetenen kan vormen . Ecu groote kwestie is het , hoe lang zekere stammen noodig zullen hebben om een toestand te bereiken , die h",3
"is , reeds ten uitvoer is gebracht , en i / dat üe rest oolï - wel kuawu * « 1 . """" Sinds een week is de bedevaart naar Saint - Denis in vollen gang . Een ongekend groote massa pelgrims komt van alle kanten aanzetten om de reliquieën van den heiligen Dionysins en zyn twee makkers te aanbidden en aan de processies deel te nemen , dio zich van de kathedraal ' naar de parochiekerken bewegen . De",6
"nmrachvnardig gijn . Alle hevelen tot uittrekken zijn gereed ; de positie van elk leger , van elk korps is aangewezen ; de bevelbebbera zijn ran heden af benoemd . """" Op een teeken van den « taf gul die massa soldaten in bewegen geraken . En achter he > slaat de landstorm , een millioen gedisciplineerde , uitgerustte en niet alles gewapende manschappen . I ' , ' • Duitsehland heeft geenc hulpbronnen genoeg , om altijd zulk een",1
"de groole massa vooral ; nu is ' t waar , men moet haar niet voeden in haar wansmaak , doch wil men het tooneel werkelijk een vere lelenden invloed doen uitoefenen , dan moet men haar , """" die massa , toestanden doen zien en personen voorstellen , die zij kennen en begrijpen kan . die behooren in bet karakter van onzen eigen tijd . Voor hen , clie zoogenoemde corypheën der dramaturgie kunnen waardeeren , is net tooneel",3
"oppositie te voeren tegen alles en iedereen , scheen hem niet de beste wijze om zijn volk te verbeteren , ' doch hij sloot zich aan bij de liberale partij , op welke hij als gist werkte , de geheele massa doordringend en opheffend . Hij was niet negatief maar positief ; hij handelde , hij stelde maatregelen voor , en dwong de regering met stalen geestkracht , die ten laatste aan te ' nemen . Men heeft John Bright",0
"zal beginnen met een petitiestorm te verwekken , die binnen weinige dagen meer dan 600 petitiën over dit onderwerp bij d ® Rijksdag zal doen binnenstroomen . Bovendien zal nog een ander middel ter hand worden genomen , om do massa ' s op te winden ; er zullen grooto volksvergaderingen worden gehouden , ten einde dit punt in het / / ware """" licht te stellen . De liocron Liebknecht en Hasenelever zullen zich gedurende cenigen tijd aan dezen",0
"de nienwe wereld niet - minder v agressief dan in de oude . In Urazilie is de Rerk in feilen strijd g « % vikkeld met de burgerlijke autoritei * ten ; in Columbia hitst de clericale partij de onwetende massa ' op z : ch tegen ' de , liberale maatregelen vari het Gouvernement te Bogota te verzenen j én ' in . Chili """" , Guatemala , Peru ea overal lyi dé : Bisschoppen en geestelijken van minderen",3
"vóór bet eerste jaartal en ook nog een geruimen tyd na het laatste zal bestaan hebben . , In dien tijd was het Boedbisme de meer begunstigde godsdienst , hoewel het ( jivaïsme niet verdrongen was en vooral door de massa van het volk gekoesterd werd . Deze totnutoe niet erkende daadzaak blijkt uit de vergelijking der vier bovengenoemde tempels of tempelgroepen . Men kan noch Boro Boedo , noch Prambanan of Plawassan zuiver Boedhistisch noemen , hoewel de Givaïtische",4
"eenen reusachtigen ruiker , kunstig uit de geuzenkleuren , oranje , wit en blauw , samengesteld . Verbeeld u nu de Veerleplaats en de straten , die er op uitloopen , zwart van het volk , verbeeld u die golvende massa , juichend en wuivend met handen , zakdoeken , mutsen en hoeden , stel u aan alle vensters hetzelfde gejuich en gejoel voor , en , te midden van dit alles , de bonte mengeling van den stoet ,",6
"tot gouverneur van Smirna en Reoef - Pacha , oud - minister van Oorlog , tot gouverneur van Adrianopel . Te Philippopel is een groote byeenkomst van Bulgaren gehouden , met het doel om de uitvoerbaarheid te bespreken van in massa naar Tirnova te gaan , ten einde de opening van de bulgaarsche vergadering bij te wonen . Sir H . Drummond - Wolff heeft aan de Internationale Commissie een ontwerp aangeboden ter regeling van de benoeming van een Algemeenen",0
"bij de Vlooienburgersteeg arresteeren ; ' t volk kwam tusschen beiden ; een tweede agent kwam ter hulp , maar het drietal werd in een kelder gedrongen ; van het Meijerplem kwam een sectie agenten ; deze werden door de massa teruggehouden , alleen met den sabel zouden zij zich een weg hebben kunnen bauen . Het volk ging niet uiteen , dan nadat « e dronkaard ontkomen was . Een heer , die """" e agenten bijstond , ontkwam",6
"- ^ 7 ° g6ho < - rd ° Ver een derg * ' - VJkcn voordonr ? Ui - - , e c ° nBer7at , evcn ' Ten einde den indruk , « oor dergelyke berichten op dc massa der conservatieven teweeggebracht . zoovel doenlijk te verzwakken , hebben da , ? JTa \ g ^ emde partij om strijd meegedeeld , dewm Hhed . Cn . dezo quaeBtie niet kan worden beslist kend » L iCht ?",0
", kapt . Visman , vertrok heden te 11 uren van Amsterdam naar Batavia . 150 man troepen met 8 onderofficieren en 5 officieren , onder commando van den kapt . Van Bhijn , bevonden zich aan boord . Eene massa nieuwsgierigen waren tegenwoordig . Volgens telegram uit Zweden , hebben thans niet alleen te Sundsvall , maar in al de uitvoerhavens van het district Söderhamn de arbeiders het werk gestaakt . Het ramsohip Stier , dienende tot oefening van",6
"te houden zonder van gruwel tot gruwel en van opstand tot opstand te geraken . Ons passen slechts rechtvaardige en milde regelen van bestuur . Wat zou dat aangeprezene stelsel ook gegeven hebben , op da Atjehneezen toegepast ? De massa der bevolking bezit weinig waarde in huisraad , in kleeding en bedryfsgereedschappen , kortom wat zy aan onroerende goederen bezit is gering , zooals blijkt uit het gemak , waarmee de woningen worden leeggedragen als het gevaar nadert .",3
"de minister meent , dat leed Engeland eene nederlaag ter zee , het spoedig zou vol - Igen met de invoering van den algemeenen dienstpligt . Wie verklaren zich voornamelijk tegen ' verpligte persoonlijke dienst ? Eene niet te overgroote massa , volgens ' s ministers bere - ; kening minder dan 5 pCt . van de bevolking . ' Er is een beroep op België gedaan ; maar ' men heeft wel Frère Orban aangehaald , doch ' men",0
"tegenovergestelde , waar het schrijft : „ Zullen wij toegeven , dat geene zedelijkheid bestaanbaar is zonder zekere middeleeuwsche vormen van godsdienst , die den schrik der hel en de heerlijkheid van den hemel te baat nemen ora de groote massa te doen berusten in eene lotsbeschikking , welke wellicht van uaby bekeken niets anders is dan een gevolg van luiheid harerzijds of van dwang van boven ? „ Wij hebben er geen plan op . Integendeel , wenschen wij",4
"uilleveringstractaat tot stand , waaraan voor bepaalde misdrijven terugwerkende kracht werd gegeven . Krachtens dit tractaat nu is Joscph Stupp aan de Belgische Begeering uitgeleverd . Eergisteren is hij per stoomboot Zwitserland te Antwerpen gearriveerd , waar hij door een massa nieuwsgierigen werd ontvangen , doch onmiddellijk werd hij naar Brussel overgebracht en aldaar voorloopig in de Petils - Carmes opgesloten . Met groote belangstelling ziet het Brusselsche publiek de debatten in dit proces tegemoet .",6
"De Tijd begint pogingen te doen om de verloopen nering bij de « burgers en buitenlui """" weer op gang te helpen . En waarlijk wij moeten het erkennen : De Maasbode en Ret Huisgezin , die bij de groote massa De Tijd meer en meer verdrongen hebben , mogen fraai en plomp kunnen schrijven naar den smaak der Brabantsche en Geldersche boeren , toch steekt De Tijd met zijn fantasmagorieèn over Rome vandaag beide de loef af . '",4
"Ik wil niet ontkennen , dat er onder ons een enkele gevonden wordt van een eenigszins liberale richting , zich daarin openbarende , dat bv . de staatsschool door hem niet zoo sterk - wordt bestreden als door de groote massa zijner geloofsgenooten . Maar iemand als Hyafcinthe , die totaal van zijn Kerk is afgevallen , die zijn eed en gelofte als priester en als pater heeft gebroken , den kap op den tuin heeft gehangen , een huwelijk",4
"onlangs geschetst ; het . is de Monit ' iir . „ De publieke opinie , """" zegt het . „ heeft in eenige opzichten gelijk ; wij zijn werkelijk verraden - geworden en is dat niet , zooals de massa gelooft , d > or de snoodhoid van een of van onderscheidene personen , die ons voor eenige goudstukken aan den vijand verkocht hebben , gebeurd , dan is het geschied door de onbekwaamheid en de lichtzinnigheid van bijna",3
"kring van weinige dagen spatte voor goed uiteen , da """" groote meeting """" behoorde tot het verleden en DaSrust trad weer in haar rechten . Wij voor ons neurieden onwillekeurig , toen wij op straat stonden en do Internationale massa zagen voorbijtrekken , het zoo bekend - i vers uit do eerste strofe van Seume ' s Oesd . tge , Wo man singel , lass dich ruhig nieier Miisetvichter haben keine Lieder . hetgeen de onverbiddelijke parodie eenmaal",6
"de Vorstenlanden . De landrenten zijn oneindig minder dan de las ' en op dc particuliere landerijen . D ' heerendiensten voor onderhoud van wegen , drukken over eene groote bevolking veel minder , omdat er zelfs voor de groote massa heerenrtier - stpligtigen niet eens werk voorhanden is . Het is als zeker aan te nemen , dat door vele Inlandsche hoofden partij getrokken word ; voor eigen gebruik . von deze heerendienstpligtigen , doch rlie diensteu druk -",5
"van 1548 door prof d > GfrÖrer op zeer ) harts ' echtelijke wijze , heelt hooien verdedigen . \ Ais het geschiktste middel om dat doe ) te . bereiken noemde hij padrukkejijk : geweld j van de grooïe massa uit de aimder ontwik helde volksklassen , — eu met de grootste verachting sprak hij van die „ verwa . ee , ongeloovige . laaghartige bourgeoisie der steden , * ' die zich weldra „ huilende en ] verwoed",3
"in Zuid - Afrika uitstrekken , en onmiddellijk belend zgn aan de steeds veranderende afscheidingslijn der landen , die beheerscht worden door de min of meer beschaafde blanken en die , welke nog in het ongestoord bezit zijn der zwarte massa ' s , zal de positie onzer voorhoede altijd moeilijk blijven .",5
"schok had hersteld , liep , oudersteund door haar kiud , naar het rijtuig . Alsdan reed meu gezamenlijk naar de Molkenmarkt . üp den weg daarheen sprak de moeder geen woord , met wezenloozen blik staarde zij de golvende massa ' s menschen in de straten aan , en luisterde als waauzinnig naar bet geroep der ventere van extra - tijdingen en naar de vervloekingen ca verwenschingen , die allerwege tegen den moordenaar gehoord werden . Drie commissarissen der",6
"minder groote overeenkomst . Beide hebben de volgende hoofdtrekken met elkander gemeen : . ° P . ylleBt . e_ Wnza verzetten zij zich tegen de gevestigde autoriten ; heide trachten zij het beoogde doel te bereiken door op de massa ' s , op de domme menigte te werken en beide hanaeien met even weinig verschoomng , waar het geldt de to ? passing der aangenomen beginselen te verzekeren , al is het ook , aat de maatschappü daardoor",3
"enkele handige , zeer prac . isehe en beroemde ongehuwde vrouwen , die zeker van het stemrecht geen misbruik zouden maken . Doch wanneer wij van ongehuwde vrouwen spreken denken wij niot aan enkele uitzonderingen , maar aan de groote massa . Wat helpt het den Staat , of enkele beschaafde ongehuwde vrouwen , eea verstandige keuze zouden doen , wanneer honderden dienstboden en fabriekwerksters den staatkundigen avonturier , die op haar zenuwen weet te werken of een beroep op",0
"voorbeeldeloog gewoel op de meest bezochte Straten heerscht , werd bevel gegeven aan het militair geleide om met de arrestanten den tocht voort te zetten . De rijtuigen zettenden zich in beweging , gevolgd door de saamgeschoolde studenten . De massa toeschouwers nam weder hand over hand toe . Onder de steeds aangroeiende menigte verspreidde zich het gerucht , dat de arrestanten zonden worden overgebracht naar de gevangenis , om van daar den volgenden dag verder naar dc plaats hunner",6
"het verhaal van de hartelijke ontvangst van den stationkommandaut , militairen kommandant , en de HH . officieren bij de plechtige uitreiking der acte van erkenning , van radja Pakej op een uur afstands van ons etablissement te midden eener massa volks , ten deel gevallen . Tegenover den naam Simpang Olim waarvan hij met zooveel ophef irewig maakt , al weet hij zeer goed dat ook Toekoe Moeda Nja Mahm , de vorst van dat rij re , nog",5
"te keeren , als hij door ouderdom ongeschikt wordt , heeft tevens een fonds om de deelnemers aan de strikes ts onderhouden . Totnogtoe hadden de - boerenarbeiders zich buiten de beweging gehouden , die de werklieden als een aaneengesloten massa tegenover de werkgevers plaatste . Het is zeker te veel gezegd , wanneer men beweert , dat er sympathie heerschte tusschen de gewone arbeiders en de groote pachters , welke hen in dienst Qamen , maar zij hadden ten",3
"hun klee deren en alles wat zij bezaten , in tegenwoordigheid van den cipier , de oppassers en sleuteldrager der gevangenis te Kendal . De meesten hunner , die zich tegen die rooverijen en plundering verzetten , werden door de massa vastgehouden , geslagen en met geweld van hun eigendom beroofd . Het stilzwijgend aanzien van genoemde ongerechtigheid door vermelde gevangenisbeambten moet worden gezocht in de omstandigheid dat de sleuteldrager debitant 13 van opium aan de gevangenen , en het",6
"tiental stedelingen stonden tegenover tienduizend boeren , binnen een paar minuten was het troepje rustverstoorders op de vlucht gedreven , niet echter zonder dat er duchtig stokslagen waren gewisseld . Intusschen dit was slechts voorspel . De stedelingen stroomden met massa ' s naar buiten en wachtten t ' e pelgrims op , waarvan de helft echter langs andere wegen dan den Antwerpschen straatweg huiswaarts was gekeerd . Tc ruim zes ure greep er eenc vreeselijke verwarring plaats . De",6
", door de bedoelde vereeniging vastgesteld , wordt beweerd , « dat het bestuur der Unie gansch ontaard en van zijn bestemming afgeweken is en dat een klein aantal raddraaiers hun wil en inzichten aan de natie opdringt . De massa der bevolking leeft van den dag tot den dag ; bij gunstige omstandigheden bezit zij niets meer dan voor de dagelijksche behoeftes wordt vereischt en bü ziekte of tegenspoed wordt door de onrechtvaardige regeling van vele maatschappelijke zaken de",4
"zich van het bewind niet meester maken . Zeggen de radicalen : wy zijn in dit departement meester , waarom zouden wij dit niet toonen ? dan dient daartegen te worden opgemerkt , dat er overal in Frankrijk een vlottende massa is , wier opinie niet gevestigd is . Deze kan zich ieder oogenblik van de Republiek afwenden . Men bedenke toch , dat het Keizerrijk bij het plebiscit van 1870 nog 7 , 500 , 000 stemmen kreeg .",0
"komt hét , met deze overeen . Evenals laatstgenoemde componisten heeft - toch ook Verdi bij het schrijven zijner opera ' s — zijne A ' idd maakt daarop een gunstige uitzondering — uitsluitend rekening gehouden met de | groote massa , ' d . i . het minst ontwikkelde gedeelte van het publiek . Het is dan ook met het oog daarop , dat men in die streken , waar de . ontwikkeling over het . algemeen op een",3
"eenige gevolgen blijft . Laat ons zien wat daarvan is , en trachten tot de ontdekking dier reden te geraken . By ieder faillissement ziet men gewoonlijk , zoodra de surséance van betaling is ingegaan , de crediteuren zich in massa vereenigen en als ' t ware werpen op de débris van het gevallen huis , om de leiding der zaken , na ryp en onderling beraad , verder toetevertrouwen aan de kuniigsten en onafhankelijksten onder hen . Hier daarentegen",6
"aan haar J ^ fgka % ufc « _s_ bondgenoot tegen Riishi ! , 4 ' ? , n _e . ckenk « te geven . Dc Engelsche lanfcicra chargeerden den vijand , doch maakten geea indruk op die groote massa , en al ds kanonnen vielen in de hander > v , . n dw vyVad , - r_ niet slechts vier , gelijk hpt tegeeringstt legram verklaarde . Deze kanonnen werden gelukkig heroverd doer een kloeken aanval van",1
"dorée weder derwaarts stroomen . Ook andere veranderingen vielen op te merken . De afgeschafte Nieuwjaarsdag werd weder gekenmerkt door het geven van geschenken en de Zondag werd weer gevierd . Opnieuw zag men op den eersten fraaien lentedag een massa menschen zich bewegen op de Promenade de Longchamps . Paardrijden en tweegevechten en al wat op de ontwikkeling van spierkracht betrekking heeft kwam weer in zwang , en men zag de vrouwen streven om goede koetsiers te worden .",6
"f 3 . — a 4 . 50 . MEPPEL , 23 April . De handel was heden op de jaarveemarkt hoogst belangrijk , door den grooton aftrek van op kalven staande koeien , dito vaarzen en weidevee . Een massa kooplieden uit Pruisen trokken de verkonpsrs buiten de stad reeds te gemoet en werd alzoo een menigte vee verhandeld , alvorens niet ter markt te zijn aangekomen . Ds verzending had onmiddellijk por spoor plaats . Men bedong hooge",6
"Christelijke < """" n kerkelijke instellingen , boven alles de confess ; < - > - neele Christelijke volksschool acht deze pai ij de grondslag van elke gezonde ontwikkeling , ? a den gewichtigsten waarborg tegen de toenemende ontaarding der massa en de toenemen Je ontbinding van alle maatschappelijke banden . De kerkelijk politieke strijd ( Culturkampf ) worrlt geacht een ongeluk voor het Rijk en het volk te wezen ; de partij wil medewerken om hieraan een einde te",3
". — Er was veel ten zijnen gunste . Hij be hoorde lot eene dynastie , met welker geschiedenis de historische grootheid van Spanje verbonden was ; dij werd geboren en opgevoed in Spanje ; was zeer populair onder de massa der bevolking , stond in goede reputatie , bij de voorstanders van een eonstitutionelen regeringsvorm , en , wat niet liet miDste van alles wns , hij beloofde liet land een goed vooruitzigt op binnenlandsche vrede en welvaart .",4
"een verleden , dat bij de meesten geen plaats gunde voor het denkbeeld van mogclijken tegenspoed . Dien tegenspoed nu he * ft de aftredende Gouverneur - Generaal in de ruimste mate gekend . Het succes , zoo als de massa hei aanbid ' , en zooals bet de groo ' ste blunders in daden vnn talent en beleid weet te vervor : nen , heeft London niet genoten . Loudon ' s optreden heeft bovendien buitefwporige verwachtingen opgewekt ,",4
"weer en andere , niair bovenal voert het stryd tegen individuen van dezelfde soort , dio in zgne nabyheid levrn . Het voedsel is nergens in de natuur iv overvloed voorhanden , en op verre na niet toereikend voor de massa individuen , die zich uit de kiemen kunnen ontwikkelen . Vandaar dat de strgd voor ' t bestaan reeds beginnen moet Biet de geboorte van ' t organismus . Nu is klaarbiykelgk de plaats van de verschillende individuen iv",4
"politiek ; geen zaak van philantropie die men aan enkelen wil laten ten goede komen , maar van algemeen belang . Haar eensklaps op te lossen zou een onmetelijk groot kwaad zijn voor Indië ; . een kwaad dat de massa zou moeten lijden , alleen ter wille van pogingen om een zeer kleine minderheid voor rampen te bewaren die zij , door misbruik , zelve in ' t leven roept , pogingen waarvan de uitslag in het gunstigste geval",4
"de been gekomen waren , kou men het eindelijk zoover brengen , dat ook het marktplein gezuiverd werd ; de menigte , trok zich in de aangrenzende straten terug en men begon reeds de hoop te koesteren , dat de massa zich langzamerhand zou beginnen te verspreiden . Weldra echter bleek het , dat dit , helaas , een vergissing was . De toestand ' werd steeds bedenkelijker . Het schijnt , dat de onruststokers zich in de kroegen ,",6
"bespiegeling011 . e """" het genieten van schoone dichte . iiyke voortbrengselen . Dat moge , * ° ° """" """" » het duurt , haar aanbevelen bij eu kleine uitgelezen schare van hoogst ontwikkelde lieden , op de gioote massa ' s echter , die de kracht eenei Kerk vormen / oefenen zulke dingen volstrekt geen aantrekking uit . wit het tegendeel mocht meenen , kent , nei volk niet . Dit zoekt werkelijkheid geen bespiegelingen , die het",3
"den loop van den corlog een gelijk m n , al manschappen onder de wapenen is """" gebracht maar ten gevolge van verschillende oorzaken , zijn sij in den loop vanden krijg verstrooid geraakt , hebben zij nimmer die compacte massa ' s gevormd , zooals met de Duitsche troepen het geval is geweest . Volgens officieele opgaven , is het • aantal geïnterneerde en krijgsgevangen Fransche militairen in Duitschland en Zwitserland , met inbegrip der offie - ieren ,",1
"Eene groote aantal van ' het Amerikaansclie volk sterft aan de gevolgen van dyspepsie of ce n ? ontstemde lever . . Het gevolg van deze . kwa len op do massa ' s van wetenschappelijke en nut tige menschen is zeer schrikwekkend , makende het leven een last in plaats eener aangenaamheid . Er bestaat daarvoor geeue goede reden , indien gij alleenlijk vooroordeel en ongeloof ter zijde werpen wil",4
"kloktoren van het stadïrais » a gi » rno """" verlicht en aan beide zijden van het plein speelden harmonie gezelschappen in hunne sociëteiten bij openstaande vensters repetitiën , hetgeen het aantal wandelaars vermeerderde . Bovendien , brengt eea groote massa voik een meiigte puhtie - agenteu op d « been , ook het omzekeerde is het geval en te Brussel heeft men , volgens de Indépendance , gisterenavond deze oude opmerking opnieuw kunnen maken Hoe gisteren de avond te",6
"amendement verwierp ter strekking hebbende om het woord / / Christelijke """" te doeu uitvallen , om daarna als één man ' s ministers lezing onveranderd aan te nemen . Of het liberalisme echter zijn doel bereiken zal : de massa der bevolking zand in de oogen te strooien en haar voor de openbare school te winnen , betwijfelen wij sterk : de debatten der jongste weken hebben maar al te zeer de anti - christelijke gezindheid van het liberalisme",0
"de overigen , die elkander , om den prijs eerlijk te kunnen winnen , niet vertrouwden , doch meenden v . d . M . heel wel te kunnen strijken , wezen hem van de hand . Enkelen uit de massa toeschouwers kwainea op de hoogte van wat er gaande was , ca als door een loopend vuurtje was de stand der zaak sooedig algemeen bekend geworden en werd de wensch geuit , dat v . d . M .",6
"brandspuitpersoneel op te leggen , i - eene vraag , die wij ni . - t gaarne bevestigend zouden beantwoorden . Het beginsel behoort te zijn , dat diegenen , die door het gevaar van overstrooming bedreigd worden , in massa worden opger . iepen om hun huis eu erf tegen beschadiging to vrijwaren , maar dat daartoe de brandweer zal « rebezigd worden , wier leden voor het grootste iredeelte bij een doorbraak der dijken geen bebtng hebbeu ,",4
"Parijs , 29 Julij . De Keizer , gister morgen met zijn zoon naar het Rijnleger vertrokken , passeerde te één uur Epernay , waar de bevolking , iv massa zaamgestroomd , zoowel in als buiten het station , hem met geestdriftvol gejuich begroette . Een paar uur later arriveerde de trein te Chalons , waar Z . M . werd opgewacht door maarschalk Canrobert en verscheiden generaals ,",6
"ongehuwde mannen op , en de democraten van Toulouse willen daarbij alle gehuwde mannen voegen . Die fantastische republiekeinen rekenen op twee millioen mannen * , laat de heer Crémieux , met een generaal onder zrjne bevelen , deze onordelijke massa ' s leiden . Men moet op den admiraal Fourichon niet meer reke » en ; hij wil in deze wanorde niet voortgaan en bepaalt zich das tot , zrjn werkzaamheden als minister van marine ; bij blgït getrouw",0
"handen zal kunnen worden uitgcbluscht — """" une flamme bienfaisante < jni éelairera saus détniire . """" — Op het stuk der religie is hij een Deïst en met smartelijke bitterheid zinspeelt hij op de Reomsche geestelijkheid , welke de massa afscheept met « oudewetsehe fabelen . """" Van de Protestantschc geestelijkheid spreekt hij met eerbied , en zijn langdurig - verblijf in do schaduw van de Britsche vlag heeft hein hart doen krijgen voor Engelscheu en Engelsche instellingen ,",4
") ƒ 7 a CO ; geiten f 3 . 50 a 14 . De handel ln paarden heeft hier niet 3 te beteeneaen . MEPPEL , 22 Sept . Begunstigd door het prachtigst herfstwodor , waren heden epnieuw een massa laidlieden met hunne boterwagens gearriveerd , dio het ruime marktplein geheel vodden . Het aantal wsrdt op ongeveer 300 geschat , met een aanvoer van p . tn . 70 , 000 KG . , meest puik soort Boter",6
"te durven bieden ; te sterk om de gerinf ' , speelruimte te laten aan de koninklijke macht ; te I * * s om zich te verzetten tegen een groot oproer ; te geffs keiijk omtekoopen , niet in massa maar individueel , ° J niet altijd een werktuig te zijn , bereid de oniuststokers dienen . """" Ten slotte nog iets over enkele terecht staande con > """" ' J na ' isten . Het is onnoolig er",6
"voefen bij de voldoening van uw plicht volbracht en de menscheid eene schrede voorwaarts geleid te hebben . Niettegenstaande het kamp achter de Bilt ruim 11 / 3 uur van deze gemeente verwijdord is , ging er gisteren weder een massa volk neen ; door den kommandant waren echter de posten verdubbeld , ora het volk tegen te houden , zoodat het aan betrekkelijk weinigen gelukken mocht , binnen te komen ; het ka ^ np , dat er zeer",6
"de natuur van een Sardanapalus en Caligula bezat » maar tevens het oud kunstmiddeltje gebruikte , om de vox popnli op zijn zijde te krijgen door een gedeelte ran den gestolen buit met verkwistende hand ouder da laagste volks - massa te strooien . De predicatiën der Amerikaansche pers aaugaande den dood van dezen rijken misdadiger zijn weerzinwekkend . Zij maken Fisk tot den zondenbok , beladen hem met al d 3 schuld en misdaden van een diepge - zonken",3
"die ml tic voorstad u - loofd , en dii zette zooveel kwaad bloed , dal deze laatsten den volgenden / . omlag de brug bezeilen . Toen de jongelieden uil ik ? stad dit vernamen , trokken zij iv massa naar tic brug en nu begon hel gevecht ; eerst wierp men mei steenen , eindelijk raakte men handgemeen en werd de strijd mei messen voi zet . Het duurde niet lang of van weerszijden werden vuurwapenen aangevoerd .",6
"gelooft , dat , zoo de Republiekeinen thiers tot hun , candidaat kiezen , ingeval de zetel van den president der Republiek vrij komt , zij hun tegenstanders hebben verslagen op het door hen zelven verkozen terrein . « De massa van het volk heeft nooit het ontslag van Thiers verlaßgd . Het ziet in hem den man , die den vrede gesloten , de commune overwonnen , de oorlogsschatting betaald heeft . De natie zou tevreden geweest ziJH ,",4
"meer dan een redenaar , want welsprekendheid alleen is niet genoeg om een agitator uit te maken . Hij was tevens de organisateur , een man , die orde weet - te scheppen en orde te handhaven , die de massa ' s tot bewuste , wetende en willende werktuigen maakt , die allen geleidt naar een bepaald doel en dat langs den breeden , openbaren , koninklijken weg . Deze bezielde spreker , deze improvisator vol toomelooze geestdrift en",4
"de kwade practijken , die elders nu en dan bjj de kolonisatie met onbeschaafde of balfbeschaafde volkeren plaats vonden . Deze hadden in Europa ten aanzien van zulke kolonisatiën een wrevelige stemming doen ontstaan , welke zeker ten opzichte der massa onbillijk was ; in de Straits was men dan ook verontwaardigd over den heftigen en ongemoliveerden uitval van Lord Stamley of Alderney in het Engelsche Hoogerhuis tegen het Gouvernement , dat in elk geval aan geenerlei tekortkoming schuldig was",4
"voor „ beleeft ! en als hij volhoudt voor een vijand aangezien . L ) it is bet wat aan hunne staatkundige twisten zulk ecu vijandig karakter heeft . Zij komen elkander niet te gemoet , zij botsen ais stuieu massa ' s . Toe te stemmen , dat de tegen - staader niet willens en wetens blind is , staat bij hem gelijk met het opgeven van alle mogelijke beginselen . \ uu daar hunne groote onverdraagzaamheid in kunne",0
"bijzonderheden leest , dan rijzen de haren te berge . De Spaansche regeering , niet - in staat om den opstand door middel van geregelde troepen te fnuiken , bezigt voor dit doel Carlistische gevangenen . Deze ongelukkigen worden met massa ' s overgebracht . Intusschen is dit nog niet voldoende ; uit dien hoofde vormt men brigades van misdadigers ; de gevangenissen van Toledo leverden voor dit doel 105 mannen , die van Saragossa 220 , die van Burgos",6
"voora ) indien hun reeds zulk een roep , als rabbi Joel Pikwer , voorafging . Eenigen van deze reizende predikanten waren inderdaad zeer tallentvolle mannen , begaafd met een bijzonder redenaarstalent en groote menschenkennis en wisten op de grooto massa , die destijds , en dat moot men toegeven , gemakkelijker te enthusiasmeeren was , zeer grooten invloed te oefenen . leder beroemd « Wanderredner » hid een eigenaardig genre , waarin hij excelleerde . De bekende « Dubner",4
"het algemeen atemrecht en terwyl men reeda had ingezien , dat het onmogelijk zou zijn , der natie deze gewichtige verovering te outnemen , was het , naar het schijnt , eeu meesterlijke zet , zich van het onderwijs der massa mees ter te maken . Het scheen uitgemaakt , dat men de menigte , die door haar stembiljet bet lot van het land iu handen had , kon beheerschen ; dat men haar naar zijn beeld vormen , van",4
"dwingen . Wij achtten hierbij de moeijelijkheden , , om ' belegeringsmateriëel aan te voeren , veel te ; gering . Toen eindelijk de weg gebaand was , had Trochu met bewonderenswaardige energie den tijd tot organizatie van een aanzienlijke massa soldaten gebruikt . Wij nemen het zuidelijk front der vesting als een uitgangspunt , om den stand van zaken goed te kunnen beoordeelen . Hier leggen vijf forten : d ' lssy , op 3200 schreden afstand van de",1
"daar dit numm r van den Moniteur una niet ter hand is gekomen . / , - De publieke opinie heeft iv eenige opzichten gelgk ; wij zgn werkelijk verraden geworden en zoo dit niet is gebeurd , zooals de massa gelooft , door do snoodheid vau ecu of vaii onderscheidene personen die ons voor eenige goudstukken aan den vijand verkocht hebben , dan is het geschied door o . e onbekwaamheid en de lichziunigheid van bijna alleu die invloed",4
"gesmeed alsof het land reeds in vollen oorlog is . De 6 millioen pond moeten toch verbruikt worden . De oorlogspartij is er geheel meester van ' t veld , en ' t is een nieuw bewijs hoe men de massa kan opwinden door allerlei valsche tijdingen , al zijn die ook nog zoo onwaarschijnlijk , ja , zelfs al blijkt de onwaarheid zonneklaar , ' t Gezond Verstand gaat in zulke dagen te loor , en bij de zeer",4
"zoogei aamd oplos - cn van politieke cnso . iale quaestico in democratische i zir , en een krachtig , verstandig man , cie gezond is naar ziel en lichaam , gelijk OoinweU was , ontbreek ' , om de massa in toom te houder , in staat om de beweging in de r ' ch . ing te sturen , waai in hij verkiest dat die gaan zal . » Daar zit dan het gevaar . Bij de radicalen",0
"op de rol mocht staan in behandeling te nemen . — Verscheidene duizend werklieden te Dawlais hebben zich met hundtcckening verbonden , lluniidag dm arbeid te hervatten op de voorwaarden der patroons . Daarentogcu hebben de mijnwerkers te Merthyr in massa besloten in den weerstand te volbarden . DtmciiLAND . De minister heeft verklaard dat geen bijzondere maatregelen noodig zijn tegen de paardenzkkte , die in Engeland uitgebroken is . — De wet tot vergoeding van reiskosten en verhoogiug der",6
"diezelfde kiezers , die nu republikeinsche candidaten kiezen , de candidatan kiezen der legitimistische , Orleanistische en B naparlistische partijen . In Frankrijk , gelijk elderj , is de politiek als dogma en de dogmatische partij - politiek voor de massa eene verborgenheid , een onderwerp voor de deskundigen , maar dat bus geon belang inboezemt . De boom , die vruchten geeft , is de boom di - ' ii z ( j begeeren ; de onvruchtbare boomen kuanen",3
"Een aantal studenten was daar bijeen gekomen om hem het Salve tee te roepen . Zóó groot was de geestdrift , dat men de paarden van zijn rijtuig wilde spannen , hetgeen echter door den koetsier werd verhinderd . In massa geleidden de studiosi den gevierde naar het huis van den Lord advokaat , waar hij zijn intrek zou nemen . Aan de cheers scheen geen einde te komen , zopdit Lord Derby . eindelijk verscheen • om te verzoeken",6
"Kerk ware weggelegd de kinderen onzes volks weer in haar schoot te verzamelen . Denk u , dat de overgangen tot de Roomsche Eerk hier niet alleen talrijker werden dan in Engeland , maar werkelijk in evenredigheid kwamen met de massa ' s onzer bevolking . Om het nog zuiverder te stellen , neem eens aan , dat binnen tien jaren negen tienden onzer bevolking goed Katholiek waren in den door priester Heynen afgebeden zin . Dit zou , naar",4
