text,label,label_text
", telkens des voormiddags om elf uur , ten huize van den bakker en herbergier JAN VAN DUREN Azn . , aan het kanaal op Apeldoorn , nabij de Flesschen ' oergerbrug te Wapenvelde onder Heerde , in perceelen en massa ' s publiek veilen en verkoopen : a . Een boerenerve , bestaande in bourenwoonhuis , schuur , hooiberg , hofgrond , wei - en bouwland , en veldgrond , bij elkander staande en gelegen nabij het kanaal op",2,A
"tot niets anders kan leiden dan om de arbeidende klassen in de diepste ellende te storten . De leiders en aanvoerders der partij hebben geen hart voor het volk — zij zijn onverschillig voor het leed na de ellende der massa en de zucht om een ruime en gemakkelijke bron van inkomsten te vinden in de zuur verdiende penningen der schamele menigte is de groote drijfveer der leiders . Ik ben lang genoeg in aanraking geweest met de partij ,",1,Y
"escadroris , onder den generaal von Degenfels , rukte naar Beverne voort . Bern , 19 Januarij . De Zwitsersche groote generale staf is Daar Basel bijeen geroepen . DeFranschen zijn op alle punten bij de Zwitsersche grenzen teruggetrokken . Massa ' s van Fransche vlugtelingen komen te Damvant aan . Bordeaux , 18 Januarij . Eene depêche van den generaal Bourbaki meldt : Ik heb eenen algemeenen aanval gedaan langs de geheele linie van Montbéliard tot Montvaudois , en",1,Y
"dienstig voor planken en timmerhout , ribbeu , opleggers enz . Vergadering op de hoeve bij A . Timmermans . Be te verkoopen goederen zijn te aanvaarden met Paschen en oogst stoppelbloot 1S80 . De veiling geschiedt in perceelen en massa ' s . Tot nadere inlichtingen kan men zich vervoegen bij do eigenaars en pachters , alsmede ton v an den Notaris . kantore",0,N
"heeft vilt hij hem , doodt tevens een konijn , dat hij ook vilt en stopt vervolgens het ligihaam van den haas in het vel van het konijn en zoodoende kan hij zich vrij aan de poorten vertoonen . De massa pruimen , die dagelijks te Dalfsen wordt aangehoden , kan , hoe goedkoop ook , niet geplaatst worden , en dient derhalve tot . . . . veevoeder . De te Rotterdam in Mei bij de tentoonstelling bekroonde honden",0,N
"Kokettenburg had tot dus » ernog maar twee a drie pond valsch haar op het hoofd gehad en op zeker moment achtte zij het bepaald noodig voor het geluk van haar leven , om nog een paar pond bij de massa te voegen . Naauwelijks had zij die behoefte gevoeld , of zij deelde ze aan haar echtgenoot mede , die wel is waar een lang gezigt zette , maar toch eindelijk toegaf , toen zijn gade hem plegtig verzekerde",0,N
"op ƒ 2020 . 00 . 5o . Eene ARBEIDERSWONING met ERF en TUIN aldaar , sectie B 171 en 172 , groot 3 roeden 17 ellen . Stamde met 25 hoogen op ƒ 350 00 . 6o . De massa van voorgemelde koopen alle aan en bij elkander gelegen . Staande met 5ü hoogen op f 7100 . 00 . In gebruik te aanvaarden de le koop den len No \ ember en de overige koopen den len Mei",0,N
"den vroegeren strijd tusschen Noord en Zuid , dat Limburg — zjj het dan ook ten onregte — niet meent te deelen in de koesterende liefde van het Gouvernement . Het ontwikkelde deel der bevolking weet beter , maar de massa leeft nog grootendeels voort in den waan , die onder Willem I misschien werkelijkheid was en indertijd op behendige wijze door do oprujjers is geëxploiteerd . Om uit dien waan te geraken , is geen beter middel dan de",1,Y
"toch getuigt van Edison ' s groote mate van vernuft , en dat de korte beschrijving , die wjj er hier van geven , niet voldoonde is om er een geheel juist begrip van te krjjgen . """""""" De grootste massa hooi , die elk jaar in de omstreken van Kampen verhandeld wordt , schijnt dit jaar niet veel aftrek te vinden . Er heerscht tot dusverre weinig handel . Men schrjjft dit toe aan de ruime hoeveelheid , die",0,N
"aantal zware eiken - , beuken » en dennenboomen , benevens vele en exquise vruchtboomen , hakhout enz . enz . ; te zamen groot ruim 21 bunders , te veilen in diverse perceelen , massa ' s en generale massa , alles breeder bij billetten omschreven . De eiken - , beuken - en dennenboomen zijn niet onder den verkoop begrepen , doch kunnen door koopers voor de bij den inzet op te geven sommen worden genaast . Aanvaarding",0,N
"te elf uren , ten huize van de """""""" Wed . J . H . YENEBRUGGE te Hpemse , publiek doen inzetten , en 14 dagen later , terzelfder uur en plaats , publiek veilen en verkoopen in perceelen en massa ' s : Een welbeklante , sterk gebouwde en in zeer goeden staat zich bevindende wind - koren - , olie - en pelmolen , met daarbij staande LOODSEN , benevens een daarbij behoorend , flink onderhouden , ruim",0,N
"Opgang is verhuurd a ƒ 420 ' s jaars . - Al het overige is in eigen gebruik te aanvaarden , bij de betaling der kooppenningen , op den lsten Julij aanstaande . Bij de tweede veiling zal ook de massa worden aangeboden . Te bezigtigen op permissie - biljet van voornoemden Notaris , mits vooraf bij de bewoners belet vragende . Nadere inlichtingen geeft voornoemde Notaris VAN HEIJST . '",0,N
"om haar naar Londen te brengen , ten einde Levison door hare tusschenkomst tot bekentenis te brengen , en te beproeven welke uitwerking hare verschijning op de zenuwen van den vermoedelijken moordenaar zou hebben . De justitie ontving een verwarde massa bewijzen ten nadeele van Levison in zijn qualiteit van kantoorbedienden koopman en wisselagent , doch de zaak was zoo ingewikkeld dat de behandeling telkens moest worden uit , gesteld , en na eenige malen te zijn verhoord werd de",0,N
"leerlingen der lagere klassen liep even heerlijk en prettig van stapel . Ook daaraan namen een 700tal leerlingen deel . En ' t publiek toonde zijne instemming met dat feest op ondubbelzinnige wijze . De giften waren ruim en de massa menschen , die de feestvierenden begeleidde , was ontzaglijk . Daarom is dan ook het bestuur vol hoop op de toekomst . Uit de rekening en verantwoording van den penningm . biijkt , dat aan ontvangsten in kas kwam",1,Y
"zynhuweiv k , en h \ j heeft daarvoor niet eens den gemeenteraad geraadpleegd , hoe ellendig die Raad ook is samengesteld . Dat heet vertegenwoordigen ! ( Donderendapplaus ) Spreker wil zooveel mogelijk algemeene aansluiting , om dan in massa naar het Binnenhof te gaan , om als een lichtgevende komeet de volksvertegenwoordiging vooj de oogen te schitteren . ( Applaus ) . Een der aanwezigen , de heer Keesing , protesteert tegen die opruiende taal en houdt een",1,Y
"algemeen , hield hij er een oigen theorie op na , wolke hij meer geneigd was uit te werken , dan het afgezaagde pad te volgen dat hem door anderen was afgebakend . Hij was van gevoelen , dat de massa water , welke zich aan de pool bevindt , best een doorweg vinden kon door den Jones - Sond , welke zich we3twaarts bevinlt van den kop der Baffinsbaai . Hij dacht waarschijnlijk , dat » Grinnel ! Land",0,N
"millioens kevers , welke 315 millioen engerlingen hadden kunnen voortbrengen . Verschillende proeven werden met de kevers genomen : de oliefabricatie mislukte geheel en al : men verkreeg noeh door koken , noch door persen olie , en de geperste massa liet zich niet tot een koek voor wintervoeder verwerken . Het grootste gedeelte is verwerkt tot mest of gedroogd voor voeder . De nest , bestaande uit aarde , kalk en kevers , wordt , evenals de gedroogde tot",0,N
"verschenen waren om Grant te verwelkomen , wordt op 240 , 000 geschat . Zelfs de Chineezen ontbraken niet en vreugdekreten weergalmden door de lucht . Toen hij aan land was gestapt , werden toespraken gehouden ; daarna begeleidde de massa den generaal door de voornaamste straten , die schitterend verlicht waren , naar het Palace Hotel , waar hem een serenade werd gebracht . De Amerikanen , die vindingrijk zijn in al hun ondernemingen , leggen ook in het",1,Y
"ze in een mortier van Bcssemer staal , doet er dan wat waterglas bij , mengt alles goed dooreen , en brengt dau het aldus verkregen praeparaat onder de drukking van een hydraulische pers . Daardoor verkrijgt men een harde massa , niet ongelijk aan marmer , waarop men dan den naam , den datum van den sterfdag , enz . griffen kan . Ook stelt hij voor het portret van den overledene in een bi ' onzen vorm te",0,N
"gebragt . Aan deze voorwaarde is thans voldaan en de concessie van rijkswege verleend * De trein van Zutphen , die gisteren avond ten 10 . 5 minuten moest aankomen , is ruim een uur te laat aangekomen wegens de massa aardappelen , die daarmede werden vervoerd . * Het vervoer langs den Nederlandschen Rhijnspoorweg heeft gedurende de maand october 1879 opgebragt aan reizigers f171 , 390 ; aan goederen f96 , 929 ; aan direct vei keer van reizigers",0,N
"maar mannen met moed en lust bezield , om ook buiten de werkplaats voor de belangen van vrouw en kind te werken , nuttig te zijn voor den geheelen werkmansstand . Niettegenstaande de weinige strijders , in verhouding tot de massa , zijn toch als ' t ware reeds wonderen door de vereenigde werklieden , ook in Nederland verricht . De stand zelve is veel meer dan vroeger geacht . De loonen zijn gestegen en de onafhankelijkheid bevorderd . Werkmanswoningen",1,Y
"orde zou afwachten : maandags do leugenaars , dingsdag de hebzuchtigen , woensdags de lasteraars , donderdags de dieven , vrijdags de luiaards , zaturdags do kwaadaardige vrouwen . Er kwam nu natuurlijk niemand ter biecht . — : De massa van de medusa of slijm visch bevat zulk eene groote hoeveelheid water , dat het - dier , opdroogende door het eenige dagen aan de zonne • Warmte bloot te stellen , 99 percent van zijn gewigt ( 15",0,N
"een ontkennend antwoord geven . En toch , de gasthuizen leveren in den regel betrekkelijk weinig voorbeelden van herstelde zieken : velen die er inkomen , verlaten het niet meer . Van daar die geringachting , die antipatie . De massa oordeelt zeer oppervlakkig anders zou ze begrijpen , dat , als vele kranken in het gasthuis den dood vinden , dit liggen moet in oorzaken , onafhankelijk van de inrichting . Ze zou bedenken , dat de gasthuizen meestal",1,Y
"elk ander geval wordt aangenomen dat de poging tot doorsluipen of dootbreken gelukt . > Het komt daarbij aan op goed rgdun en een oordoelkundig gebruik van het terrein . » Zondagmorgen hoorde men reeds vroegtijdig het gejoel van de massa bezoekers , uit alle oorden zamengevlueid ; zelfs vertoonde z . ch de Friessche kap op de kerk - parade . » De Proteatantsche militairen werden door het muziekcorps van het 1ste reg . infanterie , de R .",1,Y
"kantons Grauwbunderland en St . Gallen , die hot eerst dit niet zeer gewenscht bezoek ontvangen hebben . Overal waar zij neêrvliegen trachten die insecten naar het bezit van eenige kleine deeltjes terrein van zeer weinig uitgestrektheid , maar de massa is zoo aanzienlijk , dat de grond ter letterlijk door overdekt is , zoodat het gras en andere gewassen spoedig verdwijnen ; korenvelden zelfs blijven niet van hen verschoond . Te Engadine is men op het denkbeeld gekomen om",0,N
"De oorzaak van den brand is niet bekend . Breda 1 Januarij . Deze week beproefde men ' s nachts uit baldadigheid het stroo van de pomp op de Groote Markt in brand te steken . Gelukkig werd de brandende massa nog tijdig genoeg ontdekt om onheilen te voorkomen , daar de buitenjalouzieën van het belendende huis reeds geschroeid waren . Heers 3 Januarij . De bevolking dezer gemeente bestond op uit . December 1872 uit 368 mannen , 351",0,N
"en de kleine burger in staat gesteld een en ander tegen veel lagere prijs te kunnen bekomen . Ook de landpachten zouden daardoor in prijs verminderen . De landbouwer moge alsdan niet zooveel geld kunnen overhouden , doch de overgroote massa van Neórland ' s ingezetenen zouden , door Jden uitvoer te belasten , hunne socialistische denkbeelden laten varen , en langs dien weg zouden alligt « kapitral en arbeid """""""" weder met elkander vereenigd kunnen worden . ' Verhooging",1,Y
"het tooneel voor , toen plotseling te acht ure ' s avonds een hevige donderstorm met plasregens de hitte van den dag verving . Ieder wenschte zoo spoedig mogelijk naar huis te komen , en de spoorwegen konden onmogelijk de massa vervoeren , die den geheelen dag gebruikt had om Concy Island te bereiken en daartoe drie volle uren noodig had . En toch heeft men van geen enkel ongeval of vechtpartij gehoord . De menigte begreep den toestand ,",1,Y
"beheerschen en hij begreep den toestand van het oogenblik . De groote partij der orde ( monarchalen en gematigde republikeinen ) vreesden niets meer dan de anarchie of de heerschappij der Rooden ( socialisten en communisten , waaronder de groote massa die niets te verliezen heeft ) . Zeer handig trok de ptesident partij van dien angst voor het spectre rouge , entelkens las men in de nieuwspapieren van zamenscholiigen of onlusten der rooden , die dikwijls door het gouvernement",1,Y
"- en vruchtenteelt dient , dat uit deze gemeente alleen dit jaar voor buiten - en binnenlandsche verzendingen ziin uitgev p . m . 30000 hectoliters kruisbessen , p . m . 180000 ' kT frambozen , behalve de ontzettende massa zwarte en ' ! of witte aalbessen . Zoo behoort ook in deze streek ^ ' doperwtenteelt tot het enorme . In den vroegsten tiii Aa - ra nanlitunnk * . Ui 1 * . J * deze peulvrucht",0,N
"buitengewoon voorregt door het geëerbiedigde Hoofd van den Staat , deil beminden Vorst Willem III , op het onverwachts in hun midden te zien . Groot was de toeloop en blijkbaar de sympathie die men alom bemerkte , toen de massa ' s bewust waren , hunnen Koning in het dorp te hebben ; iedereen spoedde zich om in Zr . Ms . nabijheid te zijn en HD . een lang leven toe te roepen . Als met tooverslag zag",1,Y
", mgr . Franchi , geene do minste verandering brengt in de vredelievende staatkunde van het Vaticaan . j > De H . Stoel """""""" , zegt hij , » houdt rekening met den tegenwoordigen toestand ; hjj wil de massa ' s niet opwinden , maar , onder voorbehoud zijner regten , goeden raad van de Catholieks Mogendheden vragen . """""""" De Belgische Regeering heeft aan het Vaticaan den wensch medegedeeld , om eenige punten van het bestaande concordaat",1,Y
"gesteld wegens het ophitsen van het volk tot verzet tegen da gestelde magt , ja zelfs tot het vermoorden van andersdenkenden . Men begrijpt , d » t de geestelpkheid hierdoor zjjn verklaarde vijand is geworden en daarmede ook de massa van het lersche volk , dat dom en onontwikkeld is en blindelings zich door de geestelijkheid laat l iden . Het volgende berigt wordt ten dezen in de dagbladen gelezen : » lieg ter Keogli wordt , op zijne",1,Y
"den waarborg geven van eene zelfstandige positie en van een met oordeel deB onderscheids oordeelend verstand . Het cijfer van den aanslag toont als het ware aan , waar het politiek verstand van het volk ophoudt , en waar de massa der onzelfstandigen en onoordeelkundigen begint , die , zonder kennis van zaken en zonder belangstelling , slechts blinde werktuigen zouden zijn in de handen van intrigerende partijmannen . Er bestaat das een regtitreeksch vera * d tusschen het belastingstelsel",1,Y
"met Schetskaart , op franco aanvrage tegen contante betaling van 25 Cents per exemplaar , bij den Notaris verkrijgbaar . Zij worden geveild in 29 pereeelen en bij den Toeslag ook in Blokken , Ondermassa * ' ? en Generale Massa . Omtrent de hoofd bepalingen der veiling wordt naar den inhoud der Notitien verwezen , terwijl nader onderrigt is te bekomen ten kantore van den Notaris VAN E VERDINGEN te Terborg .",0,N
"den voormiddag gedurig zeer ongunstig , was tegen den middag geheel opgeklaard en ofschoon er vrij wat wind was , hadden de kleinen er toch niet veel last van , omdat de kracht van den wind gebroken werd door de massa ouders en andere belangstellenden die zich om het feestterrein geschaard hadden . Dit terrein was door welbekende en ervaren handen wederom hoogst doelmatig ingerigt en met een aantal vlaggen versierd . De bij dergeljjke leesten gewone versnaperingen werden in",1,Y
"vierk . ellen GROND , gelegen te Arnhem in de Wielakkersteeg , met de daarop staande GEBOUWEN , waaronder WOONHUIS , D 220 , en KOETSHUIS met Paardenstalling . Deze Goederen zullen worden geveild in twaalf perceelen en in verschillende massa ' s , en zijn te bezigtigen op den 11 , 12 , 25 en 26 September 1877 , van des voormiddacs 10 tot des middags 12 ure . Nadere inlichtingen omtrent de voorwaarden van verkoop en de verdeeling",0,N
"weken zijn bekend . En met de beurspaniek moest zich , dat was het beoogde plan der haute finance , welke in overeenstemming met het ministerie arbeidde , eene politieke paniek verbinden ; de bezittende middelstand moest in zijn breede massa ' s met schrik tegen het radicalisme vervuld worden en zich tengevolge daarvan nauwer om het ministerie scharen . „ Wie zoo iets voor eene regeering doen kan , kan het ook tegen eene regeering ; hij kan revolutiën",1,Y
", om zonder eenige uitwisseling of ontlading weder uiteen te drijven . Een eigenaardig en prachtig wolkgevaarte zat jongstleden Zondag - avond in het Westen , even boven den horizon , in deu vorm van een verschoven vierkant . De massa , zeer donker , ja bijna zwart gekleurd , scheen uit sneeuwen hagel te bestaan , die het pas ondergane zonlicht van achteren opving , dat , door de kristalmassa versterkt , met een krachtig en schitterend licht ,",0,N
"linkervleugel , dicht bij generaal Skobeleff , die de 16e divisie kommandeert . De iusluitings - ünie is thans verlengd aan gene zijde van den weg van Sofia . Deze weg en de omstreken worden btzet gehouden door een groote massa infanterie , die in verbinding staat met den linkervleugel van de Rumenen . De Russisch - Rumeensche cavallerie onder bevel van Gurkho staat in ' t centrum van die vereenigde troepenmacht . Het plan van de Russen schijnt dus",1,Y
"beschermende rechten de binnenlandsche voortbrenging moet verminderen . Wat dus de industriëelen verlangen , zou in tweeërlei opzicht neerkomen op het hoofd der werklieden : als verbruikers doordien zy de producten duurder zouden moeten betalen — om niet van de massa overige verbiuikers te spreken — en als voortbrengers , doordien een groot aantal werkplaatsen gesloten zouden moeten worden . Jules Simon deed verder uitkomen , dat de protectionistische beweging hoofdzakelijk geleid wordt door de katoen - en vlasspinners ,",1,Y
"des voormiddag ten 10 ure , in de Herberg den Eenhoorn te Oostburg . Boekjes , — bevattende de voorwaarden , de beschrijving van de Tollen , Tolhuizen en bijbehoorende gronden , de opbrengst over de laatste jaren en de massa ' s — zijn voor tien cent verkrijgbaar bij bovengenoemde Ontvangers en , tegen vooruitbetaling van don prijs , bij elk ander Ontvanger der Registratie en Domeinen . militaire geneeskundige dienst in Oo « t - Indie . De",0,N
"plaatse gevonden en opgehaald , doch overleed onder de pogingen , te laat haar tot behoud aangewend . Naar men zegt , heerscht het wanbegrip , dat hier noodlottigerwijze een menschenleven deed te loor gaan , vrij algemeen onder de massa in deze provincie . Amsterdam , 28 Oct . Gisteren avond werd alhier eene vergadering gehouden van belanghebbenden bij de schuld van Venezuela , daartoe opgeroepen door het Algemeen Beurscomité voor publieke fondsen alhier . Op deze vergadering is",1,Y
"Batavia , 1 Julij . Aan het algemeen overzigt van de Indiër ontleenen wij het volgende : Onder de steeds aangroeijende massa ' s vijanden in Atsjin bevinden zich eenige duizenden mannen van Pedir , ofschoon reeds voor weken de geneigdheid van Pedir om in onderwerping te komen werd voorgespiegeld . De radja van Simpang - Olim heeft de vermetelheid gehad",1,Y
"van lekkages en dergelijke min of meer last is geleden , terwijl het aantal ingeslagen glasruiten legio moet zijn . Boomen en bloemen hadden veel te lijden . Menige tuin is van haar schoons beroofd en de vruchten zijn in massa ' s van de boomen geslagen . Op de vruchtenmarkt was heden morgen een enorme massa afval peren en pruimen aangevoerd . » De bloemisten hebben mede groote schade geleden , door het inhagelen der ruiten van de kasten",0,N
"der Molenstraat eene groote gecostumeerde optogt bij fakkellicht plaats . * Rijssen , 13 Mei . Het krooningsfeest is alhier in de beste orde afgeloopen . Niettegenstaande de regen zonder ophouden nederviel , was er den geheelen dag eene groote massa menschen op de been , die allen , zonder onderscheid van rang of stand , hunne liefde voor den Koning en het vorstelijk huis op ondubbelzinnige wijze door vreugdekreten te kennen gaven . Jammer dat de aangekondigde volksspelen en",1,Y
"daar boomen in den omtrek , zonder door de sneeuw of de neerstortende steenen getroffen te zijn , bij den wortel afbraken . De loslating der sneeuw schijnt aan den top van den berg begonnen te zijn , en de massa viel over de 500 meter hooge bijna loodrechte rots naar beneden . Ongelukkig waren een kar door vier paarden bespannen en een slee door een paard getrokken , waarin vier personen gezeten waren , juist bij het punt waar",0,N
"met het weder te maken hadden , zoodat die dan ook op onderscheidene plaatsen regt geanimeerd afliepen . Daar het weder den volgenden avond veel beter was , werd tegen negen uur op verschillende plaatsen geïllumineerd ; spoedig was een massa volk op de been , dat nog grooter werd toen het muziekcorps der dd . schutterij met een gedeelte van de gecostumeerden van den optocht van den vorigen dag een Serenade bragten aan den kapitein der schutterij , den",1,Y
"blad — grond om te gelooven , dat de middenklasse in Frankrijk ' t best gediend zou wezen met een restauratie van het Huis van Orleans ; — aan den anderen kant is ' t waarschijnlijk , dat de groote massa der plattelands - bevolking haar stem gaarne aan het Keizerrijk zou schenken . Zal echter de aanstaande Constitueerende Vergadering een getrouwe uitdrukking zyn van den wensch der natie ? — De Telegraph maakt zich daarvan geen illusiën . —",1,Y
", in de herberg bewoond door de Weduwe Fokke de Goede , te Oostburg . Boekjes , — bevattende de Voorwaarden , Beschrijving van de Tollen , Tolhuizen en bijbehoorende gronden , de opbrengst over de laatste jaren en de massa ' s , — zijn voor tien cent verkrijgbaar by de Ontvangers der Registratie en Domeinen te Middelburg , Tholen en Sluis , entegen vooruitbetaling van den prijs bij elk ander Ontvanger der Registratie en Domeinen . De inspecteur",0,N
"ontruimd . — Hel giuteu der groote keizerk lok voor den Keulschen dom , die zooals men weet uil veroverde Fransche kauounen door den klokgieter tlanim te Fraukeuihal geguten wordt , is uaar men meent mislukt . Terwijl de gloeieude massa met volle kracht in den vonn stroomde , hoorde men eeusklaps een kual , waarbij bet uilstroomeude gas dc bovenste deklaag ter hoogte vau eeu huis uaar boven sliugerde . Meu vermoedt dat de lucht iu de holle door",0,N
"taande de ervaring hadden opgedaan , dat het niet bg praten en zien blijft , maar soms schieten en — wegloop n een deel van het programma uitmaken . Wg stonden schuins over genoemde straat , waar eene zwar te massa zich verdrong , en allerlei kreten werden aangeheven . Plotseling hoorde men een schel gefluit . > Pas op , dat is ' t signaal ! """""""" hoorden wjj roepen . » Acbter de vespasienne ! """""""" riep mjjn",1,Y
"boven hun gemiddeld peil rijzen , en zij zou dit nog regelmatiger op alle plaatsen der aarde doen , wanneer niet de ongelijkmatige verdeeling van land en water daaraan een hinderpaal in den weg stelde ; ondanks hare betrekkelijk geringe massa , die zij door hare grootere nabijheid ruim vergoedt , is haar aandeel in het voortbrengen van de ebbe en vloed der zee aanmerkelijk grooter dan dat der zon . Toch oefent ook de zon eene soortgelijke werking uit",0,N
"en den Enk en de Nieuwe Wegen , Sectie D . No . 345 , groot 1 . 79 . 60 H . , nu door do hoogen gebracht zijn als volgt : Perc . 14 ƒ 351 . De massa van perc . 7 tot en met 12 » 2612 . De generale massa 9148 , Overigens alles als vroegar is gemeld . Meerdere hoogen kunnen gesteld worden ten kantore van voornoemden Notaris . De toeslag blijft bepaald op",0,N
"te Groningen ruim twee duizend halve kilogrammen visch werden opgehaald , en dat voor een paar dagen in twee trekken met bovengenoemd vischtoestel ruim dertien honderd halve kilogrammen visch is gevangen , alles van de beste kwaliteit . Deze geheele massa heeft de som van bijna honderd gulden opgebracht . Wij vestigen de aandacht op de achterstaande advertentie , waarin sprake is van twee gedichten , uitgegeven ten voordeele van de nieuw te bouwen R . K . Kerk aan",0,N
"concours zoo gunstig hadden onderscheiden . De overwinnaars werden met saluutschoten ontvangen , onder fakkellicht naar hunne vergaderzaal gebracht , waar bengaalsch vuur ontstoken , het Wien Neêrlands bloed door de muziek en een lang leve de Harmonie door de massa aangeheven werd . Uit de meeste huizen waait de vlag . Zondag zal de behaalde zege feestelijk gevierd worden . — Heden heeft de Arrondissements - Rechtbank , op de vordering van het handelshuis J . C . Van",1,Y
"kennis maar eenigzins veroorloofde . Zien wij iets nader toe . Leverrier en Adams hadden zich het vraagstuk voorgesteld , om uit de geringe , slechts voor naauwkeurige instrumenten merkbare storingen , die de planeet Uranus blijkbaar onderging , de massa , den omloopstijd , den vorm der baan enz . te bepalen eener planeet , die door haar bestaan aanleiding tot die storingen zou geven . En dit vraagstuk , ze hebben het werkelijk opgelost . De planeet van",0,N
"verliet , niets achterlatende dan een grillig kleursel op den muur , dat geen penseel zou kunnen weêrgeven . Aan jdezen koperdraad is het waarschijnlijk toe te schrjjven , dat geen personen in het magazijn getroffen werden en van de massa breekbare waar geen stuk gebroken werd . Slechts ééne dienstmaagd kreeg een schok , die , gelukkig slechts voor een half uur , hare beide armen verlamde . De beide personen , die zich met haar in het vertrek",0,N
"begaan . — Doch ' t exces van dronkenschap zelf is ' t ergste niet . ' t Ergste is datgene , wat geen wet straffen kan ; de toestand van half - beschonkenheid , van verstomping , waarin de massa voortdurend verkeert . ' t Middel tegen dit groot maatschappelijk gevaar is niet wetgeving — tenzij men eene onmogelijke wet bedoele , die niet alleen ' t verkoopen , maar ook ' t bereiden van geestrijke dranken geheel verbieden",1,Y
"van de gracht veel in hoogte verschillen ; waardoor eene schadelijke / verhooging of verlaging aan de eene of andere zijde zeer nadeelig op een der beide singels , en dus de aangrenzende huizen , moet terugwerken . Dat de massa stof , waarover nu reeds zooveel wordt geklaagd , door het wegnemen van de gracht verbazend zal vermeerderen . Dat de beide rijen boomen aan den binnen - en buitensingel eindelijk toch zullen moeten vallen . Dat door het",0,N
"niet te redden . Voor en na vielen met donderend geweld stukken van muren en gevels naar beneden en steeds lager daalde het vuur tot het eindelijk was gekomen tot de beneden verdieping in gebruik als steenkolenpakhuis . Toen de massa kolen brandde , leverde de nog overgebleven verdieping het schouwspel van een reusachtigen oven . Omstreeks 5 uur in den ochtend was men den brand meester . Mevrouw X . , de vrouw van een bekend wiskundige , had",0,N
"plaats gevonden . De sprinkhanen zijn in sommige streken van Rusland in 200 groote menigte . aanwezig , dat zij zelfs den strijd met geregelde troepen kunnen opnemou . Eene afdeeling russische soldaten ontmoette op haren weg naar Elisabethpol zulke massa ' s sprinkhanen , dat zij to Dzigamskoj halt moest maken . Den volgenden dag zette de kolo ' iQe de raarsch voort , maar zij had nog naauwelijks een mijl gemarcheerd , toen een digt leger sprinkhanen haar",0,N
"vreemdst zag het er aan de Theiss uit ; aan de hellingen van haar tamelijk hooge oevers was een menigte onraad opgehoopt , waaronder de donkergroene schillen van watermeloenen de hoofdrol speelden . Nu en dan geraakten stukken van de massa los en rolden in de Theiss . Het water van deze rivier zag er niets aanlokkelijk uit ; het stroomde traag voorbij . Uit eenige rotte appels , die midden in de rivier dreven en wier bruine en hoogroode",0,N
"zoolang aanblijven als in Rusland . Het zou interessant zjjn om eens een vergelijkende statistiek op te maken van den regeertgd der Ministers in de verschillende Landen . Liebig leidde den graad der beschaving van een volk af uit de massa zeep , die het gebruikte , en ook wil men wel eens beweren , dat do meest beschaafde , de meeste constitutionele Landen juist die zijn , welke het grootst aantal Ministers gebruiken . Of dit zoo is ?",0,N
"produkt tegenwoordig zoo goed is , dat ervaren handelaars in eohte boter het nauwelijks nog als namaaksel kunnen herkennen . Volgens hetzelfde blad legt men zich nu in Amerika ook toe op het fabriekmatig vervaardigen van kunstkaas , waarvan ongehoorde massa ' s voor Frankrijk , Duitschland en — Holland verscheept worden . De stoomketel van een groot fabriek van suikergebak is te New - York gesprongen . Het getal der slachtoffers is nog Liet juist bekend ; men telt",0,N
"den uitslag , zooals gewoonlijk , aan de slechte opkomst dor kiezers toe . Het Pruisische kiesstelsel , dat der getrapte of indirecte verkiezingen ( Bismarck noemde het vroeger bet slechtst mogelijke ) is dan ook niet geschikt om de massa ' s op te winden . De wijze waarop het toegepast wordt , werkt daarenboven een goede opkomst niet bijzonder in de hand . Misschien is men er niet algemeen mede bekend en is een korte beschrijving hier niet",1,Y
"of minder onbewimpeld , den arbeiders wantrouwen inboezemden jegens de arbeidgevers en groote ontevredenheid opwekton ten aanzien van de ontwikkeling van onzen staatsregtelijken toestand . > Ook de jezuiten die , als overal , hier een betooverenden invloed op de massa uitoefenden , droegen , volgens alles , wat omtrent hunno woorden en voordragton bekend geworden is , yeel bij om de verbeelding en het verstand der arbeiders met de ziekelijkste voorstellingen omtrent do geschiedenis van onzen tijd op to",1,Y
"- centraalspoorweg naar Hunters Point wordt geleid , was gebarsten . In groote hoeveelheid dreef nu de petroleum op de oppervlakte van het water en dat werd door een paar ondeugende jongens aangestoken . De geheele watervlakte werd een brandende massa , die door den wind voortgezweept , hier en daar aan de oevers huizen en boomen in groot gevaar bragt . Deze rivierbrana duurde vier uur . Het verlies van petroleum moet aanzienlijk zijn . In Weenen ziet het",0,N
"reeds in belangrijkheid toenemenden spoorwegpost Rosendaal , waar hij lóó juist de rechte man bleek te zijn , door zijnen gepasten ijver , door zijne zeldzame goederenkennis en opmerkzaamheid , door zijne geschiktheid en humaniteit tegenover den handel en de massa reizigers , dat in al dien tijd zijne verplaatsing van dien gewichtigen post nimmer wenschelijk is geoordeeld . Geen wonder dus dat vroegere en latere chefs , ambtgenooten en bijzondere vrienden onder de ambtenaren den dag , waarop die",1,Y
"de schouwburg in ten gevolge van hevige aardschokken , tijdens de voorstelling plaats had . Het aantal vermisten is zeer talryk , maar men weet nog niet hoeveel menschen het leven hebben verloren . De Vesuvius bljjft nog steeds groote massa ' s lava uitwerpen . Frankrijk . De Republique Frangaise schreef : ïFrankrjjks oog blijft op de clericalen gevestigd en volgt , in walke plaats zy ook intrigeeren , hunne duistere handelingen . """""""" Hierop merkte de Patrie aan",0,N
"die zoo min mogelijk door de politiek worden geïnfluenceerd , en in deze is zeer weinig keus ; vandaar de zeer lage rente , waarmede men zich tevreden stelt . En zoo ziet men het vreemde verschijnsel van een ongehoorde massa geld bij schier totale afwezigheid van crediet en weergalooze angst van het kapitaal voor handel en industrie .",0,N
"Oost - en Oosthoek van Drenthe heeft men mjjnen , die zeer zeker voor eene waarde van een honderd en vijftig millioen gulden aan turf bevatten . > Of dit waarheid is , kan worden gepeild . > De ontzettende massa veen wordt langzaam , zeer langzaam geëxploiteerd , dewjjl er geen kapitaal genoeg is om dat met meer kracht te doen . » Zou er nu geen maatschappij tot stand zijn te brengen , die de kanalisatie van dat",0,N
"te maken , die noodig zijn ; dan waren er van de ljjst der vakken zeker eenige vakken afgevallen . Engelsch an Duitsch bjjv . Had men beter gedacht over ontwikkeling , men had niet op dien jeugdigen leeftijd die massa kundigheden gevergd , die wel op lateren leeftjjd van belang kunnen zgn , maar die dan zooveel te gemakkeljjker kunnen aangeleerd worden . """""""" Men hoort in ' t dagelgksche leven dikwerf spreken van » gezigten trekken """""""" en",0,N
"men op 26 Sept . daaraanvolgenden in een jaar tijdsgeen regen zou gehad hebben . Het geheele eiland is als een dorre en droge klip . Er is geen eten meer voor dieren of menschen . De laatste sterven in massa , en de eerste kwijnen weg en zullen , zoo er niet spoedig hulp opdaagt , ook spoedig in menigte sterven . Men zou eerlang duinwater in schuiten uit Venezuela moeten laten halen ; dan zou de tobbe met",1,Y
"niet , gelijk dus ver dikwijls geschiedde , op onwaardige wijze de wet ontdoken kunne worden . » Voorts zal het juist in den tegenwoordigen tijd noodig zijn te zorgen , dat de verderfelijke woelingen dergenen , die bij de massa der bevolking den eerbied voor de zedelijke grondslagen van Staat en maatschappij zoeken te ondermijnen , zich niet door den vorm , waarin zij optreden , aan de toepassing der algemeene strafwet kunnen onttrekken . » Het is te",1,Y
". Ellen , dat aan en ten oosten van dien dijk gelegen is , grenzende ten noorden aan het tweede perceel , groot ongeveer 3 Bunders , 88 vierk . Roeden . Massa van de perceelen II en III . Massa van de perceelen I , II en III . IV . Bene TJITEBWAABD , uitmakende het noordelijke gedeelte van de Lucasweide , gelegen nabij Westervoort op de Bovenplei in de gemeente Huissen , grenzende voor een klein gedeelte aan",0,N
"in 25 perceelen , kolommen en massa . Ten derden : Een stuk HEIDEGROND met dennen singels , gelegen in het Giethemer veld , onder de gemeente Ambt - Ommen , groot ruim 22 hectaren , in twee perceelen en massa . Ten vierden : Onderscheidene ONBOEBENDE GOEDEBEN , gelegen onder de gemeente den Ham . Alles breeder omschreven bij verkoopboekjea , waarin gelithographeerde kaarten der eigendommen in Junne en Dalmsholte , benevens de verdeeling in perceelen en voornaamste voorwaarden",0,N
"het land ; juist de soort van gouvernement waaraan nu onlangs in Frankrijk , door het tot stand komen van een constitutioneel ministerie , een einde is gemaakt . Het is , r van dit standpunt uitgaande , consequent de massa der kiezers zoo ' hoog mogelijk op te voeren . Hoe grooter het aantal is , des te beter staan de kansen om te speculeren . Hoe meer nullen de heer Heemskerk achter zijne eenheid verkrijgt , des te",1,Y
"Veronderstelt men , dat de geele kleur der boter , door middel van moerbeiensap veroorzaakt is , dan hoeft men . om dit te ontdekken , de boter slechts met wat zeepzieders loog ie vermengen , in welk geval de massa bruin - rood gekleurd wordt . Zoo ook mag het zoutgehalte der boter het % a % van haar gewicht niet te boven gaan ; een meerder zoutgehalte , erkent men aan den bijzonder zouten smaak , maar nog",0,N
"Nikolaas , met het opperbevel der r ^ ssische troepen in Polen zal worden belast . De winter regeert in Polen nog streng . thermometer van Reaumur teekende 18 """""""" koude in Nederland zeldzaam , terwijl de communicatie door een massa gevallen sneeuw bjjna overal gestremd is . De feesten tot viering van een vijf en twintigjarige regering zijn tegenwoordig aan de orde van den dag . Pas viel dit voorregt den keizer van Oostenrijk te beurt en thans volgt",0,N
"eenige fraaije muziekstukken ten gehoore . Gisteren werd door de politie te Utrecht een bende Zigeuners met vrouwen en kinderen , alsmede twee beren , die zich op den Katharijnesingel een rustplaats gekozen hadden , onder den toeloop van een massa volk , buiten de grenzen der gemeente gebragt . Het Hand elsblad bevat een brief van den eerstaanwezenden ingenieur bij de werken voor de overbrugging van het Hollandsch Diep , aan den minister van Binnenlandsche Zaken . Daaruit blijkt",1,Y
", nam hij het besluit om de verkooping daarvan op de publieke straat te doen , hetgeen tengevolge had , dat de soldaat meer dan het dubbele kroeg van hetgeen de handelaar hem wilde geven . Er wa § een massa mensehen bijeen , wier lachspieren bijzonder werden in beweging gebragt ; alles liep echter zonder de minste stoornis af . Omtrent de premieleening der Maatschappij voor Landontginning zegt de Provinciale Friesche Courant : » Hoe afkeerig wij over '",1,Y
"rook begon te branden . De brandweer was spoedig bjj de hand , om redding te beproeven van wat er nog te redden was . Met bewonderenswaardigen moed en kalmte ging zij aan het werk , om uit de brandende massa de slagtoffers te verwjjderen . Tegen 9 uur waren reeds verscheidene personen , mannen , vrouwen en kinderen , sommigen gekwetst , voor het meerendeel zwaar gewond , andere dood , per brancard weggevoerd . Tien minuten , over",0,N
"Verkoop van het landgoed „ Bese . """""""" Aangehouden de perceelen 1 — 7 en 13 . Gegund perc . 8 eu 9 en de massa van i0 , 11 en 12 te zamen voor f 40 , 525 en het hout vau die perc . benaderd voor f 3 , 110 , door mevr . de wed . J . vau Assen Hz .",0,N
", kweeken geloofshaat , en bereiden een religieoorlog voor . Maar nauwelijks minder te duchten is het streven van eenige Protestantsche drijvers . Het Hervormde kerkgenootschap heeft door zijn kiesstelsel de macht bij de onbeschaafde menigte overgebracht , en de massa wordt nu door eenige Protestantsche pausjes , die yveren voor hun eigen dogma en hun eigen gezag , bewerkt , geleid en gebruikt . Met hun restitutiestelsel bedoelen zij niet anders dan hun scholen te doen betalen door den",1,Y
"den Grindweg te Lemele , bestaande in bouwiliaiiswoilïilg """""""" en verdere getimmerten , bouw - , wei - 9 Iiooi - , vee » """""""" en heidegronden , te zamen groot 75 hectaren , te veilen in zoodanige perceelen en massa ' s , als door den eigenaar en bewoner worden aangewezen . 2 """""""" . Een AEBEIDEESWONING of KEUTEEIJ , gelegen aan het kanaal , nabij de suikerfabriek te Lemele , met bijbelioorende circa twee bunder BOUW - ,",0,N
"gewone hoogte gewassen is , zoodat er dus ook weder voor dit jaar uitzichten op een goeden ' oogst zijn . In de laatste dagen is zoowel in Zweden als in het noorden van Schotland re ; ds een groote massa sneeuw gevallen . De Köln . Zeit . bevat een schrijven van iemand op het eiland Rugen , die beweert dat de zaken van vorst Putbus volstrekt niet in zoo hopeloozen toestand zijn als andere | bladen beweren .",0,N
"het in spijt van de welwillende en edele bedoelingen van Z M . den Sultan te ' verduren had . » Terwijl de Keizerlijke regering maatregelen neemt om de rust in die provinciën te herstellen , doet zij tevens geweldige massa ' s troepen op onze grenzen zaaien trekken . Daardoor wordt de toestand van Servie , die toch op zich zelve reeds moeijelijk genoeg is , nog veeï moeijelijker . Terwijl onze natie van ons verlangt dat wij maatregelen",1,Y
"Julij aanstaande , des voormiddags ten elf ure , in het locaal van het Departement van Marine te ' sGravenhage , onder nadere goedkeuring , bij inschrijving , en in het bijzijn van Gegadigden die zulks mogten verlangen , in massa zal worden Aanbesteed : het maken van eene fundering voor een ijzeren kustlichttoren en het bouwen van twee woningen \ oor de dienst der verlichting op hot eiland Walcheren in Zeeland , alles met den aankleve van dien .",2,A
"schoonmaken van een weiwaterput , voor een in aanbouw zijnd huis te Kamnen , ontdekte men in een daaruit opgehaalden emmer met water eene ruime hoeveelheid vloeibare stof die even als petroleum zich zeer goed liet ontbranden . Bij de massa ridders van ' t , legioen van eer , die bij gelegenheid der tentoonstelling zijn benoemd , heeft men te Parijs de opmerking gemaakt , dat van de ministers der republiek slechts enkelen ridders zijn , en die enkelen",1,Y
"Boschbuizerberg , groot 2 h . 84 a . 40 c . , deelmakende van sectie E No . 1208 . 6 . koop : de . weder - of westelijke helft van dat perc el . En eiudelijk de massa van de beide laatste koopen .",0,N
"of bjj sprong van de locomotief , snelde naar den chef en bragt zjjn baklag in . Dadeljjk werd de trein geremd en den razenden machinist gelast af te stijgen . Hjj weigerde niet alleen , maar wierp zulk een massa steenkool in den vuurhaard , dat men voor barsting vreesde . » Gjj wilt mjj niet laten rjjden ! """""""" brulde hjj , » dat zullen wjj eens zien . """""""" Niet dan met behulp van zes gendarmes gelukte",0,N
"25 mijlen door zijne wagens , waarin de goederen te huis worden gebracht , en waarvan de voerman de bestellingen aanneemt . Het stelsel , waarop zijn zaak steunt , is « contanten in - en verkoop en door de massa , die hij omzet , is hij in staat goedkooper aan het • publiek te verkoopen , dan de groothandel aan de winkeliers kan doen . Geheele fabrieken werken uitsluitend voor hem . Hij is voornemens in alle groote",0,N
"produkt tegenwoordig zoo goed is , dat ervaren handelaars in eohte boter het nauwelijks nog als namaaksel kunnen herkennen . Volgens hetzelfde blad legt men zich nu in Amerika ook toe op het fabriekmatig vervaardigen van kunstkaas , waarvan ongehoorde massa ' s voor Frankrijk , Duitschland en — Holland verscheept worden . De stoomketel van een groot fabriek van suikergebak is te New - York gesprongen . Het getal der slachtoffers is nog Liet juist bekend ; men telt",0,N
"veraar , die hum al te ernstig zulke leeringen zou willen opdringen . Alleen de eenvoudige aanduiding van het slechte van al het bestaande kan hier en daar een bekeerling vinden bij het eigenlijke volk , den boerenstand . De massa blijft ongevoelig voor de lokstem van het nihilismus . Alleen daar , waar - de beschaving des geestes juist begonnen is , daar begint ook het gebied voor den arbeid van ' t nihilismus . Het tegenwoordige nihilismus ,",1,Y
"in den vorm gegoten was , een nieuwe hoeveelheid metaal doen smelten om den vorm geheel te vullen . CI iie twee gietsels zich vereenigd he ' ben en de klok te gebruiken is , kan eerst blijken wanneer de massa over eenige weken zoover is afgekoeld , dat de vorm kan worden verbroken . Thomas Carlyle zal , naar uit Londen gemeld wordt , eerstdaags eene brochure in het liclit geven over den strijd , die in Duitscliland tusschen",0,N
"hebben bovendien , en dat is het meest treurige , een aantal menschen het leven verloren . Het verhaal , dat wij daarvan gister hebben kunnen opnemen , is volstrekt niet overdreven . In de Groninger bladen lezen wij eene massa treurige berigten , die allen bevestigen wat reeds is medegedeeld . Vele huisgezinnen zijn van hunne woningen en bezittingen beroofd ; het water ontnam hun alles wat zij bezaten en van sommigen bovendien hunne dierbare betrekkingen . De ellende",0,N
"„ die grosse Eiche """""""" gevonden te hebben . Eindelijk staat men tegenover dien kolossus der middeleeuwen ; nu is geen verwisseling meer mogelijk . Men staat geheel opgetogen , en men gevoelt zich zeer klein tegenover zulk een indrukwekkende massa . Allerlei gedachten doorwoelen het brein . Wat tal van vragen zou men tot dien boom vrilleE richten . Hoevele geslachten zag hij voorbijgaan ; hoevele koningrijken gingen ten onder ; hoevele trooncn stortten in ; want volgens het",0,N
"der Linker Rottekade ( Bestek n ° . 29 ) . Deze Aanbesteding zal geschieden , wat betreft Bestek n ° . 28 voor de drie perceelen afzonderlijk , bij inschrijving en opbod volgens § 433 , en voor de massa , zoomede voor Bestek n ° . 29 , bij enkele inschrijving , volgens § 434 der Algemeene Voorschriften . De Bestekken liggen ter lezing aan het gebouw van het Ministerie van Binnenlandsche Zaken , aan dat van het",0,N
"drukkende warmte , werkelijk als zeer snel mag worden beschouwd . — De aarbeziën rijpen met dit warm weder buitengewoon snel aan . Dagelijks ziet men aan het station alhier honderden korven verzenden en ledige afhalen . Over de groote massa , die men Breda ziet inkomen en uitgaan , staal men iederen dag verbaasd . De aardbeienmarkt wordt des nachts om 2 uur gehouden . Nabij het Duitenhuis , buiten de voormalige Antwerperpoort , heeft dit plaats . Men",0,N
" tbest vóór den winter om te maken . Eene beste bemesting in den tuin is compost . Allerlei afval en alle meststoffen kunnen tot bereiding van compostmest dienst doen . Van tijd tot tijd een weinigje kalk over de massa strooijen is best : kalk bevordert de ontbinding en tevens voor onze bladgewassen : salade , andijvie , kool enz . , is kalk eene voorwaarde voor ' t goed gedijen . Vaak ziet men : t , dat",0,N
"hoe langer hoe meer verduisterd ; de lucht was drukkend en benaauwd , hetgeen meer en meer toenam , tot zich op eens een | geweldige wind openbaarde , gevolgd door geduchte waterstroomen en hagelbuijen , die te zamen een massa verwoestingen aanrigtten ; zelfs menschenlevens kwamen in gevaar ; vogels werden in menigte gedood , boomen ontworteld , huizen omver gehaald , beelden afgeworpen , uithangborden ver weggeslingerd . Tal van particuliere en stadsgebouwen bekwamen groote schade ; de",0,N
"eens verpoozen in een dood onschuldig vermaak . Gy kuat nu eenmaal de wetenschap en de kuast niet » populariseerea . """""""" Met al uwe volksboeken , bladen ea tydschtiften zult gy nooit doctors , advocaten of componisten van de massa maken . De degelyke wetenschap zal nooit gaan buiten den kring harer eigenlijke beoefenaars , en hoe men ook werke , die kring zal zich nooit verder dan tot zekere grenzen uitzettea . Daar buiten brengt men het niet",1,Y
"den zuid - oost en oosthoek van Drenthe heeft men mijnen , die zeer zeker voor eene waarde van een honderd en vijftig miliioen gulden aan turf bevatten . Of dit waarheid is , kan worden gepeild . De ontzettende massa veen wordt langzaam , zeer langham geëxploiteerd , dewijl er geen kapitaal genoeg is om dat met meer kracht te doen . Zou er nu geen maatschappij tot stand zijn te brengen , die de kanalisatie van dat binnenlandsch",0,N
", of bjj Ged . Staten reeds het plan bestaat om deze waterleiding te verbeteren , daar zij niet in voldoenden toestand verkeert . Bij het afstroomen van het water door de leiding wordt van eene daarin aanwezige hoogte eene massa zand medegevoerd , dat ten slotte in het N . - W . kanaal teregt komt en daar telkens moet worden uitgebaggerd , wat voor die maatschappij , bjj den toch reeds niet bloejjenden toestand harer finantiën , zeer",0,N
"Sire , want anders zijn zij niet te bewegen . Wij spraken , zoo als u ziet , ook niet van arm en rijk , maar van armer of rijker . Nu blijven wij in ' t fatsoenlijke en de massa zegt toch duidelijk : en , de rijken ! die krijgen altoos alles . Alleen op deze wijze is de taaie leem , die wij Neêrlands volk noemen , in beweging en vloeibaar te krijgen . Want wij weten",1,Y
"aandeelhouders de handelingen van Pephan heeft goedgekeurd . De rechtbank heeft de uitspraak bepaald op veertien dagen later . België . In de Kamer is de lang verwachte stryd aangevangen met een rede van Bara , die zyn lang verzamelde massa gift over de Katholieke geestelijkheid in België heeft uitgespuwd . Hoorde men na de Juiiverkiezingen klagen dat het platteland de steden overstemde , thans heeft men van die klacht geen woord gehoord . Het thema was uitsluitend de invloed",0,N
"De Notaris Jordens is voornemens op Dingsdag den 9 April e . k . , des middags 12 ure , in het Hotel DE KLOMP te Enschede finaal te veilen in perceelen , blokkem en massa : ftOjb ' E ^ n Huis van VIJF WONINGEN met SCHUUR en TUIN , gelegen aan den Noorderhagen te Enschede , toebehoorende aan H . AGTERHORST en staande bij inzate als volgt : Perc . 1 . WONING",0,N
"Groof moest tot 300 ellen hoog opstijgen met een ballon , daarna zich in de wolken bewegen , zich daar staande houden en er de eene of andere rigting in nemen . Na twee uren wachtens , zag de ontzaggelijke massa volk don ballon opstijgen , maar pas was de Groof op een meter afstand van den grond , of zijne touwen braken en hij viel log tor aarde te midden van het gelach der betalende toeschouwers , die zich",1,Y
"af . ZUID - AF RI KA In het Kaapsche Volksblad van 18 Augustus leest men het volgende aangaande de diamant - delverij : Uit alle oorden der kolonie , uit den Vrijstaat , Transvaal en Natal trekt eene verbazende massa menschen naar het verre noordoosten , om eeuwen lang verborgen schatten op te sporen . Die aanstekende ziekte is doorgedrongen tot alle rangen en standen der maatschappij , en het schijnt dat zij nog steeds in hevigheid toeneemt .",1,Y
"biervan nu op school te brengen ? Niet de geschiedenis in haar heelen omvang , al wordt ze ook zeer beknopt meegedeeld , maar de schitterendste fragmenten en de latere eeuwen uitvoeriger dan de vroegste tijden . Niet om de massa jaartallen , noch om de hoeveelheid feiten is het te doen , die het kind op eenen dwaalweg voeren , het hoegenaamd geen belangstelling inboezemen en ten hoogste alleen kunnen dienen tot oefening van het verheugen . Vooral nu",0,N
"hoofdonderwijzers benoemd om Katholieke kinderen te lokken , ' t Is waar , een paar sluwe Joden en liberale Protestanten plaatsten hunne kinderen op die scholen , opdat geen godsdienstig onderwijs zou mogelijk zyn , maar dat bleef voor de massa der Katholieken verborgen , en die scholen kregen eene zekere Katholieke reputatie , die zy nog altyd bezitten . Het bewijs der mogelykheid hebben wy dus onder de oogen . Maar neen , de heer Heemskerk verkiest nu eenmaal",1,Y
"tot een minimum te verlagen en de gelegenheid tot het verzenden te vermenigvuldigen en te versnellen , is eene reusachtige uitbreiding van de correspondentie ontstaan . Het brievenvervoer heeft zich niet alleen in de postkantoren gecentraliseerd , maar er zijn massa ' s van brieven meer geschreven dan vroeger ooit het geval was . Uit dit voorbeeld willen wij alleen aantoonen , dat de stelling , dat altijd de behoefte de gelegenheden in het leven roept , maar dat gelegenheden",0,N
"opwekking daartoe in het alom verspreide Zond , blad der H . Familie te verwachten is . Onze couranten , die eergisteren avond per post n S | , Schiedam zijn gegaan , zijn behoorlijk op tijd bezorg maar de massa , welke per spoor verzonden was , eerst gisteren middag ten 12 uur bezorgd . Wij zul | e J een streng onderzoek naar deze zaak instellen . Voor ; de Schiedamsche kiezers hadden gisteren groot belast bij de",0,N
"GANG , in de Oeverstraat , benevens eene WONING in de Langstraat , op ƒ 3315 . c . Een HUIS en ERF in de Langstraat , onmiddellijk grenzende aan perceel b , op . f 581 d . de massa van perceelen b en c , op ƒ3998 . De toeslag bljjft bepaald op Donderdag den 29sten December 1870 , des avonds om 7 ure , in het Koffijhuis de Harmonie te Arnhem , kunnende inmiddels hoogen gesteld en",0,N
", doch heeft men het digtbij gelegen woonhuis mogen behouden . — Niets was tegen brandschade verzekerd . . XJtreclit 25 Julij . Gisteren omstreeks ll 1 / , ure liep in den omtrek der Katharijne - barrière eene groote massa volks te zamen , om getuige te zijn van een gelukkig niet alledaagsch schouwspel : een gevecht tnsschen twee politie - agcnten . Wat de oorzaak was van hun twist , is niet bekend ; misschien wel dat de",1,Y
"! In ons dorp , waar sedert menschengeheugen de groote meerderheid geen enkel teeken van leven gaf — getuige het gering aantal stembilletten , die zoowel bij kerkeljjke als gemeentelijke verkiezingen in de stembus komen — in die schijnbaar doode massa is beweging ontstaan . Jammer maar , dat wij ons in dit immer kenbaar teeken van leven niet kunnen verheugen , omdat het een gevolg is van gebrek aan overeenstemming en dus aanleiding geeft tot verwijdering en twist ,",1,Y
"den handel kwamen . — Het potlood bevat geen graphiet en het hiermede verkregen schrift kan in een kopiëerpers op de gewone wijze overgedrukt worden . Het verbleekt niet aan het zonlicht , zooals aniline inktsoorten wel doen . De massa , die in de plaats van graphiet dienst doet , wordt verkregen door het extract van een plantenkleurstof uit . hout getrokken in vereeniging met een chroomzout , te mengen door zeer fijne eu vette pijpaarde ; meestal wordt",0,N
"gewenschte doel zullen leiden . De nihilisten zullen thans nog te meer reden hebben tegen de Regeering te strijden , terwijl de ontevredenheid van het volk eer toe dan afnemen zal . Zooveel dwang is een uitmuntend middel om de massa tot wanhoop te drijven , welke misschien een verzet kan doen geboren worden , noodlottig voor het tegenwoordig Eegeerings - syateem . De tijd zal leeren hoeveel overheeraching het Russische volk kan verdragen voordat het zich met geweld vrijmaakt",1,Y
", de schade bij spoedige daling van den vloed niet erg zal zijn . Komt er echter rijzing en bijgevolg meer strooming , dan lijden deze landen , behalve de schade voor de bemesting en het gezaaide , door de massa kiezel die de Maas er op achterlaat . — Men schrijft uit Maastricht aan ' t Lirnb . Nieuwsblad ■ De stand der veldgewassen , tarwe en rogge op de Zuid - Limburgsche kleigronden is zeer bevredigend . Wel",0,N
"met eene zekere snelheid beweegt en daarbij tegen een ander in rust verkeerend ligchaam aankomt , ontvangt dit laatste een schok , die naar omstandigheden in hevigheid zeer verschillend kan zijn en in het algemeen van de snelheid en de massa van het in zijne beweging gestuite ligchaam zal afhangen . Was die snelheid groot en het ligchaam daarbij zwaar , dan zal de schok zeer krachtig wezen ; had daarentegen het ligchaam eene geringe vaart en was zijn gewigt",0,N
"der brandweer , de beambten der fabricage en der politie , beproefd . Het beantwoordde uitstekend aan de verwachting . Een hoop hout , afkomstig van teervaten en rijkelijk met petroleum overgoten , werd in brand gestoken . Nadat de massa eenigen tijd flink gebrand had , ging men tot blussching over en slaagde daarin binnen weinige oogeublikken . Met één vulling kon de proef driemalen met even bevredigend resultaat worden genomen . De extincteur zal in het poütielokaal aan",0,N
"rotsbrokken een ongelooflijken afstand wegslingert , vergezeld van onderaardsche ] osb . rstingen , aanhoudenden donder en regenvlagen ; de berg trilt tot i D z ; j ne grondvesten ; uit zijne geopende hellingen vloeit lava , eene brandende massa , welke somtijds tot in zee vloeit en de golven sissend duet opstijgen : dit is eene vulkaan . In Azie vindt men er een groot aantal , maar in Amerika zijn de meesten . Er zijn veel bergen",0,N
"heeft gedaan , met hetgeen op haar rekening moet worden gesteld . Zij schimpt op het niet - oniwikkelde deel der natie , dat , naar haar zeggen , onder den invloed der geestelijkheid , de zoogenaamd verlichte en beschaafde massa van de bevolking zou hebben overstemd . Toegegeven eens , dat dit zoo ware en dat aan de wederpartij niet geoorloofd ware het tegen wigt in de schaal te werpen tegen de kiezers - opzweeping en kiezersopwinding van de",1,Y
" „ Hierbij komt nog een andere drangrede . """""""" „ Wordt die slagbalk niet verlaagd , dan wordt het gevolg van die hooge ligging , dat Wildervank , Veèndam en de andere lager liggende gemeenten benadeeld worden door de massa ' s water , welke in den herfst , winter en voorjaar van het Stadskanaal met alle kracht naar die plaatsen worden toegestroomd , waardoor de landen van die streken worden onder water gezet , terwijl het voordeel voor",0,N
"smaak viel . Twee grooto partijen stonden bij en na de verkiezingen tegen elkander over , de republikeinsche en de democratisch monarchistische . De eerste heeft haar ontstaan te danken aan de September - revolutie ; het is eene digte massa met één gedachte : geen koning of koningin weder in Spanje toe tc laten . Niet zoo eensgezind waren zij die zich onder de tweede partij groepeerden ; daar eenheid en overeenstemming , hier een zamenstel van allerlei oude",1,Y
"Mej . HAVELAAR : 2 perc . SCHELHOUT op het Erve de Peppel te Spankeren . Aanw . R . BEUMER . — G . Nog voor den Heer VAN DEN BROEKE : 2 perc . SCHELHOUT , ook in massa , bij het Nieuwland te Dieren .",0,N
gekwetsen . De duisternis — het was één uur des nachts — verhoogde nog het akelige van het tafereel . Spoedig was hulp aanwezig . Maar niet zoo spoedig ging het om de gekwetson los te maken uit de verwarde massa hout en ijzer . De lijken der drie passagiers in den voorsten waggon waren onkenbaar ; naauwelijks vond men de menschelijke gedaante er in terug . De bekende sir John AnsoT was onder de dooden . Een zekere heer,0,N
"de netheid geprezen , zelfs bij de armen . De Bacterien - quaestie wordt in het midden gelaten , van reuk was niets te bespeuren . Bi het magazijn werd geen ammoniaclucht waargenomen en de mest was een donkere zwarte massa . Men meende echter , dat de quaestie der hygiëne bij dit stelsel nog niet uitgemaakt was . Het stelsel Liernur en het stelsel Symons zouden volgens de berekening der commissie een deficit — , het tonnenstelsel een voordeel",0,N
"duurzaam schoon weder . Zet het schuim zich in een ring tegen de wanden , dan verwachte men zwaren regen . Blijft het schuim hangen tusschen wanden en middenpunt , dan wordt het weder veranderlijk ; drijft het in één massa naar één punt aan den wand , dan komt er een matige regen . Welk weêr het worden zal wanneer men geen suiker in de koffij gebruikt , zegt de heer Savogeau van Valencia niet . Wij vermoeden dat",0,N
"week een zoo groote hoeveelheid haring in de haven van Waterford in Ierland gedreven , als men zich niet verbeelden kon . De visschen , die bij groote troepen aangetogen , zwommen zoo digt aaneen , dat zij een vereenigde massa schenen en de visschers wierpen hun netten slechts ten halve uit , vreezende , dat 7 . y anders scheuren zeuden . Er werden allerlei vervoermiddelen uit den omtrek aangebragt om de haring weg te brengen en ' t",0,N
", maar bragt de lucht in beweging tot de oppervlakte der zee . De oceaan leverde een verschrikkelijk schouwspel op . De golven verhieven zich bergenhoog , tusschen haar waren zwarte afgronden merkbaar ; menigmaal geleek de zee één vuilwitte massa schuim , dan weder een monsterachtige ketel vol kokend teer ; daarbij drong het gedruisch der worstelende watermassaas , het huilen van den wind , het fluiten , sissen en rollen der golven , als een verwijderd gerommel van",0,N
"vuur en vlammen als in een vijver te recht kwamen . En zoo mocht men er in slagen verder onheil te voorkomen , waarvan de gevolgen onberekenbaar zouden zijn geweest . Sommige gedeelten van het stadhuis hebben inwendig door de massa water , die de brandspuiten opwierden , nog al geleden . In het geheel zijn alzoo twee huizen geheel en een derde gedeeltelijk verbrand . De toren van het stadhuis is vernield ; de steenen kolommen , die den",0,N
"leve Fock ! geroepen zoude zijn ; — de oploop schijnt een dreigend aanzien te hebben gekregen , want toen ik mij tegen half elf uur naar die straat begaf werd zij door cavallerie bezet en met de sabel de massa uiteen gedreven ; in de geheele buurt ( het volkrijkste gedeelte der stad ) is veel publiek op straat en hoort men verwenschingen tegen den burgemeester : ; , de rijken kunnen kermis houden zoo veel zij willen """"""""",1,Y
"heeft men hier te danken aan een graf van overoude tijden . In Gaasterland zijn overblijfselen van dien aard geen zeldzaamheid . In 1849 vond men no < * onder den hoogen boschgrond een Hunebed , dat bestond uit eene massa zware steenen brokken , - waartusschen vuursteenen wiggen , urnscherven , houtskool enz . zich bevonden . Hoe die steenen daar gekomen zijn , is een raadsel . Alleen voor begraafplaatsen schijnen ze niet gediend te hebben , want",0,N
"ruimschoots voorzien , maar daarenboven voor Manchester ook de concurrentie op China erg lastig te beginnen maken . Daar zit nu onze overbuur aan de andere zijde van het Kanaal met « en grooten voorraad goederen zonder koopers en eene massa werkvolk zonder werk . Toen de jaren goed waren , kwam men handen tekort ; in menigte trok het werkvolk van het land naar de industrie - steden . Beproef cu eens om diezelfde menschen naar het land terug",1,Y
"schoorsteenpijp voor de locomobiel van den stoomzaagmolen , die omstreeks 30 voet hoog is ; herhaaldelijk is geklaagd over het gevaar waaraan de naastbijstaande perceelen zijn blootgesteld , daar telkens brandende stukken steenkool uit den schoorsteen vliegen . Wegens de massa licht brandbare stoffen was het onmogelijk den brand op do houtwerven te blusschen . Het terrein , waarover de brand zich uitstrekte is drie hectaren groot . De hitte was onuitstaanbaar . Verleden week wilde een Berlijnsch huiseigenaar zich",0,N
"verkiezing op een nieuw terrein , dat bewegelijk is als het zaad der heiden , ten prooi aan de invloeden van den wind van dtn dag . Zij hebben hunne katholieke vereenigingen , waarop zij kunnen steunen en die de massa der kiezers tegen noodlottige invloeden beveiligen . Het dagblad , dat hen verdedigt , is niet bloot een persoonlijk ; het vertegenwoordigt da vereeniging , en dat maakt zijne kracht uit . „ Dit is de oorzaak waardoor de",1,Y
"der helling heeft eeu zoo grooten omvang , dat vele straten van Caub niet alleen met totalen ondergang worden bedreigd , maar dat zelfs het spoorwegverkeer en de vaart op den Rijn tijdelijk zullen worden gestremd , indien die gansche massa nederploft . — Volgens een Hambnrgschen correspondent heeft dr . Menmayer , directeur van de Deutsche Seewarte , eene voor de scheepvaart belangrijke ontdekking gedaan . Hij heeft namelijk een toestel uitgevonden , waarmede men met de grootste nauwkeurigheid",0,N
"aan mij ; ik heb onze achtervolgende krachtsinspanningen enkel opgesomd tot inlichting voor degenen die , voorzeker ter goeder trouw , gelooven dat het na het gereed maken der verweringsmiddelen , mogelijk was tot den aanval over te gaan met massa ' s die nog niet goed georganiseerd en gewapend waren . Niet wat wij wilden , maar wat wij konden , hebben wij verrigt , naar plannen van grooten omvang , haastig gevormd te midden der smartelijkste indrukken die",1,Y
", met TROTTOIR , groot ongeveer 198 vierk . ellen , op ƒ 15433 Perc . H . De SMEDERIJ met OPENE PLAATS naast het le perceel , groot ongeveer 134 vierk . ellen , op ƒ 10091 . De massa van perceel I en II op f 25524 . Perc . m . Het PAKHUIS met BOVENWONING , OPEN GROND , daarop staand PAKHUIS en TUIN naast het 2e perceel , groot ongeveer 124 vierk . ellen , op",0,N
"desertie . Niet teu onrechte zeker , want ook te Southampton reeds had drie man zich daaraan schuldig gemaakt . Doch die maatregel beviel hun niet . Eenige sprakeu toen af om het schip in brand te steken en in massa te deserteeren . Eerst trachtten zij door de luiken aan dek te komen , maar de onderofficieren stonden er op wacht om hun dit te beletten , en wilden te dien einde de trappen optrekken . Doch daarop begon",1,Y
"de Droogmakerij , in drie perceelen en daarna in massa ( bestek n """""""" . 37 ) . Deze Aanbesteding zal geschieden , voor de drie perceelen afzonderlijk , bij inschrijving en opbod volgens § 433 , en voor de massa bij enkele inschrijving , volgens § 434 der Algemeene Voorschriften . De Bestekken liggen ter lezing aan het gebouw van het Ministerie van Binnenlandsche Zaken , aan dat van het Provinciaal Bestuur van Zuidholland te ' s Gravenhage ,",0,N
"terrein om Musis , zoodat afsluiting bij buitengewone concerten niet meer noodig is , het leggen der brug kan men gerust verdagen , om op zijn gemak met het departement van Oorlog te confereren — in één woord , de massa is tevreden gesteld . Want wat staat er te gebeuren ? — Musis wordt verfraaid ; voor den misplaatsten rijweg behoeft slechts de schoonste groep boomen te vallen , en het slot der zaak zal wezen dat het bedrag",1,Y
"dezer gemeente , heeft de ziekte nogt ; ns in ligten graad en werd vroeger tweemaal gevaccineerd . — Het voor een paar jaar vergrootte plein » da Groote Markt """""""" bleek ook heden weer niet ruim genoeg om de massa rundvee , ter jaarmarkt aangevoerd , te bevatten , zoodat ook de aangrenzende straten in gebruik moesten worden genomen . Trouwens in jaren hadden wij hier niet een verzameling van ongeveer 1300 stuk rundvee , zooals nu het geval",0,N
"keukengereedschappen en muziekinstrumenten . Zij begaven zich naardeWeener tentoonstelling om acrobatische voorstellingen te geven . Onder de zeldzaamheden op genoemde tentoonstelling behoort een drijvende kanonskogel van 25 kilogram zwaarte . Hij drijft als een veertje op een als zilver schitterende massa , die uit zuiver kwikzilver van de beroemde mijnen van Idria bestaat . Niet minder dan 8300 kilogrammen van dit metaal bevinden zich in een ijzeren vat en daarop drijft de kogel — Dezer dagen had te Rochester het",0,N
"de Montenegrijnsche senatoren Peeovich en Radowich heden met een stoomboot van de Oostenrijksche Lloyds naar Konstantinopel vertrokken zijn om over den vrede te onderhandelen . Bij Idning in Stiermarken is een geweldige sneeuwlawine neergekomen . De luchtdruk , die de massa ? uitoefende , moet buitengewoon sterk geweest zijn , daar boomen in den omtrek , zonder door de sneeuw of de neerstortende steenen getroffen te zijn , bij den wortel afbraken . De loslating der sneeuw schijnt aan den",0,N
"over ieder plan om den zetel van het gouvernement naar Parijs te verplaatsen ; zoolang de heer Thiers meer dan twintig duizend gevangenen te Satory houdt , omdat hij de gevolgen ducht van de loslating der enkele gevaarlijken onder die massa ; — zoo lang is het onmogelijk , dat vreemdelingen of rijke Fransche familiën de hoofdstad zullen beschouwen als een veilige en aangename woonplaats . En het ergste is , dat de ellende van Parijs , zoo er niet",1,Y
"bombardement worden met kracht voortgezet , eii men weet , dat Koning Wilhelm reeds in zijn jongste legerorder gewaagde van een nieuw tijdperk van den oorlog , waarmede hij onmogelijk het betrekken van de winterkwartieren kan bedoeld hebben . De massa munitie en vesiinggeschut , die naar Frankrijk wordt gezonden , schijnt bijkans allen twijfel op te heffen , dat eene belegering op groote schaal op touw zal worden gezet . Men vermoedt , dat het bombardement vooreerst op de",0,N
"de neger ; „ heeft massa wel eens twee honden om een been vechten gezien ? „ Wel zeker , Scipio . """""""" „ Heeft massa ooit gezien been mêe vechten ? """""""" „ Neen . """""""" „ Welnu , massa , Noorden en Zuiden allebei vechten ; Scipio ' t been is , Scipio dus niet kan meevechten .",2,A
", kweeken geloofshaat , en bereiden een religieoorlog voor . Maar nauwelijks minder te duchten is het streven van eenige Protestantsche drijvers . Het Hervormde kerkgenootschap heeft door zijn kiesstelsel de macht bij de onbeschaafde menigte overgebracht , en de massa wordt nu door eenige Protestantsche pausjes , die yveren voor hun eigen dogma en hun eigen gezag , bewerkt , geleid en gebruikt . Met hun restitutiestelsel bedoelen zij niet anders dan hun scholen te doen betalen door den",1,Y
"Niet minder toch dan 25 loggervaartuigen kwamen hier of te Maassluis de haven binnen en bragten 7000 tonnen gezouten haring en duizendtallen steurharingen . De markt , daardoor zoo rnim voorzien , is wel eenigzins teruggegaan , maar , de massa in aanmerking genomen , toch nog willig genoeg om een goed resultaat te kunnen geven . Gedurende de vorige maand beliep de aanbrengst zoo hier als te Maassluis 17 , 340 tonnen in 68 reizen , en sedert het",0,N
"een haar gekrenkt . Het fort antwoord een uur later , — want zulk oorlogstuig is niet zoo makkelijk te behandelen als een revolver , — met een schot uit geljjk stuk . De aarde dreunt . De ongehoorde ijzeren massa , die uitgebraakt wordt , moet het gansche schip in ééne seconde vernietigen , maar — het procjectiel gaat drie centimeter te veel links . Geen splinter vliegt van het schip , geen man aan boord wordt gedeerd .",0,N
"koortsachtige werkzaamheid , roept individuele en collective medewerking op , brengt geld bijeen , rigt overal brieven heen , en dit comité wordt door vele bladen als de kern dqr aanstaande conservatieve partij begroet . Op alle wijzen moet de massa bewerkt worden ; de Keizer , door de overgroote meerderheid des volks gekozen , wil de zoogenaamd constitutionele hervormingen ook door de stemming des volks doen bekrachtigen . En , om die menigte te bewerken , wordt haar deze",1,Y
"doende , ook geenszins exceptioneel . Alle eenigzins beduidende steden hebben zich , bijna zonder uitzondering en hoe onderscheiden ook van rigting , in gelijken zin verklaard . Nagenoeg allen verkozen eigen wetgeving en zelfstandig bestaan boven annexatie aan de massa der dorpsgemeenten . Voorbeelden zijn : Deventer , Meppel , Leeuwarden , Harlingen , Amsterdam , Leiden , ' s Hage , Rotterdam , Gorinchem , Goes , Utrecht , enz . enz . 3 . Gij maakt ook",0,N
"een gebouw naar een tuin leidde , bezigde een Frausch metselaar portlant - cement , vermengd met vijlsel van geslagen en gegoten ijzer en fijn ijzerdraaisel , in plaats van zand . Het gevolg hiervan was , dat de versteende massa zóó hard werd , dat zij met geen hamer kon worden stuk geslagen en men er met een pikhouweel niet in kon komen .",0,N
", die aldaar de sociaal - democratische beweging onder het volk preekt . Men kan zich gemakkelijk verbeelden , welken invloed een vurig en driftig spreker , die begaafd is met die spottende ruwheid , welke niet mishaagt aan de massa , kortom , een minder geleerde en minder beschaafda Gambetta dan de Fransche , uitoefent te midden eener bevolking , welke lijdt onder de nijverheidscrisis , die over Amerika is losgebarsten . Kearney doorloopt het land en de nieuwsgierigen",1,Y
"oprigting van sectescholen niet zoo algemeen wordt erkend en dat men bij de bewering , dat de openbare school niet aan de behoefte voldoet , meer te denken heeft aan de stem van eenige drijvers dan aan die van de massa van het volk zelf . Nog ééne opmerking zjj hier bijgevoegd . Voor de christelijke school voor on - en minvermogenden is geen geld genoeg te bekomen . De jubilézangers , wier toehoorders voor een groot deel bestaan uit",1,Y
"h < » t hotel . Het stond daar vol ; de vele bedienden hadden moeite ieder op tijd te bedienen ! Ja , de Amerikaan drinkt verschrikkelijk veel . Men kan zich ter naauwernood een denkbeeld vormen van de massa bier en alkohol die hier verorberd « ordt . Men di inkt elk oogenblik van den dag : ' t is borreltijd """""""" van den vroegen ochtend tot den laten avond . Geen wonder , dat in geen land",0,N
"van de Erven van Mevrouw de Weduwe DIEMONT , zullen , ten overstaan van den te Gendringen standplaats hebbenden Notaris G . J . KOLFSCHOTEN , in het openbaar , overeenkomstig de plaatselijke gebruiken , in perceelen , blokken en massa geveild en finaal verkocht worden , de navolgende in de onmiddelijke nabijheid van het Dorp Gendringen gelegen VASTE GOEDEREN , breeder bij biljetten omschreven , en wel : Een stuk TUINGROND , het Wildzigt genaamd , gelegen aan den",0,N
"prijzen te koop was ; veel orders schenen echter niet in handen te zijn , zoodat er nog al wat onverkocht is gebleven . Berigten omtrent het nieuwe gewas zyn zeer niteenloopend , maar komeu hoofdzakelijk hierop neder dat de massa , hoewel gezond , te kort en dun staat en enkele stukken met een volle lengte ; algemeen verlangt men naar regen . 16 Junij . Heden waren de prijzen der Boter ƒ 52 a ƒ 59 . Schiedam",0,N
"mjjn ontslag ! """""""" """""""" in ' t naauw gebragt worden . """""""" Er is eene geld - crisis te — Berlijn ! De Regering is onpasselijk van te veel geld — het Duitsche publiek heeft geld gebrek . De massa geld , naar Duitschland gebragt , is te Berlijn stilletjes blijven liggen en ' t gevolg daarvan is dat het geld duurder werd . Graaf Andrassy , de Oostenrijksche Staatskanselier , overhandigde te Berlgn aan Prins Gortschakoff het grootkruis",0,N
"In Cork is een optogt gehouden ter eere van den vrijgesproken moordenaar van Talbot . Een groote massa volk , voorafgegaan door vijf corpsen muziekan ten , trok de straten door en riep juichende : » leve Kelly V ' Dn rust werd niet verstoord en de Regering der stad deed geene poging om den optogt te",1,Y
"t openbaar lager en middelbaar onderwijs , de afschaffing der ministerieën van eeredienst en meer andere liberale vruchten , die ons nog lang in de keel zullen wringen . Men heeft indertijd al heel veel moeite gehad , om der massa aan ' t verstand te brengen , dat zij allen wrange vruchten waren aan den kwaden boom vau het verderfelijke liberalismus ontvallen . Zoo hoog liep men met ' t godsdienstige bizondere leven dier uitgeworpen afgevaardigden weg , dat",1,Y
"voor verrotte en rottende krengen . Het zijn geene dooden , die daar onder de aarde liggen te vergaan ; het zijn zelfs spoedig geene lijken meer ; alle individualiteit verdwijnt | het is eene vormlooze , naamlooze , gistende massa , die den bodem , de lucht en het water verpest en vergiftigt , die , den grond doortrekkende en door den grond heen zijpelende , in onze kelders , huizen en tuinen , in onze regenbakken en waterputten",2,A
"had , blijft nu plotseling zitten met een overvloed van producten , welke hij moet trachten zoo spoedig mogelijk kwijt te raken en te realiseren . Hij doet wat elk ervaren koopman en producent in zoodanig geval , met eene massa goederen in magazjjn die dagelijks in hoedanigheid en waarde achteruitgaan , doet : hij zet ze , om er zoo min mogelijk schade bij te lijden , van de hand voor de prijzen welke hij er voor bedingen kan",0,N
"van een mail als Oranje , om niet te spreken van Egmoad , den conservatief bij uitnemendheid , eisehen , dat hij zich op dat oogenblik aan het hoofd zou stellen van eene partij , die zonder twijfel bij de massa des volks in discrediet was . Dat de beweging in 1566 , die van Brederode en Jan van Marnix , eene doodgeborene was , dat schrijf ik vooral toe aan den invloed der beelstormerij op de gemoederen van hen",1,Y
"iij die alles loochenen i ' n de plaats van het bestaande willen stellen , loopt uit op phantastische woestheid . Bij hen die geen onderwijs hebben genoten , reiken schurkachtigheid en ruwheid elkander de hand ; bij de onontwikkelde massa en de buitengewone dweepers uit de ontwikkelde standen vertoont zich volslagen barbaarschheid . Gedurig melden de Russische bladen , dat de brandstichtingen hand over hand toenemen , dat geheele plaatsen in de asch worden golegd . Geen wonder ,",1,Y
". . ' 3e perc . , BOUWLAND , groot 1 H . , 12 A . , 10 C . , op . . . . . De massa van perc . 1 en 2 . . De generale massa op . . . . De toeslag blijft bepaald op Donderdag den 22sten Februarij , ' s smorgen » ten 11 ure , ten huize van J . IT . THUIS te Zevenaar , en kunnen tot dien tijd",0,N
"te laten . Het breugt voor een oogenblik wel veel gereed geld iu de schatkist , maar laadt ook verplichtingen op den Staat , die hij iu den regel niet zal kuunen nakomen , daar juist dan de gelden iu massa zullen worden opgeeischt , wanueer hem zulks het minst gelegen komt , namelijk in tijden van crisis en politieke beroering . In Engeland , anders het laud , waar de Staat meer dan in eenig ander het onthoudingssysteem huldigt",0,N
"geijkt , en wij Hollanders deden weinig poging om daaraan uitbreiding te geven . Weilands woordenboek , Kramers Kunstwoordentolk , la Croix ' Meetkunst en oude geneeskundige werken vooral ( wier titel ik mij niet meer herinner ) werden bij massa ' s ingescheept en verkocht tegen een prijs , grenzende aan het dolzinnigo . Weilands woordenboek o . a . bragt som3 f 75 op . Maar tegenover zoo voordeeligen handel stond een leeljjke scnaduwzjjde . De uitvoer van",0,N
"het weefsel doorschouwen , de samenspanning van partij en orgaan ontdekken , de flauwe menigte loopt volgens den omstrikten leiband en acht zich reeds ontwikkeld en beschaafd , als zij het voorgespiegelde kan nabouwen . Wat wordt er van de massa eens volks , als het van de schoolbanken af de gewichtigste vraagstukken , de heiligste waarheden , de belangrijkste tijdperken der geschiedenis leert oplossen en waardeeren , zoo als die los en luchtig in een dagbladartikel worden behandeld 1",1,Y
"is overdekt . Alle planten zijn afgeknaagd en gedood . De graanprijzen stegen ten gevolge van dit onheil , van 80 kopeken tot 1 . 60 roebel per poed . Op den Poti - Tiflisspoorweg lagen sprinkhanen in zoo verbazende massa ' s , dat het verkeer op dien weg zeer werd belemmerd . Het aantal huisknechts te St . - Petersburg is , ingevolge de daartoe betrekkelijke voorschriften van Generaal Gourko , tot 51000 gestegen ! Het geregtsliof te",0,N
"plaats gehad . Een werkman , Lock genaamd , knecht bij den heer de Ronde , bezig zijnde de sneeuw van het dak der smederij weg te ruimen , had het ongeluk door een lichtraam , hetwelk hij door de massa sneeuw die er op lag niet zag , te vallen . Hij kwam in de smederij op een drijfas en een stuk ijzer ueer en was bijna op hetzelfde oogenblik een lijk . De ongelukkige laat eene vrouw en",0,N
"wordt bebaard , 2100 patronen gestolen , zonder dat men de """""""" a , iers heeft kunnen ontdekken . Geinige dagen geleden dreef in de havens en grachte Schiedam eene fabelachtige hoeveelheid visch . . P sommige plaatsen hoopte de massa zich op , zoodat ? Ü bij kavrevrachten moest worden weggehaald . ■ & erst kon men niet bevroeden wat hiervan de oorzaak kon zijn , maar later herinnerde men zich dat kort te voren duizende ponden brandersgist in",0,N
"sloopen waren , ging alles voortreffelijk , want zij vonden schier overal een hopeloozen toestand . En op het hanteeren van dommekracht en koevoet verstaan die hoeren zich bij uitstek . Maar sloopen gaat snel . En hoe groot de massa weg te ruimen verwulven en kasteelen dan ook was , eens kwam er toch een eind aan en toen s ' . oeg voor het liberalisme de ure om van eigen deugdelijkheid de proef te nemen . Toen moest",0,N
", met hoed en mantel om , gelijk zij van do reis was teruggekomen . Doch het mogt niet baten , om de menigte te doen verminderen ; integendeel , £ van uit alle aangrenzende straten kwam het volk in massa opzetten , zoodat de agenten van politie alsnu bepaaldelijk in """""""" last kregen om de zamenscholingen met geweld uiteen te drijven , hetgeen men trachtte te verijdelen . De politie behield de overhand , de Maartensbrug , de Servetsteeg",1,Y
"Kerst - feest - stilte is door geen ernstig politiek of diplomatiek feit gestoord en alles voorspelt , dat 1871 zachtkens zal ontslapen . Wij hopen het , ook al weten wij dat er in Europa > < ene ontzettende massa brandstof is opgehoopt , die ; loor eene enkele vonk , » toevallig """""""" ontstaan , in lichtelaaie vlam kan geraken . De berigten van den Prins van Wales blijven gunstig . De ziekte van den erfgenaam van Engelands",0,N
"worden . """""""" Mr . Brissot ontbeet zonder een woord te ^ ken ; daarop maakte hij vóór zich ruimty tafel , en uit zijn zak haalde hij eenig ^ ™ een zeepaardje zoo lang als een vingen eene wriemelende massa slijjf scharrelende pooten en staar „ Cancer pagurus ! Cirrijl rend , en presenteerde gej fellaken . „ De vruchtyj vandaag , """""""" ging hjj pus brevirostris , dat ik voer vjif „ Ja , Jéröme , """""""" antwoordde",0,N
"worden . De jaarlijks op een vasten tyd wederkeerende opening der Kamers laat het publiek ten minste even koud als de jaarlijksche opening van den jagttijd ; het moge een feestelijke dag wezen voor Kamerleden en jagers , voor de massa is het een dag gelijk de 364 overige dagen van het jaar , die voo . bijgaat , zonder iets opmerkelijks . Na ruim vijf en twintig j ; tren met de constitutionele regering vertrouwd te zijn geworden en",1,Y
"verdeeldheid te brengen en ons te ontmoedigen , maar die toeleg zal mislukken . » Wij zullen eendragtig blijven en zoo moed behouden . » Inmiddels hebben wij in het versterkte Parijs een Ifper gevormd , door verwarde en onervaren massa ' s krijgsvolk tot regelmatige corpsen te vereenigen , uit te rusten en te oefenen . » De nationale garde hebben wij tot vijfvoudige getalsterkte vermeerderd , en deze is weldra in staat hare actieve bataillons naar ' t",1,Y
"gebruik moet maken , om de waarheid te onderscheiden van de overdrijving , van den leugen ztlfs . """""""" Het ware eene al te diepe vernedering voor dien diepzinnigen denker , om zich op ééne lijn te plaatsen met de massa onontwikkelden , die zich geloovig bij den Bijbel neêrleggen . Maar V . heeft ook bewijzen voor zijne bewering ? De Bijbel , zoo zegt hij , vloeit over van ongerijmdheden , van tegenspraak , en daarenboven , de",1,Y
"kerkelijke zendirg daartoe hebben . Wij achten de energie der Westfaalsche Centrums - vereeniqingen er beittoe in staat , de moeilijke en gevaarlijke poging te wagen , maar die zonder twijfel uitvoerbaar en van hun standpunt gerechtvaardigd is , de massa des Katholieken volks in Westfalen op grond dier stelling tot een grooten schoolstrike te bewegen . jSchcobtraflen zouden legen » ulk een strike volstrekt zonder eenig gevolg blijven ; de agitatie onder de Katholieke bevolking , welke hij tengevolge",1,Y
"van dit spreekwoord hebben wij in den laatsten tijd maar al te dikwijls bewezen gezien in de menigvuldige aanklagten voor onze regtbank wegens diefstallen van artikelen van uitstallingen op stoepen . Het wordt den behoeftige zoo gemakkelijk gemaakt : een massa goederen van allerlei aard ligt op een stoep uitgestald , slechts gedeeltelijk of in het geheel niet bewaakt , en de huisvader denkt aan zijn hongerig gezin en steeit , of de snoeplustige knaap valt voor de verzoeking die",0,N
"slaperige apathie , van tijd tot tijd onderbroken door eene hartstochtelijke uitbarsting . Daarbuiten vindt men aan de eene zyde Bertani , die met zyte arbeiders aan de brug naar de Republiek bouwt , aan de andere zijde eene groote massa , die in onzekerheid schijnt gehouden te worden , maar slechts een wenk of eene gelegenheid afwacht , om tot eene beslissing te komen . Tien jaar van politieke centralisatie zyn voldoende geweest , om ons tot dit schoone",1,Y
"wij moeten , omdat wij er nooit antwoord op ontvangen hebben , de yraag herhalen : met welk regt matigen zich deze , eigenmagtig zich opwerpende , Vereenigingen van enkele kiezers het gezag aan , over de stemmen van de massa hunner medekiezers eene leiding , voogdij en directie uit te oefenen , volgens een programma dat door de massa der kiezers niet ontworpen en niet gehomologeerd is , ja zelfs niet door de meerderheid der tot ééne partij behoorende",1,Y
"tusschen sluis No . 4 en 5 . De eerste prijs werd daarbij behaald door L . de Koning , de tweede door W . Kremer en de premie door A . de Koning . Het gunstige weder lokte eene massa menschen naar de kampplaats .",1,Y
"beroep op het volk niet erkent . Een constitutioneel koning regeert met de constitutionele magten ; deze vertegenwoordigen het volk ; deze vormen voor den koning het volk en van eene wettig ingestelde magt een beroep te doen op de massa , mogen Napoleon III in praktijk brengen en de Tijd aanbevelen , koning Amadeus heeft den pligt der grondwettige vorsten beter begrepen . In de manége was gisteren een zeer talrijk en uitgelezen publiek bijeen , waaronder alle militaire",1,Y
"» de Spaansche Vloot """""""" te ' sGravesande en ten overstaan van den te ' s Gravesande residerenden Notaris R . W . A . H . Reynen , in het openbaar bij opbod en afslag en voor zooveel de massa ' s betreft bij inschrijving Verpachten : 1 ° . Ruim 319 hektaren Buitenland van den Buiten Oranjepolderen een gedeelte van den Haak en van het Buiten Nieuwland ter weerszijde van den Nieuwen Maasmond , om te hooijen ofte",0,N
"het Fransche hoofdkwartier , over het gevecht bij Weissenburg , luiden aldus : „ Drie regimenten van de divisie - Douay en eene brigade ligte ruiterij werden te Weissenburg door eene zeer aanzienlijke troepenmagt van den vijand aangevallen . In massa opgesteld in het bosch dat den Lauter omzoomt , hebben onze troepen gedurende onderscheidene uren aan de aanvallen van den vijand weerstand geboden ; daarna hebben zij zich teruggetrokken naar den bergpas Pigronnier , die de linie van Bitsch",1,Y
"zooals nog nimmer voorkwam """""""" , hij heeft namelijk een partij oude boeken op een veiling gekocht , en om die nu te sly ten , geeft hij er u als ge zóó of zóóveel voor geven wilt , een massa diverse schrijfbehoeften bij present . Hij is zoo bevreesd dat ge te laat zult komen met u """""""" * ve aanvraag om van dat koopje te profiteren , dat hij er zeer voorzigtig bij Z3t : Zoolang de voorraad",0,N
"genaamd , belend den heer Feith en van Leusen , kad . sectie G , no . 918 , groot 2 h . 25 a . 40 ca . Staande op ƒ4600 . Ten dage der veiling zullen de volgende massa ' s worden geformeerd : le massa , perceelen 1 ° . en 2 ° . , 2e massa , perceelen 1 ° . , 2 ° . en 3 ° . , 3e massa , perceelen 5a en",0,N
"Meters , die bereids over eene lengte van 700 Meters in uitdelving gebragt , overal edel , dat is ertsvoerend werden bevonden , met eene magtigheid van gemiddeld 1 Meter . De grootste diepte waarop tot nu toe de ertsvoerende massa werd onderzocht is 42 Meter en nam de edelheid der ertsen toe , naarmate men dieper kwam . Op geologische gronden kan voortzetting der ertsvoerende massa op veel grootere diepte bij steeds verbeterend ertsgehalte niet worden betwijfeld . De",0,N
"politieke gedragslijn die hij zou volgen uiteen . » Ik vertegenwoordig — zeide hij — de federale Republiek ( Republikeinsche Statenbond ) , maar daarbij tevens vooral de eenheid van het Vaderland . » De demagogie ( heerschappij van de massa ) veroordeel ik en ik roep alle liberalen op tot den strijd tegen de Carlisten . » Ik zal de krijgstucht en de militaire wetten gestreng handhaven , zonder wreedheid . """""""" Vervolgens maakte hij melding van andere hervormingen",1,Y
"de Geuzencocarde aangespeld te hebben , omhelsde hij den scholier op hartelijke wijze . En weder hief men den knaap in de hoogte , die nogmaals riep : leve de Geuzen ! een kreet , die door duizenden monden der massa herhaald werd . """""""" Men ziet , Nantje doet gelijk de koningen ! Hij nam misschien van zijne eigene borst de Geuzencocarde en bracht ze over op de borst van den jongen . . . Zoo nemen koningen het",1,Y
". Dientengevolge moet genoemde gouverneur , Sir BartleFrère , hem een ultimatum gezonden hebben , dat niet geschikt moet zijn om den Kaffer - koning handelbaarder te maken , zoodat de oorlog reeds voor onvermijdelijk gehouden wordt . De ontzettende massa ' s sneeuw , die in Frankrijk gevallen zijn , schijnen kalineerend op de gemoederen gewerkt te hebben . Althans na den vinnigen strijd van de vorige week , die over het » to be or not to be",0,N
"zoo lang gewenschte verbinding tot den bloei van het Noorden het hare bjj zal dragen . — De boerderijen hebban dit jaar een ruimen oogst geleverd . Schier zonder uitzondering stonden de veldvruchten prachtig en de weidelanden leverden eene ongekende massa gras en hooi . Het bljjkt hoe langer zoo meer , dat de pachters der hoeven zich niet over hunne vestiging alhier hebben te beklagen , zoodat bjj eene volgende gelegenheid hot getal der liefhebbers waarscbjjnljjk veel grooter zal",0,N
"een warm voorstander van de democratische denkbeelden is . Hij verdedigde het denkbeeld , dat alle burgers soldaten moesten zijn , en alle soldaten burgers , zoodat nimmer het leger een werktuig van dwingelandij zon kunnen worden . Bij de massa van het volk , dit lijdt echter geen twijfel , is Rousseau veel meer populair dan Voltaire en de herinnering aan de groote omwenteling en aan den invloed van het contrat social is daarvan grootendeels de oorzaak . ENGELAND",1,Y
", gelijk ze zijn zamengesteld , en ten leste de heerschende kaste zelve . Dit betoog van de Standaard komt tijdig genoeg om als nadere memorie van toelichting te dienen voor het adres tegen de onderwijswet . Men heeft de massa in beroering gebragt met de lens dat de bijbel in gevaar was , en nu er [ driemaal honderd duizend door die lens zijn misleid , gebruikt uien dit cijfer als wapen tegen de kieswet , de organieke wetten",1,Y
"wordt , gedeeltelijk vernietigd wordt , en dat deze vernietiging onmogelijk maakt het mengsel door zamenstelling op nieuw te bereiden ; 3 ° . dat sommige monsters metalliek ijzer bevatten , zoowel in legering als in vrijen staat in de massa aanwezig of ten minste in de buitenste laag ingedrongen , en dat de aanwezigheid van dit ijzer aan de grondstof den volstrekten waarborg ontneemt , dat de strepen , die de lengte van den meter moeten bepalen en het",0,N
". J ) e welvaart onder het Enropeesch publiek neemt eerder af dan toe , en het meerendeel vergenoegt zich met mindere kwaliteiten , liever dan iets koogere prijzen te besteden voor prima merken . Soerabaya 18 Junij . De massa ' s Boter , Vleeseh en Spek die het gouvernement in vendutie liet breagen waren overcompleet , als een gevolg der veel te groote inkeopen in Holland , het is ook mogelijk dat daaronder afgekeurde Boter voorkwam , in",0,N
"welk onderwerp door den heer Haitink werd ingeleid door eene mededeeling over den aard en den stand der statistieke en militaire opmetingen , die in de laatste jaren hebben plaats gehad . Volgens spreker kunnen de opmetingen der gronden in massa , zooals nu geschiedt , wel strekken tot verhooging der opbrengst van de landrente en eene betere regeling der heerendiensten , maar volgens hem moet een meer perceelsgewijze opmeting tot een grooter doel leiden : verbetering van het belastingstelsel",0,N
", in de nabijheid van Brookville , een hevige prairiebrand binnen weinige uren een landstreek verwoest van 26 mijlen lang en 6 mijlen breed . De aangerichte schade moet zeer groot zijn . Twee menschen zijn verbrand en eene groote massa vee , huizen schuren en akkers zijn een prooi der vlammen geworden , Slechts met zeer groote moeite heeft men het vuur van het stadje zelf kunnen weren .",0,N
"afzonderlijk ; b . de eerste en tweede Koopen in Massa ; c . de eerste en derde Koopen in Massa ; d . de tweede en vierde Koopen in Massa ; e . de derde en vierde Koopen in Massa , en ƒ . de vier Koopen in Massa . 5 ° . Een drie jaren geleden meerendeels vernieuwd en zeer goed onderhouden tot Tapperij ingerigt Huis , gemerkt C . 200 , met Erf , in de lange",0,N
"jeen even goed succes moge hebben . Naar het ons voorkomt , worden door dat bestuur alle middelen in het werk gesteld , om dien optogt zoo luisterrijk mogelijk te doen zijn , opdat Assen met deze feestelijkheid tegenover de massa vreemdelingen een goed figuur make . Krachtige steun van de ingezetenen blijft daarbij echter hoogst wenschelijk . Wij vleijen ons evenwel , dat ook deze oproeping van het bestuur niet te vergeefs zal zijn . Wij vernemen , dat",1,Y
", ontleend de Jav . Cour . de volgende berigten : Nadat men tot 13 augustus zonder tijdingen gebleven was uit de in verzet zijnde landstreek , werd op dien datum vernomen , dat zich in de kampong Rimboen eene massa volk verzameld had . Aanvankelijk geloofde men , dat zich daaronder ook Bergbataks bevonden , doch bij de terugkomst , den volgenden dag , van datoe Setia Radja , die door Sapoeloh kota tot digt bij Tanda - Benoea",1,Y
"het familievertrek te Panmure gedeponeerd . De kist mag niet geopend worden vdór het jaar 1990 . Uit het noorden berigt men , dat in de Poolzeeën door de hevige warmte groote doorbraken hebben plaats gehad in de ijs - massa ' s zoodat er , naar men verzekert , zware en aanhoudende regens verwacht kunnen worden . De Atlantische Oceaan is op het oogenblik reeds opgevuld met ontzaggelijke ijsbanken en drijvende ijsbergen van zeer grooten omvang , die het",0,N
"heinde en ver aangekomen , om van dien zeldzamen arbeid getuigen te zijn . Nadat een uur te voren ongeveer 60 centners tin in het smeltsel waren gestort , werden de kranen geopend en met volle kracht stroomde de gloeijende massa in den vorm . Eensklaps hoorde men een knal , waarbij het uitstroomende gas de bovenste deklaag ter hoogte van een huis naar boven slingerde . De aanwezigen en ook de directeur stonden verschrikt , en naar het zich",0,N
"geheel van elkander los te maken , neen , van het standpunt van den staat wordt daar een scheiding ondoenlijk en onwenschelijk geacht . Bedenen daarvoor zijn : ten eerste de invloed , die een bepaalde kerkelijke richting op de massa uitoefent , waardoor de politiek en het geheele wezen van dan staat aangegrepen kan worden , en voorts de invloed die een krachtig centraal bewind , welks bevelen door millioenen worden opgevolgd , op den staat kan uitoefenen .",1,Y
"en boschgronden , gelegen in Lenthe , gemeente Dalfsen , gedeeltelijk bij en op kleinen afstand van het kanaal van Zwolle naar Almelo , bij de Kluinhaarsbrug , te zamen groot ruim 47 hectares , in de navolgende perceelen en massa ' s : 1 . Het BOERENERF van ouds / / Slendebroek """""""" genaamd , bewoond door BAARSLAG , bestaande in een huis met daar onmiddellijk aangelegen groote schuur of potstal met varkenschotten , en een daarbij staanden kleinen",0,N
", wordt deze gansche streek overstroomd en daarmede tevens een groot deel der weelderigs gewassen vernield , die zich hier , op vruchtbaren bodem en bij eene tropische hitte , in ongeloofelijk korten tijd hebben ontwikkeld , doch nu bij massa ' s aan verrotting zijn prijs gegeven . Het behoeft naauwelijks gezegd , dat onder zulke omstandigheden de delta van den Ganges tot de meest ongezonde landstreken der wereld moet worden gerekend , en de cholera hier haar regt",0,N
"van ieder bedrijf bijzondere gelegenheid aanbiedt . 2 ° Een HUIS en ERE , waarin smederij , met WEILAND , staande en liggende aan den Kloosterdijk , gemeente Ambt Ommen , groot ruim 5 aren . Alles in pereeelen en massa ' s . Aanwijzing te bekomen van het perceel sub 1 bij den bewoner D . R . VAN TJRK , en van dat sub 2 bij den bewoner Smid MEINDERINK .",0,N
"zoo in hevigheid toenau , dat in een oogenblik andere perceelen werden aanfetast , de kerkkamer der Herv . gemeente , de school , beievens een achttal huizen zijn geheel in de asch gelegd ; vee , inboedels en een massa materialen van de nabij lij ' ie groote timmerwerven zijn een prooi der vlamm - geworden . De Amsterdamsclie brandweer , wier hulp we d ingeroepen , kwam omstreeks half zes uur roet dj stoomspuit Jan van der Heyde",0,N
"tweeden prijs behaald heeft ; het was een schoons roodbonte jonge stier . — ? De restauratie aan de R . K . kerk heeft een begin van uitvoering gekregen ; de steigerhouten zijn gezet en de aanvoer van een massa steen heeft plaats Men maakt ook een begin met het bouwen van den stoom - graan - en schorsmolen van den heer C . Roosen , zoodat er ia de gemeente een groote bedrijvigheid heerscht . HERPT . De",0,N
"land ligt de sneeuw hier en daar een halve voet hoog , maar het is toch niet zoo erg als in het buitenland . De . sneltrein van Keulen naar Berlijn werd vrijdag tussehen Hannover en Maagdenburg opgehouden door de massa sneeuw ; hetzelfde komt voor in Engeland . terwijl in sommige deelen van Frankrijk - iet verkeer ten gevolge van de sneeuw zoodanig is gestremd , dat de boeren de marktplaatsen niet kunnen bezoeken . De wijnoogst , zoowel",0,N
". — Aan het Vad . wordt gemeld , dat de heer Scholten uit Groningen en kapitalisten uit Deventer belangrijke hoeveelheden Drentsch veen hebben aangekocht , waarvan men veel vertier durft verwachten . Nog worden onderhandelingen gevoerd , die groote massa ' s veen in andere handen kunnen doen overgaan . — Op de uitgeschreven prijsvraag voor eene handelsbeurs te Leeuwarden zijn 13 plannen ingekomen , en door burgemeester en wethouders tot leden der commissie van beoordeeling benoemd de heeren",0,N
"trilogie uitspreken , gewijd aan de """""""" Vlaamscho vrouwen , mannen en jonkheid . — Men meldt uit Utrecht : Door verschillende kooplieden en commissionairs alhier worden in den omtrek dezer gemeente de appelen , peren en pruimen bij groote massa ' s opgekocht , appelen f $ , peren f 3 en pruimen f 6 het mud , ter verzending naar Engeland . Dagel """""""" ks ziet men schepen vertrekken , die van hier met deze producten , gepakt",0,N
"denken , kunnen zich niet voorstellen dat er zijn , die op vrijheid van geweten prijs stellen en verlangen anders te denken dan zóó als de Koning verordent . Maar aan de andere zijdo staat er eene niet minder talrijke massa , die geenerlei begrip heeft van een gevestigden Staat en voor wie hot woord vrijheid niet anders beteekent dan de onbeperkte magt om te doen en te laten wat zij wil . In den aanvang der revolutie was het",1,Y
"Creuzot van gisteren avond meldt dat reeds een groot aantal werklieden den arbeid hervat hebben , maar dat voortdurend door proclamatien , door uitdeeling van geld , en door het verspreiden van oproerige Parysche bladen pogingen gedaan worden om do massa der werklieden tot volharden in do werkstaking op te zetten . De procureur - generaal was te Creuzot aangekomen , waar thans 35 ' 0 man troepen vereenigd zijn ; er hadden echter nog geene inhechtenisnemingen plaats gehad .",1,Y
", geheel van Steen opgetrokken en met Pannen gedekt , voor ruim 2 jaar nieuw gebouwd , met MOESTUIN , BOOMGAARD , BOUWGROND , LANEN , BOSCH en HEIDE . Te veilen in perceelen , ondermassa ' s en generale massa . Dagelijks te bezigtigen , mits zich vervoegende bij den bewoner en aanwijzer de Heer RIJSWIJK , terwijl Vrijdag en Zaturdag voor den inzet en toeslag de machine zal werken . Nadere inlichtingen geeft voornoemde Notaris , zoomede de",0,N
"al belangrijke aanhalingen ran uit Engeland aangebrachte manufacturen gedaan . Nu bestaat er eene resolutie , die den partieelen verkoop van dusdanige goederen verbiedtt ; eene verordening , die het den ambtenaren soms moeilijk maakt , het aangehaalde , in massa , voor den gewenschten prijs van de hand te zetten . Men heeft er echter iets op uitgevonden , waardoor het doel toch kan worden bereikt . Een winkelier 11I . koopt quasi al de goederen ; bij laat",0,N
"product tegenwoordig zoo goed is , dat ervaren handelaars in echte boter het nauwelijks nog als namaaksel kunnen herkennen . Volgens hetzelfde blad legt men zich nu in Amerika ook toe op het fabriekmatig vervaardigen van kunstkaas , waarvan ongehoorde massa ' s voor Frankrijk , Duitschland en — Holland verscheept worden . De Dictionaire de la üonservation geeft een lijst van de talrijke geschriften van Jakob Böhme , den bekenden Duitschen philosoof - schoenmaker . Tot verwondering van velen",0,N
"een haar gekrenkt . Het fort antwoord een uur later , — want zulk oorlogstuig is niet zoo makkelijk te behandelen als een revolver , — met een schot uit geljjk stuk . De aarde dreunt . De ongehoorde ijzeren massa , die uitgebraakt wordt , moet het gansche schip in ééne seconde vernietigen , maar — het procjectiel gaat drie centimeter te veel links . Geen splinter vliegt van het schip , geen man aan boord wordt gedeerd .",0,N
"dat zij van de godsdienstoefeningen derzulken ver verwijderd blijven , van hen niet de HH . Sacramenten ontvangen , en zich zoodoende voorzichtig van den omgang en het verkeer met hen onthouden , opdat niet het kwade zuurdeeg de goede massa bederve . — In deze bedruktheden heeft uwe onverschrokkenheid en standvastigheid , welke inderdaad , Eerbiedwaardige Broeders , de overige geestelijkheid en de geloovigen met elkander in het aanvaarden van den hevigen strijd hebben nagevolgd , Onze smarten veizacht",2,A
"lijken en verminkten maakt . Is dat Christendom ? is dat beschaving ? is dat de negentiende eeuw ? Men sticht weldadigheidsgonootschappen en < ihilantropische instellingen , men heeft vereenigingen tot bescherming van dieren en — men voert menschen in massa ter slachtbank 1 Voor iedere regeering is een gewapende macht , overeenkomende met den politieken toestand en met de geographische ligging van het land , onmisbaar : het zou misdadig en zinneloos zijn die af te schaffen , maar",1,Y
"HOOI - en WEIDELANDEN , aan de Bisschopswetering en aan de Boschjessteeg onder IJsselmuiden en Zwollerkerspel , te zamen groot ruim 26 Bunders , thans nog in pacht bij KORNELIS BUIJERT ; te veilen in vijf perceelen en daarna in massa ' s . 2 . Een aanzienlijk ISOERE1I - ERF , bestaande in HUIS , twee SCHUREN , twee HOOIBERGEN en BOOMGAARD , aan de Bisschopswetering in Mastenbroek , benevens HOOI - en WEIDELAND KN onder IJsselmuiden en Zwollerkerspel",0,N
"beginsel heette te vertegenwoordigen dat hij niet as toegedaan , zou zijne betrekking nederleggen . Met eene vergadering echter is het anders gesteld ; de gemeenschappelijke verantwoordelijkheid is oorzaak ' dat ook hier de individuele leden zich verschuilen achter de massa en de gemeenschappelijke fout de individuele fout absorbeert . De Nationale Vergadering verzet zich dan ook op allerlei wijzen tegen eene aftreding in den vorm van eene ontbinding . Een natuurlijk gevolg hiervan is , dat het volk de",1,Y
"allen en alles , waarvan het gevolg is dat by velen de practijk te laat wordt aangepakt om te slagen . Moet de leerling student en daarna geleerde worden , dan is het systeem grootendeels verdedigbaar , maar voor de massa is — en gelukkig voor het Vaderland — de handel , het fabriekswezen , een handwerk enz . de toekomst . Die vakken kunnen vroeg by de hand worden genomen , gepaard met lessen uit datgene , wat tot",1,Y
"maar zij zullen ons gezag niet erkennen en meester blijven in de rest van het land . De Britsche administratie , omringd door bajonetten , moge hardnekkig volhouden , dat Transvaal een bezitting der Britsche kroon is , de groote massa der bevolking zal volhouden , dat het een onafhankelijke Republiek is , dat zij der Koningin niet tot gehoorzaamheid verpligt is , dat de annexatie door bedrog en geweld is volvoerd en dat zij , wat er ook moge",1,Y
"Kunst van costumeren , grimeren en maskeren . 4 . Volledige opvoeringen . * Krimpenerwaard , 1 oct . Gisteren namiddag heerschte in deze streek , omstreeks l 1 / * uur , een hevige stormwind , bijkans orkaan . Massa ' s wilgen en andere boomen werden langs de wegen uit den grond gerukt of afgebroken : schoorsteenen en pannen waaiden in grooten getale af ; bruggen werden op enkele plaatsen van de leuningen beroofd , enz . Naar",0,N
"trein met gevangenen stil , die geëscorteerd werd door een achttal Pruisische soldaten . Men wist dat er verscheidene ingezetenen van Sédan , waaronder van de beste familiën , onder het aantal gevangenen waren en de bewoners waren derhalve in massa bij het station vergaderd om hunnen medeburgers verkwikking en lafenis aan te bieden . Doch het escorte weigerde iemand toe te laten en de ingezetenen mogten niet eens de zelfvoldoening smaken hunnen ongelukkigen vrienden de hand te drukken .",1,Y
". van Angelbeek en B . Oudenaarden naar Baarlo , J . L . C . van de Pas naar Grathem , L . M . Paro en H . J . Maas naar Weert , F . H . Massa naar Schinnen ; « aar Venlo : A . P . H . de Koe , van Nederweert ; F . W . Charles , van Heel ; H . II . F . Gerard van Tegeleu ; L",0,N
"een luchtballon . Het bevat eene dépêche van Gambetta , waarin bevestigd wordt , dat generaal Ducrot den 19den des morgens eene verkenning heeft gedaan tot vóór Villejuif ; dat na een levendig gevecht de troepen zich voor de ontzaggelijke massa der vijanden hadden moeten terugtrekken naar de redoute Chatillon en vervolgens naar het fort Vanvres . Een dagorder van Trochu zegt , dat onze artillerie aan den vijand groote verliezen heeft berokkend ; hij keurt verder het gedrag af",1,Y
"gebracht worden . Hoe schaars het goud over de aarde verspreid is , blijkt wel uit de berekening — men zie het jongste nommer van het Album der Natuur — dat de geheele voorraad van dit metaal , tot één massa bijeengebracht , slechts een klomp zou vormen van 8 meter lengte , 5 meter breedte en even zoo / eel meter dikte . Terwijl het meeste goud in kloven , gangen en aderen der vaste aardkorst verscholen ligt ,",0,N
"# Het volk , welks uitstekende mannen zelfs niet vrij zijn van het denkbeeld , dat de / / groote natie """""""" de besch ; ving verdedigt en in die taak slagen moet ; het volk , bij welks onwetende massa de ijdele waan van Frankrijks onverwinnelijkheid en van deszelfs bijzondere eer en regten tegenover andere volken door burgerlijke en kerkelijke overheden gevoed en aangekweekt werd , is maar al te ligt omtrent de ware gesteldheid van zaken te misleiden",1,Y
"afwachting dat ook die op bieren en azijnen afgeschaft zal worden ; eindelijk zal misschien ook nog deze rijkelui ' s - belasting op eene eerste levensbehoefte , die ( volgens de Tweede Kamer ) geene levensbehoefte » voor de massa """""""" is , de accijns op het geslagt , verdwijnen . En dit oogenblik kiest Multapatior voor zijne beweging tot afschaffing eener directe belasting , die een dertigtal tonnen gouds opbrengt ! Is het denkelijk , dat deze beweging",1,Y
"tc richten . Het is om duizelig te worden ! Overigens is het smachtend warm . Toch krioelt het in de straten van volk ; duizenden vreemdelingen bevinden zich reeds in de stad en gedurig blijven de verschillende treinen er massa ' s aanbrengen . Men zou zeggen dat de heele wereld de ; . e feesten wil bijwonen , en men begint te vreezen dat de stad te klein zal zijn en men weldra m de straten niet meer",1,Y
"der Internationale is een geest van strijd en haat ; haar grondslag is het atheïsmus en het communismus ; haar doel is de vernietiging van het kapitaal en van deszelfs bezitters : haar werktuig is de redelooze kracht der groote massa , die alles moet verpletteren wat tracht zich te verzetten . » Dat is het programma hetwelk door de opperhoofden met schaamtelooze driestheid aan hunne volgelingen is voorgeslagen ; zij hebben het openlijk in hunne congressen gepredikt , in",1,Y
"uitsluitend echter van schutterij , priesters en marechaussées . Daarna de optogt door Wijck naar Maastricht . Een lieve wandeling — indien het niet zoo stofferig ware geweest . De bevolking van Maastricht liet zich niet onbetuigd . Eene kolossale massa volk was er op de been en toonde hare belangstelling door het dragen van insignes van vereenigingen en het vertoonen van banieren en leuzen van dito , waaronder opmerkelijk was het naamplaatje , anders kan ik het moeijelijk noemen",1,Y
"te Groningen op den brauil hoorn geblazen , terwijl bijna terzelfder tijd ook de brandklok luidde en door de politieagenten het gewone brandsignaal niet hunne schelklinkende trompetjes in de verschillende straten werd gegeven . Tengevolge daarvan was spoedig een groote massa mrnschen op de been . Ieder vroeg waar de brand was , doch niemand kon daarop met zekerheid antwoorden , lntusschen rukte de brandweer met de spuiten en aanjagers uit naar het noorden der gemeente , daar het gerucht",1,Y
"van fransche bodems mogten zijn , zal deze maatregel eerst ovar vier weken in werking treden . Als de oorzaak der militaire maatregelen in Belgie noemt thans een gerucht het plan van de fransche krijgsgevangenen in Duitschland , om in massa te ontsnappen en zich op belgisch grondgebied te vereenigen . Daar zouden zij zich van wapens voorzien , en een inval in Frankrijk doen . Het engelsche gouvernement zou Belgie gewaarschuwd hebben . De twee groote engelsche tijdschriften ,",1,Y
", en onmiddellijk ontstond er eene verschrikkelijke verwarring . De menigte poogde in allerijl uit de kerk te vluchtten ; men schreeuwde : „ de kerk valt in ! de kerk brandt ! """""""" enz . Het volk kwam in massa de gaanderij afgestormd , terwijl men o . a . stoelen en offerblokken omverwierp , om maar spoedig op de open straat te zijn ; iedereen was diep aangedaan van schrik en angst ; eenige vrouwen vielen in onmacht",1,Y
"ongeveer tweehonderd man . De aanval werd gemakkelijk afgeslagen , met een verhes bij den tijand van 25 dooden , terwijl aan onze zijde Mts 3 ligt gekwetst werden . De onderwerping ' leef nog ontbreken , al schijnt de massa van het wik het vechten moede . Het logies voor de ichtevbhjvende magt is bijkans voltooid . De hoofdaagt zal einde van april of begin van mei op Java zijn . * Vonnissen uitgesproken door het Kantongeregt te Arnhem",1,Y
"afvaartsgeld zouden hebben , ofschoon , in het belang der Maatschappij , dit afvaartsgeld niet hooger zou moeten zijn , dan op andere kanalen geheven wordt . Maar al bleef de Hoogeveensche vaart het eenige kanaal , dat de groote massa veen uit de Barger marke moest afvoeren , dan nog zou het , onzes inziens , zeer in het belang der Maatschappij zjjn , haar kanaal zoo goed mogelijk te maken , en dit reeds dadelijk als beginsel aan",0,N
"en de weg van zijne woning naar de kerk was met groen en guirlandes versierd . De kerk zelve zag er van binnen allerbekoorlijkst uit . Des morgens werd daar , in tegenwoordigheid van 38 geestelijken van elders en eene massa toehoorders , door den HEerw . grijsaard een plegtige mis gel > z » n , waarna pastoor Nieuwenhuys een sierlijke rede hield , en de plegtigheid met het zingen van een Te Deum , van Haydu , werd",1,Y
"z ^ jn . Ia de Kölnische Zeitung vindt men de volgende correspondentie , gedateerd Van den Beneden - Rijn , 2 Aug . """""""" : sla de Waal hebben zich tijdens den jmgstea langdurigea hoogen waterstand weder zulke groote massa ' s zand opeengehoopt , dat men , wanneer er niet in tijds maatregelen worden genomen , weder te vreezen heeft voor d - mzelf ien treurigea toesta ? , d als ia het vorig najaar . Tot ons",0,N
"die wel door liet publiek gebruikt werden maar privaatregtelijk eigendom vau den eigenaar van het buitengoed warén ; hij had dus het regt die wegen voortdurend af te sluiten . Het was bij den verkoop , die in perceelen en massa plaats had , naar het scheen in het belang van de Gemeentenaren , dat hij in perceelen geschiedde , waardoor de koopers dier perceelen , behoefte aan uitweg hebbende , ons eene communicatie door ïde Pasch """""""" verzekerden .",0,N
"Wageningen , bij Inzet en Toeslag , zonder beraad , veilen en verkoopen : Een HUIS , SCHUUR , ERF en TUIN , benevens vijf WONINGEN , te . Wageningen en OudWageningen , groot 7 Aren 20 Centiaren ; in Massa en 2 perceelen . Breeder bij billetten omschreven . Nader onderricht ten kantore van voorn . Notarissen . Te Huur of te Sloop tegen Februarij : Twee soliede net gebouwde HUIZEN , ingerigt voor Boven en Onder te verhuren",0,N
"pokken , waarvoor de vroegere eeuwen sidderden , is voor de meesten onzer overlevering geworden ; wij zijn zorgeloos geworden en niet langer van het groote nut der inenting overtuig ' ! . ! v g - o < ite massa zal zulks echter waarschijnlijk bl i eo , totdat eene algemeene verspreiding Hier ziek ; en de daarmede gepaard gaande sterfte het nut iasrvan op eene smartelijke wijze zal hebben 4ang < oc < i Tot de afneming de",1,Y
"door het dankbare vaderland aan zijne groote mannen gewijd , """""""" loopt groot gevaar . Parijs is voortdurend in een dikken damp gehuld , en de stank van den petroleum wordt ondragelijk ; het midden der stad is eene verwarde massa ; alleen uit de forten en van het Observatoire kan men nu en dan iets onderscheiden , en hetgeen dan met den teleskoop wordt waargenomen is allerverschrikkelijkst . De straten der hoofdstad zijn geverwd met burgerbloed en bezaaid met",2,A
"plaats , finaal verkoopen : Een heerenhnis ( zijnde de voormalige pastorie der Hervormde gemeente te Goor ) met circa 1 hectare TUIN , alles staande en gelegen in de onmiddelijke nabijheid der stad . Te veilen in perceelen en massa . De Notaris verstrekt inlichtingen !",0,N
", wordt gemeld : „ Aan de koperfabriek van de heeren Krepel alhier , waaraan tevens een zaagmolen door water gedreven verbonden is , wordt een aanzienlijke partij elzenboomen uit het Beekbergerwoud aangevoerd . Naar men verneemt , zullen die massa boomen aan dunne planken worden gezaagd , bestemd voor de vervaardiging van sigarenkistjes . Tevens verneemt men , dat men hier in het Beekberger woud druk bezig is met het zaaijen van tarwe en rogge . Ongeveer 50 bunders",0,N
"het meerendeel kleine burgers en boeren zijn , die van regeren en staatkunde toch geen verstand hebben en zich laten leiden door landheeren , pastoors , dominéé , burgemeesters enz . enz . , in één woord , aan deze massa onzelfstandige en onoordeelkundige lieden , de bevoegdheid om een oordeel over de al of niet geschiktheid voor het lidmaatschap van dit hooge staatscollegie , de Tweede . Kamer der Staten - Generaal , onvoorbereid uit te spreken , en",1,Y
"Amsterdam , wenachen — blijkens een ingezonden stuk in het Haagsche Dól . — de vereerders zijner nagedachtenis hem daarin te volgen . Zij zouden daarom gaarne vernemen , hoe van dien schijnbaar onbeduidenden afval , maar welke , in massa verzameld , een niet onbeduidende waarde heeft , hier te lande , tot een soortgelijk nuttig doel , het best partij zou kunnen worden getrokken . ZWOLLE , 30 October . — Het provinciaal gerechtshof in Overijssel veroordeelde heden",0,N
"cacao af tot het vouwen en inpakken toe . Het sorteeren , roosten , kneuzen , wegen , malen geschiedt met uitmuntend onderhouden werktuigen . Volgens de Gazette des Bouches du Rhóne wordt Frankrijk dit jaar op nieuw door eene massa sprinkhanen bedreigd . In sommige gedeelten van la Camargue , vooral in dat der Saintes Maries , heeft men reeds een aanzienlijk getal eieren ontdekt , die , zoo ze uitkomen , een ware ramp voor het land dreigen",0,N
"dat men , op enkele uitzonderingen na , in die salons niet kan gaan zitten en , gezellig pratende of lezende , iets gebruikt , maar daar de dranken staande weg verzwolgen worden , ziet men in den regel eene massa dronken lui en het is niets buitengewoons , op het midden van den dag een heer , met een mooijen hoed op en glacéhandschoenen aan , te zien zeilen van den eenen kant van het troittoir naar den anderen",1,Y
"om tot Stal en Koetshuis te worden ingerigt . 4 ° . Een stuk Gronds aan de Walstraat naast het 3de perceel gelegen en geschikt om te worden bebouwd . De voorschreven perceelen zullen zoowel ieder afzonderlijk als in verschillende massa ' s , bij biljetten op te geven , alsook in generale massa geveild worden . De te veilen goederen , aan of zeer nabjj elkander liggende , bieden , zoo door hunne ligging , als door hunne uitgebreidheid",0,N
", en dat na den oogst de oorlogsvlam telkens weer opflikkerde . Ook te Atchin houdt de vgaud slechts het minimum strijdkrachten op de been , niet meer dan noodig is om zich in zijn positie te haodhaveu ; de massa plant rgst . Zij , die bet veld bonden , stellen zich niet noodeloos bloot aan den regen ; de inlander trotseert even ongaarne den regen als de Europeaan , ja zelfs nog minder . Htj weet dat zyn",1,Y
"Aren / 98 Centiaren BOÜW - * STEIL AND , zeer gunstig gelegen ' onder Stratum , neven den Provincialen vyfg naar Nuenen en Oemert en bij de eersteiSrug over het Eindhovensch Kanaal , in 8 B ^ oopen en Massa ' s , allen bijzonder geschjSt voor Bouwplaatsen en het daarstellen van Fabrieken en Bleekerijen . Het plan der Goederen en de titels van eigendonr liggen ter inzage ten kantore van genoenraen Notaris , die ook verlangde inlichtingen geeft",0,N
"gevoelde zich als het ware gedwongen den Donderdag in Oostburg te blijven doorbrengen . Geheel de stad had een feestelijk aanzien ; uit schier alle huizen wapperde de vaderlandsche driekleur , elkeen was in zijn Zondagspakje gestoken , en een massa hoeden waren uit den somberen schuilhoek van grootvaders eeuwenoud kabinet gehaald , om , verlost van het dwangbuis der kartonnen doos , de feestelijkheid met hunne eerbiedwaardige gestalte te verhoogen . En te recht ; want J . F",0,N
"- vrouwen hebben de gewoonte aangenomen blootshoofds te gaan en zich buitenshuis te dekken met een stroohoed , waarom een sierlijk lintje . Die stroohoeden , ook voor mannen en kinderen noodig , zijn in Suriname te koop , bij massa voor 40 cents het stuk , en behoeven dus niet van hier te worden medegenomen . Tot berging van de uitrusting zullen , naar de sterkte der gezinnen , een of meer kisten noodig wezen , die , omdat",0,N
"eersten aanstaande , des voormiddags ten elf ure , in het locaal van liet Departement van Marine te ' sGravenhage , onder nadere goedkeuring , bij inschrijving , en in het bijzijn van Gegadigden die zulks mogten verlangen , in massa zal worden Aanbesteed : het maken en stellen van twee IJzeren Lichtopstanden met Koperen Lantaarn voor oeverlichten bij Stavenisse en het Goessehe Sas ; alles met den aankleve van dien . Bestek met Teekening en Algemeene Voorwaarden , waarnaar",0,N
"den Grindweg te Lemele , bestaande in bouwiliaiiswoilïilg """""""" en verdere getimmerten , bouw - , wei - 9 Iiooi - , vee » """""""" en heidegronden , te zamen groot 75 hectaren , te veilen in zoodanige perceelen en massa ' s , als door den eigenaar en bewoner worden aangewezen . 2 """""""" . Een AEBEIDEESWONING of KEUTEEIJ , gelegen aan het kanaal , nabij de suikerfabriek te Lemele , met bijbelioorende circa twee bunder BOUW - ,",0,N
"eenvoudige scheraattdüjug met den linkervleugel van Ejoub - pacha en die geen uitkomst heeft opgeleverd . De Turken bezetten nog altijd de stellingen , welke Alexinatz bestrijken . » Een vreeselijke paniek heerscht te Kragujewatz . De bevolking komt in massa naar Belgrado met haar kostbaarheden . Twintig Russische officieren zgn reeds gedood . """""""" S E R V I E . Van » overwinningen """""""" is heden geen sprake meer bij de Serven . Indien zij dan ook later",1,Y
"over het dek heen en weder . Spoedig begon het schip , dat met een verbazende snelheid voortging , rond te draaien , van de een op de andere rots gsslingerd , totdat het eindelijk met de schuimende water - massa in de diepte verdween . ( Stoompost )",0,N
"Mussenberg , gelegen in de gemeente Arnhem , aan en ten noorden van den Klarendalsciien weg , grenzende ten westen aan het Noordpad en ten noorden en oosten aan het Landgoed Klarenbeek . Dit Bouwland met Landbouwerswoning zal zoowel in massa en ondermassa ' s als in de op bet terrein uitgebaakte en op de plattegrond - teesening aangeduide perceelen worden geveild . Nadere inlichtingen en plattegrcnd - teekeningen zjjn te bekomen ten kantore van voornoemden Notaris . Brieven franco",0,N
"doen , wanneer hij handelend optreedt , en dii inzet is niets minder dan zijn geheele toekomst . Van daar dat Gambetta ' s eigenbelang een gewichtige factor is in zijne opportuniteit « politiek , maar dit is voor de massa zijner volgelingen eene reden te meer om spoedig van hem afkeerig te worden ; immers is zy afkeerig van zyne politiek op zich zelve , zij is het nog meer , omdat zij weet dat Gambetta zijn belang zoekt",1,Y
"midden in de stad , zulke kolossale zwermen spreeuwen , dat men hun getal op vele duizenden stellen kan . Zware takken breken onder het gewicht . Als men er in schiet , vallen eenige tientallen , maar de zwarte massa blijft . Men heeft nu een bel in de boomen gehangen en door ' t voortdurend luiden gelukt het ze een weinig naar ander geboomte te verdrijven . Met kruiwagens vol wordt de mest vervoerd , van deze vogels",0,N
"zijn , als de staat er geen gebruik van maakt voor het postvervoer , dat dan geen enkel oogenblik zou vertraagd zijn ? """""""" — De verschillende ijsberigten van de groote rivieren komen alle daarin overeen , dat eene verbazende massa ijs de rivieren vult . Van Katend recht naar Botterdam en voor Nieuwersluis wordt de Maas zeer gemakkelijk gepasseerd , op verschillende plaatsen de Lek , tusschen Hardinxveld en Werkendam de Merwede en voor Maassluis het Scheur . De",0,N
"stellen . Informatiën ten kantore van voornoemden Notaris . alsmede van Affaire bied ik een op den besten stand gelegen groot en welingerigt HUIS , van ouds genaamd het Engelsch Koffijhuis , TE HUUR aan , overname met Augustus een massa Stoelen , Tafels , . Spiegels , Schilderijen , Glaswerk , eene goed loopende BILLARD met _ TOEBEHOOREN en eindelijk te veel om te noemen . J . THORN , Kruisstraat ' s Bosch . Prof . HOFFMAN '",0,N
"onmiddellijk aangifte te doen . Dezer dagen werd een schipper op de Zuiderzee door een grooten zwerm vliegen plotseling overvallen . Van vaartuig , zeilen en tuigage was bijna geen spoor te zien , alles was met eene zwarte gonzende massa overdekt . De opvarende ondervonden spoedig dat de gasten , wanneer zij met vereenigde krachten aanvielen , het den mensch lastig kunnen maken ; ten minste de bemanning was genoodzaakt zich beneden te verschuilen , om voor de stekende",0,N
"energie de geheime delegaat zijn ambt vervult . 1 ) Hier volgen de woorden der Encycliek : „ Des te minder zullen den geruchten üod die goddelooze menschen ontkomen ' enz . - „ opdat het zuurdeeg niet de geheele massa bederve . """""""" Oostenrijk . In een mandement van den bisschop van Przemyol in Gallicië tot zyne geioovigen , zegt hy o . a . het volgende : Weet gij niet hoeveel gevangenen en martelaren heden ten dage in",1,Y
"« fje """""""" ( Rukeiah Muchaberet . ) Ook zijn zij met het Perzische wapen ( een leeuw met de opgaande zon ) versierd . Tusschen Dux en Ossegy , in Bohemen , zijn een drietal mijnschachten door een groote massa warm water overstroomd . De beroemde gezondheids - warmwaterbron bij Dux wa * » edert ongeveer een half jaar opgedroogd . Men vermoedt nu , dat die watermassa • en uitweg gevonden heeft in de richting van de schachten",0,N
"t bizonder moeten toeleggen op de geschiedenis , de hoofdwetenschap der journalistiek , haar voornaamste gids in den doolhof van de gebeurtenissen van den dag , waarvan zij verplicht is de kroniek te leveren . De zwakke zijde van de massa dagbladschrijvers bestaat in hunne onbekendheid vooral met de geschiedenis , maar ook met vele andere zaken . Verslonden in hunne dagelijksche bezigheden en in de beschouwing van alle groote en kleine gebeurtenissen , hebben zij geen tijd om ernstigere",1,Y
— ' t was één uur des nachts — verhoogde nog ' t akelige van ' t tafereel . Spoedig was hulp aanwezig . Maar niet zoo spoedig ging ' t om de gekwetsten los te maken uit de verwarde massa hout en ijzer . De lijken der drie passagiers in den voorsten waggon waren onkenbaar ; nauwelijks vond men de menschelijke gedaante er in terug . He bekende Sir John Anson was onder de dooden . Een zekere heer,0,N
"aanmerkelijke stijging van den prijs van het hooi en den zeer levendigen handel in dit artikel , een zeer merkbaren invloed op deze verpachting uitoefenen zou , heeft zich bewaarheid , daar de uitkomst daarvan aantoonde dat , over de massa of gemiddeld gerekend , deze perceelen ruim - / s meer opbragten dan in 1876 . Van daar dat zich hier het zeldzaTue feit voordoet , dat de binnenvelds gelegen landerijen duurder in pacht zijn dan de uiterwaarden .",0,N
"zij zullen ons gezag niet erkennen en meester blijven in de rest van het land . De britsche administratie , omringd door bajonetten , moge hardnekkig volhouden , dat de Transvaal een bezitting der britsche kroon is , de groote massa der bevolking zal volhouden , dat het een onafhankelijke Republiek is , dat zij der koningin niet tot gehoorzaamheid verpligt • is , dat de annexatie door bedrog en geweld is volvoerd en dat zij , wat er ook",1,Y
". Maar de veldstukken vau de Turken werkten met buitengewone juistheid en begonnen enorm de gelederen der aanvallers te dunnen , die numeriek veel sterker waren dan de Turksche infanterie ; toen echter maakten de Russen een flankbeweging met een massa voetvolk , die stormenderhand de door de Turksche artillerie bezette hoogten aanviel . „ Een verwoed gevecht werd nu rondom de kanonnen geleverd , terwijl de Turksche infanterie , zich in ongeregelde carré ' s plaatsend , zich gereed",1,Y
"van da Putte Was en is evenmin de man der Leidsche opgeblazenheid . Hoe zou ' t anders kunnen ? Da radicaal , de democraat bezit , is hij ten minste in zijn rol , de eigenaardigheden van de groote massa , voor wier belangen hjj Ze gt op te treden . Hij heeft de openhartigheid , de rondheid de kortheid des volks , en zou ook zijne ruw » heid van taai hebben , hadde zyne beschaafde opvoeding zyte",1,Y
"Indep . Beige uit Bayonne meldt , begint het besluit van generaal Cabrera gunstige resultaten op te leveren . Een bataljon Guipuzcoanen , met zijne chefs , heeft zich te Orio met de Alfonsisten verbroederd . Men verwacht onderwerpingen in massa . In het centrum is alles gedesorganiseerd . Volgens Madridsche berichten , zijn de Carlisten uit Chelva verdreven . Betreffende de te Peters burg te houden conferentie over het recht der oorlogvoerenden , wordt van daar gemeld , dat",2,A
", ten half zes uren , kwam de heer J . de Booij , student aan de Pol . school , door de Nikkersteeg op de Korenmarkt , toen bij de brug , in de nabijheid dier steeg , een massa menschen aan den waterkant zag staan , die met stokken iets in het water schenen te zoeken . Op zijne vraag wat er gaande was , vernam hij , dat er een jongen in het water lag , die",1,Y
"wachten . Een telegram uit Brussel van Zondag _ meldt omtrent laatstgenoemde opene stad , dat zij krachtigen tegenstand biedt , dat de prefect zich zelf derwaarts begeven en de bevolking te wapen geroepen heeft ; dat deze daarop in massa is opgestaan , barricades heeft opgeworpen , en vijf uren lang gestreden heeft tegen de Pruissen , die gedwongen zijn geworden om af te trekken . De burgers hebben eenig verlies geleden en de prefect is gekwetst ; doch",1,Y
"hemzelvon , daar hij in den letterlijken zin een spreekwoord kon toepassen , dat ik hier wel niet woordelijk behoef in te voegen . Een ander geval liep minder gunstig af voor do betrokken personen . Drie jongelui kochten eene massa vuurwerk en reden naar buiten . Zij staken het af en offerden onder de hand goed aan Bacchus . Het vuurwerk afgestoken zijnde , gingen zij naar Nieuw - York terug om meer te koopen . Zij laden het",0,N
"Eene Stoommachine met staanden Ketel ( Looomobile ) , \ 2 l , p . k . e . Eenp Machine , om ijzeren koorden te vervaardigen , zeer geschikt tot het maken van gewone HennipkooWl . ƒ . irEene massa Poules van verschillende afretingen . fg . Eene massa BuizeÜ . voor gasleiding i \ n stoomverwarming ; voorlas ^ ele g oederen . geschikt voor eene Draadnagelfabriek eu hetgeen verder zal worden te berde gebracht . Dagelijks te",0,N
"had reeds vroeger elders verwoestingen aangeiïgt en wel in vrij wat erger graad . In Chiclana , Spanje , werden in ' t laatst der vorige maand door den storm meer dan veertig huizen geheel in puinhoopen veranderd en een massa andere zwaar beschadigd . Het kruis op den toren en een groote granietbol van een meter omtrek werden op grooten afstand weggeslingerd . Zwaar geladen wagens werden door den wind opgeligt enz . Naar wij met zekerheid vernemen ,",0,N
"op eene betreurenswaardige wijze ' t leven verloren . Bezig zijnde met zijn broeder eene kar leem te laden , onder de gemeente Bingelrade , stortte eensklaps de kuil in , met dat gevolg dat genoemde L . onder de massa ingestorte aarde werd bedolven . Zijn broeder , die zich met groote moeite redde , ging onmiddellijk met een toevallig voorbijkomend persoon aan ' t werk , doch toen zij hem uitgegraven hadden , was bij helaas ! reeds",0,N
"bieden . Het overrompelde vijandelijke bataillon is in een oogenblik verstrooid . Met een woedenden aanloop dringen de mobile gardes in Bagneux door en bemagtigen zij te Chatillon bijna zonder verlies twee barricades . Nu verschijnen op de hoogte Pruissische massa ' s , zich aan het vuur onzer artillerie en der forten blootstellende . Het doel der verkenning bereikt zijnde , werd bevel tot den terugtogt gegeven , die in goede orde uitgevoerd werd . De vijand heeft meer",1,Y
"om die vracht voort te trekken . Doch weldra werden alle spotters leelijk beschaamd gemaakt . Er kwam een straatlocomotief , die het huis met onderstel voorttrok of het een handkarretje geweest ware . De snelheid , waarmede die logge massa werd voortbewogen , was ongeveer gelijk aan die van een man , die redelijk doorstapt . De geheele tijd , die tot het verplaatsen van het huis noodig was geweest , bedroeg 3 / 4 uur , en alles",0,N
"66 Weefgetouwen , Harrissons en Piliings , met Boommachine , drijfwerk ; een HUIS met TUIN , een klein Huisje en eenig Land , alles in de onmiddellijke nabijheid van de rivier de Vecht te Dalfsen . Te Veilen in massa en perceelen , breeder bij Billetten omschreven .",0,N
": De amotie van de bestaande Houten Brug en het maken van eene NIEUWE BRUG , lang ongeveer 46 Meter , met Landhoofden , 5 Jukken en Walmuren , over den Ouden IJsssl te Doetinchem in twee pereeelen en in massa . De wijze van inschrijving en de tijd van aanwijzing zijn in het bestek vermeld . Bestek met teekening ligt ter inzage op voornoemd Raadhuis , en zijn te bekomen op franko aanvrage en betaling van een Gulden ,",0,N
"decoratie Aanschafte , om beurtelings te kunnen worden gedragen . Gedurende den grooten brand te Chicago smolten in een kagchelfabriek negen duizend kagchels in eenen hoop te zamen . Tot nog toe is men niet in staat geweest deze reusachtige massa uit een te breken . Evenals in Australië , wordt ook in Oost - Azië , bepaaldelijk in Japan , de opbrengst der steenkolenmijnen steeds belangrijker ; de kwaliteit der kulen wordt zeer geroemd . Een Italiaansch schip kocht",0,N
"eersten aanstaande , des voormiddags ten elf ure , inj het locaal van het Departement van Marine te ' sGravenhage , onder nadere goedkeuring , bij inschrijving , en in het bijzijn van Gegadigden die zulks mogten verlangen , m massa zal worden Aanbesteed : het maken en stellen van twee IJzeren Lichtopstanden met Koperen Lantaarn voor oeverlichten bij Stavenisse en het Goessche Sas ; alles met den aankleve van dien . Bestek met Teekening en Algemeene Voorwaarden , waarnaar",0,N
"slechte voeding tot ziekte gepraedisponeerd zijn ; alleen personen met stalen gestel ontkomen aan dit gevaar . Bijna iedereen voelt zich min of meor ziek en misselijk . Het stinkt overal in Bjela ; de lucht is bedorven door de massa vuil en rottende afval , en zelfs door tabak te rooken en „ brandy """""""" te drinken kan men de misselijkheid moeilijk verdrijven . """""""" — Een Poolsch blad klaagt , dat in Russisch Polen soldaten , die tien",0,N
"in de gemeente Arnhem , aan en ten noorden van den Klarendalschen weg , grenzende ten westen aan het Noordpad en ten noorden en oosten aan het Landgoed Klarenbeek . Dit Bouwland met Land bouwers woning zal zoo wel in massa en ondermassa ' s als in de op het terrein uitgebaakte en op de plattegrond - teesening aangeduide perceelen worden geveild . Nadere inlichtingen en plattegrond - teekeningen zjjn te bekomen ten kantore van voornoemden Notaris . Brieven franco",0,N
"helder . Hare pogingen , om de « werkende klasse """""""" in den strijd aan te voeren , onder eene Christelijke banier , zou er toe leiden , dat de socialistische partjj tot het besluit zal komen , om in massa de Evangelische Kerk te verlaten . Waarom heeft de Italiaansche hoogere geestelijkheid gebeden uitgeschreven voor de rust der ziel van Victoi ^ Emmanuel , van den man over wien den banvloek der Kerk was uitgesproken , van hem .",1,Y
"paarden en nette KOETSIEESWONING . TERREIN VAN VERMAAK , en eenen fraai aan ^ elegden BLOEMEN - en MOESTUIN , waarin een CHALET , voorzien van BILJARTZAAL , BADKAMEE en afzonderljjk STOOKVEETEEK voor warme baden . Deze goederen zullen in massa en in twee perceelen worden geveild : • , Het eerste perceel bestaat uit het Heerenhuis , Koetshuis met Stalling en Koetsierswoning en Tuin , ter gezamenlijke grootte van ongeveer 27 vierk . Eoeden 70 vierk . Ellen ;",0,N
"weken zijn bekend . En met de beurspaniek moest zich , dat was het beoogde plan der haute finance , welke in overeenstemming met het ministerie arbeidde , eene politieke paniek verbinden ; de bezittende middelstand moest in zijn breede massa ' s met schrik tegen het radicalisme vervuld worden en zich tengevolge daarvan nauwer om het ministerie scharen . „ Wie zoo iets voor eene regeering doen kan , kan het ook tegen eene regeering ; hij kan revolutiën",1,Y
"alleen aan de schuldeischers en dus ook aan de curators , als hunne vertegenwoordigers , de actie uit art . 777 W . v . K . toekomt ; dat er nu na de homologatie van het accoord geen failliete massa meer bestaat en dat de vernietiging der handeling alleen aan Reimann voordeel zou geven , hetgeen de wet niet wil , zoodat volgens pleiter de actie niet - ontvankelijk was geworden . Wat de zaak zelve betrof meende pleiter",2,A
"er vele in staande houding gevonden . Het waren blijkbaar ongelukkigen die door het instroomend water gesmoord werden , terwijl zij zich bij de uitgangen verdrongen om te ontsnappen . Terwiil men dan , luidens de jongste berichten , de massa aer lijken nog te wachten had , werd zooveel mogelijk spoed gemaakt met het begraven van de reeds ten toon gelegde . Van de 150 opgevischte dooden waren er Vrijdag pas een vijftigtal door hunne nabestaanden opgeëisoht . Ook",2,A
". De dag - van Sint - Jozef was te Rome , zegt de correspondent van de Temps , letterlijk aan Garibaldi gewijd . ( Men weet , hij heet Guiseppe of Jozef . ) De bevolking begaf zich in massa naar de villa Casalini , buiten de Porta Pia . » ïk zou niet durven zeggen , zoo luidt de correspondentie , hoeveel duizenden personen de straten , de wegen vulden . """""""" De nationale garde maakte en corps",1,Y
"Pruissen met steenkolen en bestemd naar Arnhem . Dat de activiteit der ambtenaren zich hierdoor buitengewoon doet kenmerken is overbodig te zoggen . Misschien dat door den controleur eerstdaags bevelen zullen worden gegeven om de grintaken , die hier in massa ' s passeren , van twee heeren ambtenaren - bewakers te voorzien . Gisteren is te Rotterdam de algomeene vergadering gehouden van do Maatschappij tot Nut van ' t Algemeen , onder voorzitterschap van den heer Joost van Vollenhoven",0,N
"nabijheid van Docknm is een jongen van 15 jaar , die aan toevallen leed , in het water gevallen en verdronken . Te Woenrade ( Limburg ) is een man van 72 jaren bij het uitgraven van leem onder een massa afvallende aarde bedolven en omgekomen . De Illuslration bevat het volgende : De heer Hilson heeft belangrijke bijzonderheden medegedeeld over de hoeveelheid suiker , die sommige planten bevatten en over de inzameling , die er door den honig voortbrengende",0,N
"De oproeping in massa , volgens oude gewoonte gedaan , heeft in Catalonië , Navarre en de baskische provinciën plaats gehad . Alle opgeroepen manschappen zijn toegesneld naar den standaard van het wettig koningschap . De vrijwilligers zijn tot bataljons geformeerd , die",1,Y
"BRINKMAN . Voor den Heer J . Baron SLOET : Een buitendijks gelegen stuk IIOOILAA ' D aan den Hasselterdijk , gemeente Zwoller kerspel , / / de Groene Maat """""""" , genaamd , in 3 perceeleu en daarna in massa . Aanwijzer J . H . v . d . VEGT . Een buitendijks gelegen stuk IBOOIÏjAÜR » / / de Groote Morgen in het Spiek """""""" , in Berkum , gemeente Zwollerkerspel , groot 1 bunder 70 vierk",0,N
"afkomstig stuk : De kanalisatie in Drenthe en Overijssel is een nieuw tijdperk ingetreden en het is Hannover of , laat ons liever zeggen Pruissen , dat daartoe den stoot gaf . Hannover heeft groote veenen , die eene ontzaggelijke massa turf bevatten , maar om die veenen te exploiteren en de turf op de markten te brengen , heeft men kanalen noodig . De natuurlijke weg dier kanalen is naar zee en alzoo heeft Pruissen noodig eene verbinding van",0,N
"van die van den landbouwer . Denkt de eerste aan vee , dan std ' hij het zich voor in de hoeveelheid , waarin hij het op d ® markten zijner woonplaats gezien heeft , en ongetwijfe ® zou die massa in eene waterleiding veel kwaad kunnen doen . Hoe doet zich echter deze overtreding in de werkelijkheid meestal voor ? Door verwaarloozing of verztu ® is een rikking gebroken en eene enkele koe drinkt ul ' de waterleiding of",0,N
"werken zullen dus uit de beurzen van de Engelsche belastingschuldigen bekostigd moeten worden . DUITSCHLANO . De trein , waarmede de Russische grootvorst - troonopvolger naar Berlgn gekomen is , is bijna een uur te laat aangekomen , wegens de massa sneeuw die zich langs de rails had opgehoopt . Te Berlijn ligt de sneeuw iu de straten en de tuinen een paar voeten hoog . BELGI E . De Précurseur verzekert nogmaals , thans ten derde male , dat",0,N
"daardoor alleen is de poging reeds wederlegd om uit het liberalismus het communalismus af te leiden . De liberalen willen de persoonlijke vrijheid ; de communalisten , door de Internationale toegejuicht , willen , dat het individu opgaat in de massa , die zij / / den Staat """""""" noemen . D & Arnh . C . wijdt een artikel aan hunne theorien , naar aanleiding van hetgeen gezegd is op de laatste wr lering der Internationale te Amsterdam .",1,Y
"te Venray , op verzoek van Martinus Pollard te Maasniel : Een groote partij Timmerhout , nieuwe en oude Planken , eiken Ribben en Balken , eene partij Ramen met deuren en glasramen , eene menigte zware opleggers en een massa Brandhout . ZEGi EET VOORT",0,N
"circa l 1 / , M . dik . Een kolossale steenhoop , die duizende guldens zal gekost hebben en dien men thans bezig is te sloopen . De aannemer Verbruggen heeft dan ook reeds begrepen dat er een groote massa steen aan heelen en halven , aan stukken en brokken voor den dag zal komen , waarvan ieder naar genoegen kan worden bediend . Hoogermnilde , 28 Febr . Een arbeider van den heer R . aan de Beilervaart",0,N
"deze week een zoo groote hoeveelheid haring in de haven van Waterford in Ierland gedreven , als men zich niet verbeelden kon . De visschen , die bij groote troepen aantogen , zwommen zoo digt aaneen dat zij een vereenigde massa schenen en de visschers wierpen hun netten slechts ten halve uit , vreezende dat zij anders scheuren zouden . Er werden allerlei vervoermiddelen uit den omtrek aangebragt om de haring weg te brengen en ' t ontbrak niet aan",0,N
"het vleesch bij beiden vindt men die zekerheid en die gevoeligheid niet , die eens meesters hand eigen zijn . De gele schijn der vleeschkleur is niet de volle , rijpe , doorwerkte toon van Titiaan , die een solide massa vormt . Hier is de toon veel schraler en er zit minder ligchaam onder . Geen meesterhand en meestergeest doet zich hier voelen . Het werk schijnt zelfs niet uit den tijd van Titiaan . Wat de twee Rembrandt",0,N
"oudsten zoon Tongkoe Sleman en zijne rijksgrooten vereenigd waren . Om eene met wit katoen gedekte vierkant tafel , namen we plaats . Gebruik makende van de stilte , die na de groote drukte volgde , ■ veroorzaakt door de massa menschen , die zich voor en om het huis bewoog , stond ik op en reikte met een korte toespraak , waarin ik de geschiedenis zijner onderwerping en zijne verpligtingen jegens het gouvernement herinnerde , de acte van erkenning",1,Y
"verkeer met omnibussen en fiacres was bijna , met trainways en vrachtwegens geheel onmogelijk . Een gansche dag werd besteed ; om de communicatie , althans in de meest bezochte straten , te herstellen en op verschillende plaatsen was de massa sneeuw tot heuvels van 4 tot G voet bijeengevoegd . Bij de belemmering van het verkeer in de stad kwam nog het wegblijven van spoortreinen en posten . Weenen verkeerde woensdag letterlijk door de sneeuw in een blokkadetoestand .",0,N
"- agenten wisten echter op een slimme manier de menigte te verspreiden . Terwijl de een vertelde dal de snoodaard zou aankomen met de Rhjjnspoor , verhaalde do ander dat hij aan de Hollandsche spoor werd opgewacht . In groote massa ' s stroomde de menigte naar het station , waar natuurlijk niets te zien was . Vrijdag middag is weêr eene groote menigte naar het station van de Rhijnspoor gegaan , maar — al weer zonder succes . ;",1,Y
"volgenden dag zou plaats hebben . In den nacht van 31 Maart op 1 April was er in de nabijheid van het raadhuis reeds een fraaije eerepoort met toepasselijke beelden en inscriptien versierd , opgerigt . Met ongeduld verwachtte de massa volks , die bij het in orde stel ' en der eerepoort aanwezig was , het uur van middernacht , en knalden er onmiddellijk honderden schoten , om den inwoners het aanbreken vin den zoolang verbeidden 1 April aan",1,Y
"arbeiders , en hoofdzakelijk ten gevolge van het slechte weder , slechts zeer langzaam vorderde . Men had eenige steunmuren opgerigt en ook reeds enkele rotsen , die dreigden het eerst af te rollen , verwijderd ; de daarachter opgestapelde massa ' s waren intussehen geheel onaangetast gebleven . Het buitengewoon natte weder der laatste weken scheen aanvankelijk geen bepaald ongunstigen invloed te hebben uitgeoefend . Pas twee dagen vóór de instorting was de gevaarlijkste rots door eene commissie van",0,N
"verdienen , wanneer dat daar verbrant ? Deze overweging verbant alle andere en onder het slaken van zijn gewonen potsierlijken en zeker in geene taal bekenden uitroep : » Jemis is aais ! """""""" snelt hij kloekmoedig op de vlammende massa in , werpt de brandende rietbossen links en regts , schopt en trapt als een bezetene , om den vuurgloed , die hem omringt , te dooven eD baalt waarlijk de vijf geladen geweren , waarvan de kolven reeds",0,N
"Pater Angelus Saviui , Vicaris Generaal der Carmeliten , goedgunstig aan alle geloovigen gedurende dit octaaf onder de gewone voorwaarden toegestaan heeft . Op den dag zelf hadden des voor - en namiddags plechtige diensten plaats , die door een massa volks zijn bijgewoond . Eigenlijk wordt de feestdag van den H . Andreas Corsini , die eerst als Carmeliet en later als Bisschop vau Fiesole in Toskane gearbeid heeft , door : geheel de kerk op den 4 n",1,Y
"Zwarte Zee . Vier jaren geleden vermoordden de Oostenrijkers en de Pruissen eikander in de bosschen van Bohemen en thans zou men vruchteloos naar eene groote wraakpartij in Oostenrijk zoeken . Er is een clubje nijdigen — maar de groote massa is zoo verzoeningsgezind mogelijk . Deze voorbeelden geven ons moed voor de toekomst . Als de wapenstilstand tusschen Frankrijk en Duitschland maar lang genoeg duurt , dan zal de veetegeest van zelf uitsterven . Tot zóóver deze zeer schoon",1,Y
"waarin de sporen van vleesch en vet worden aangetroffen ; het is thans wel : soupe maigre . Het middageten bestaat veelal uit een mengelmoes , waarvan aardappelen het hoofdbestanddeel is met eenige groente , die bijna niet in de massa der aardappelen is te herkennen en met wat vet gestoofd . Van vleesch is daarbij ook geen sprake , terwijl het op sommige plaatsen ingeslagen amerikaansche spek zeer walgelijk en slecht was . """""""" § De minister van Bianenlandsche",0,N
"en de attentie groeide toen hij eindelijk eene beschrijving gaf van den meer georganiseerden aanval , welke nu tegen dien veenkolossus wordt ondernomen . » ' t Is er nu om te doen , riep hij , om die ontzettende massa veen onder het zonlicht te brengen , tot turf te maken en te water naar noord en zuid , naar oost en west te brengen en van alle kanten schieten ondernemers toe , die eindelijk tot het begrip kwamen",0,N
"n een oordeel te vellen CBS een i n haar wezen hoogst eenvoudige zaak . ' t Is simpele quaestie , in welk verband b . v . de schooleeB staa t met de Grondwet ; die quaestie begrijpt de massa maar met haar gezond verstand kan zij wel ' irttén welk onderwas de jeugd behoeft : godsdientig 1 godsdienstloos . Kon zij daarin geen keus doen , dan wg ^ et er treu """""""" 8 u ' * met",1,Y
". Naar ' t schijnt , wordt een begin gemaakt met het oprichten van groote entrepots ; op het station is een nieuw spoor gelegd , waarnaast een reusachtige opgehoogde losplaats gemaakt wordt . Materieel voor schipbruggen wordt in groote massa met boerenwagens van daar en van Giurgevo in westelijke richting , namelijk hoofdzakelijk naar Simnilza , vervoerd . Te Giurgevo is een lange spocrwegtrein , uitsluitend met matrozen en marine - soldaten , aangekomen ; bovendien ook Russische garde",0,N
"kan men de warmte door meteoren ontwikkeld , bij hunne vereeniging mat de zon als bron van nieuwe warmte beschouwen , daar dan de massa beweging der meteoren in moleculaire beweging overgaat . Wanneer een hoeveelheid meteoren , waarvan de massa gelijk is aan die der aarde , uit verwijderde deelen van bet heelal aansnellende , met de zon vertenigd wordt , zal er een hoeveelheid warmte ontwikkeld worden , gelijk aan die , welke een bol steenkolen , 6000",0,N
"willen of niet mede doodgeslagen worden . » Het behoeft geen betoog """""""" , zeide onlangs de Middelburgsche Courant te regt , in haar artikel over den uitslag der verkiezingen , » dat , » bij zulk eene onthouding in massa , iedere gisssing naar de ware verhouding der partijen onjder de kiezers haren grond verlieet , en de proe „ ven van cijferkunst om te doen uitkomen hoeveel meer stemmen op de kandidaten der partij » dan op die",1,Y
"beëindigen . De arbeidende klasse wordt onder curatele gesteld van den Staat — dat is van alle klassen , en dit noemt het programma eene oplossing van de sociale quaestie , een voldoen aan de regtmatige eischen ook van de massa des volks ! Wij zijn overtuigd , dat de arbeiders in de eerste plaats weinig gediend zouden zijn met die opgedrongen vaderlijke zorg der Regering , maar de maatschappij nog veel minder , daar hierdoor op den Staat een",1,Y
"in de Köln . Zeit . het volgende krachtige en goedkoope middel aan tot desinfectie van privaten , urinoirs enz . Men neemt 100 gewigtsdeelfti gebrande kalk , besprenkelt die met zooveel water dat het eene korre ] vorm ige massa wordt . Nadat de kalk geheel is afgekoeld , neemt men 5 gewigtsdeelen carbolzuur , dat men er met een dunnen straal op laat loopen ; men mengt alles door elkander en zeeft het . Men wendt het middel",0,N
"taak der oppositie , en eene taak welke oppositien niet verzuimen te vervullen . Ten slotte komt hierbij nog iets , dat eene fataliteit voor meerderheden in de regering ' en een voordeel voor opponerende minderheden is . Onder de massa van het publiek bevindt zich een element dat op den duur noodlottig wordt voor dat waarmede het zich verbindt . Het zijn deze goede , gemoedelijke lieden , door aanleg , gestel of geastelijke onmagt , door instinct ,",1,Y
"aanstaande , des voormiddags ten elf ure , in het locaal van het Departement van Marine te ' s Gravenhage , onder nadere goedkeuring , bij inschrijving , en in bijzijn van gegadigden , die zulks mogten verlangen , in massa zal worden Aanbesteed : het bouwen en leveren van drie Loodskotters met beschieting en mastgestel , als één van 20 en twee van 16 meters . Bestekken met Teekeningen en Algemeene Voorwaarden , waarnaar de Aanbesteding zal geschieden ,",0,N
"dit horloge tweemaal gestolen was . Den oorspronkelijken dief was het door den leeglooper ontfutseld . Donderdag 11 . zijn in een aardappelmeelfabriek te Sappemeer , door het losspringen van het deksel van een aardappelketel , gevuld met een kokende massa , eene arbeidster en een arbeider ernstig aan hoofd en armen gebrand . Eerstgenoemde verkeert in hoogstbedenkelijken toestand . de Wijk , 2 Sept . Men verneemt , blijkens een heden ingekomene verklaring van den heer J . Coster",0,N
". En welke kan die uitkomst zijn ? Onder welke voorwaarden kunnen de gebeurtenissen , waarvan wij getuigen zijn , uitloopen op eene gelukkige herschepping der maatschappij ? Op voorwaarde dat de verblinden , die voor ' t oogenblik de massa vormen , welke men » de groote partij der orde """""""" noemt , de oogen zullen openen voor hetgeen helder is als het daglicht , te weten het verband dat er bestaat tusschen de vier krisissen , die wij",1,Y
"zullen zijn wakker , en minzaam gelaat niet meer aanschouwen """""""" , woorden vol teederheid uit eene andere correspondentie van onzen man . Daarentegen heeft de man gelijk , als hij beweert , dat » de zwarte ( ! ) massa ( zoo stil ) was als een rivier in den nacht """""""" en zij vreesde aden Koning in zyn laatsten slaap te storen . """""""" In onze nabijheid durfde zelfs niemand fluisteren , maar om den correspondent heen fluisterde",1,Y
"plaats gehad . Na den inzet werd naar ' s - Hage getelegrafeerd , of de toeslag kon doorgaan . Het schijnt , dat toestemmend is geantwoord , althans de toeslag en de toewijzing heeft plaats gehad ; kooper dier massa is Th . Kerkhof ! , mr . timmerman alhier , voor f 2000 . Het ingelegde protest tegen die verkooping blijkt bij de Regeering weinig te gelden . ( W . v . O . ) DEVENTER .",0,N
"als volgt : het le perceel ( Wjjk L . Nos . 395 en 396 ) op ƒ1777 ; het 2e perceel ( Wijk L . Nos . 407 , 408 ea 409 ) op / 2826 ; en de massa op ƒ 4602 ; en dat de toeslag bepaald bljjft op Dingsdag 23 December 1873 , des namiddaga ten ééne ure in de verkoopzaal van het Koffij huis de Harmonie te Arnhem . Terwijl inmiddels hoogen gosteld en inlichtingen",0,N
"DRUNEN 9 Sept . Zondag - namiddag , kwart over 5 uren , barstte alhier in het midden van het dorp een hevige brand uit . In een oogwenk stonden 3 perceelen in laaie vlam . Dadelijk was er een massa volk op de been en door de spoedige werking van 3 spuiten , waaronder ook die van Wolfshoek en Baardwijk , benevens buitengewonen ijver der brandweer en alle autoriteiten , die ook dadelijk aanwezig waren , gelukte het den",1,Y
"toen van lieverlede de massa ' s vijandelijk krijgsvolk grootelijks aangegroeid zijn , evenwel zonder het 2de legercorps in de noodzakelijkheid te brengen om terug te deinsen . Eerst tusschen zes en zeven ure des avonds , daar de vijandelijke massa ' s al digter en digter werden , zijn het 2de corps en de regementen , waardoor het wordt geschraagd , op de hoogten terug getrokken . De nacht is kalm geweest . Ik ga mij in het middenpunt",1,Y
"algemeen rustig de komst der Russen af . Da ellende onder de vlugtelingen is groot , en te Constantinopel weet men geen raad om hen onder dak te krijgen . De Porte heeft reeds maatregelen genomen om hen bjj groote massa ' s over den Bosporus te zetten , opdat zij in Azie hun heil zoeken . Djemil is met het Adrianopelsche garnizoen naar Buyuk - Tschekmedsche getrokken ; want de Porte moet besloten zjjn alle nog beschikbare strijdkrachten (",1,Y
"slijgt de vlam er uit en , als ' t ware > n een oogwenk , was ' t geheele voor hooi een prooi der vlammen . Ter voorkoming van verdere ongelukken hoeft men nog het geluk gehad den brandende massa ia een sloot te rijden , waardoor de wag ^ n voor ' t meerendeel nog goed is gebl » von . ' t Schijnt dat er vuur uit eea pijpje in ' t hooi bjj ' toi laden",0,N
"antwoord op een adres van gelukwensching den Keizer namens de Berlijnsche Universiteit door eene deputatie aangeboden , zeide hij o . a . zich gelukkig te achten , dat de aanslag slechts was uitgegaan van één bepaald persoon en de massa van het volk er geen deel aan had ; toch , meende hij , was het zaak er voor te zorgen , dat dit in de toekomst zoo bleef en de invloed van den godsdienst niet verloren ging .",1,Y
"echter vruchteloos want die vertrekken waren door staande en liggende balken , planken en andere voorwerpen gebarrikadeerd . Wie daar bedolven lagen , konden eerst later worden geholpen , ten ware zjj vóór dien tjjd , onder het gewigt dar massa verpletterd , een snellen dood hadden gevonden . Van boven moest dus de opruiming van hat gebouw worden aangevangen . Een paar uren later werden enkele personen te voorschijn gehaald ; zij waren derwijze verminkt , dat zg schier",0,N
"Parijs gedurende hét beleg dergelijke boter heeft gefabriceerd . Het voornaamste bestanddeel van het fabrikaat is Amerikaansche talk , die in ketels wordt gesmolten , door chemische praeparaten gezuiverd en vervolgens op ijzeren wagens in kanalen gevoerd waar de ziedende massa afkoelt en bestolt . De vaste massa wordt dan uitgestoken en door hydraulische persen van alle waterbestanddeelen ontdaan , nogmaals gesmolten en met gecondenceerde melk en kleurstof vermengd . Als het zoo toebereide mengsel nogmaals bekoeld en uitgeperst is",0,N
"zijn gift uit dit saldo beschikbaar en zal de gelden die binnen zekeren , bepaalden tijd niet zijn teruggehaald , aan de gezamenlijke armbesturen der verschillende gemeenten geven . — Men schrijft uit Rotterdam aan het Hand . : De massa ' i goederen die hier aankomen en door gebrek aan vervoermiddelen hier moeten verblijven , zijn zonder voorbeeld . Bij de Kijnspoor moet men weken vooraf schriftelijk aanvrage doen om ruimte , en het is dan nog bij uitzondering",0,N
"zij maar weder behoorlijk de kroeg weten te exploiteeren . Hij schrijft daarom : » Er behoeft slechts een afgerond , juist , klaar denkbeeld door de dorpen gefluisterd en verspreid te wor - l den , om in de massa ' s der kiezers op bet platteland een stroom van opinie te vestigen , die allen tegenstand overwint . » » Met een clericaal ministerie haalt men zic ' j een oorlog met Italië op den hals . Wilt",1,Y
"als groote koude veroorzaakt buitengewone sterfte — de eerste onder de jonge kinderen de andere onder de ouden van dagen . Hoe minder het klimaat in de verschillende seizoenen afwijkt van de gemiddelde temperatuur , des te beter voor de massa .",1,Y
"drijven , maar evenzeer tegen de revolutie , en daarom moet hij de bevolking langs de Rijnoevers , in Westphalen en Silezie ontzien . De ondervinding heeft geleerd , dat het onmogelijk is den invloed der geestelijken op de groote massa te verdringen en door pruissische ambtenaren te vervangen . Alleen de revolutie heeft het voordeel geoogst van Falks veldtogt tegen de katholieke Kerk . Het kosmopolitische socialisme en het brutale atheisme zijn teruggedrongen in de kringen , waaruit de",1,Y
"werden aangetroffen , die blijkbaar weinige oogenblikken vóór hunne redding waren gestikt . Een der bewoners en diens echtgenoot waren wel niet ongedeerd , maar toch levend onder het puin te voorschijn gehaald . Hoevele personen uog onder de ingestorte massa bedolven lagen , wist niemand met zekerheid op te geven ; de meest overdreven geruchten waren te dien aanzien in omloop . Gelukkig hebben deze zich niet bewaarheid , want zonder zware verwondingen te hebben bekomen , zijn de",0,N
"des voormiddags ten elf ure , in het locaal van het Departement van Marine te ' s Gravenhage , onder nadere goedkeuring , bij inschrijving , in het openbaar en in bijzijn der gegadigden die zulks mogten verlangen , in massa zal worden Aanbesteed : het gereed maken en leveren van het Hardsteenwerlc voor de fundering van den IJzeren Kustlichttoren op het eiland Edam ( Java - Zee ) . Bestek en Algemeene Voorwaarden , waarnaar die Aanbesteding zal geschieden",0,N
"een treurigen staat zich » de groote vijver """""""" bij de langdurige droogte vertoont . Bijna zonder water , vol takken , bladeren en onoogelijke waterplanten , waarin nog bovendien een doode hond ligt , vormt het geheel één rottende massa , die reeds op grooten afstand voor de reukorganen merkbaar en voor de trouwe bezoekers van dit schoon gedeelte van ons bosch zeer hinderlijk is . Hoe wenschelijk ware het , dat de vijver bij den lagen waterstand gereinigd",0,N
"Standaard kan er niets tegen Inbrengen , al heeft hij evenzeer gelijk als de ArnhemMhe . Het is gevaarlijk voor de zeden naakte figuren ten toon te stallen voor de volksmassa , maar het is evenzeer gevaarlijk den Bijbel de massa in handen te geven . Door wijlen mej . H . Jaspers is aan de RoomschKatholieke armen te Oosterhout vermaakt een legaat * an f1000 , benevens een perceel bouwland , geschat ° P f1750 , en den blooten",1,Y
"toekomst van Hoogeveen . Het is onze vaste overtuiging , dat , wanneer de Hoogeveensche vaart llink in orde is en in den regel genoegzame diepgang toelaat , daarlangs , al bestaan er ook andere afvoerkanalen , nog de grootste massa turf uit de veenen van Barge zal afgescheept worden , omdat de Hoog . vaart bet kortste vaarwater is uit de veenen naar de Zuiderzee en van daar naar Holland , Utrecht etc . De Hoogeveensche schipperij is aangewezen",0,N
"De straatvechters , de oproermakers , zij , die van een ellendig bestaan leven in de Orangerie , zijn schuldig . Maar indien zij schuldig zijn , hoeveel schuldiger zijn dan degenen , die er toe hebben medegewerkt om de massa ' s te bezielen met de denkbeelden van haat , wrok en nijd , die zoolang woelen tot zij zich eindelijk door de daad een uitweg banen . Twintig jaren bijkans heeft het tweede keizerrijk een ongehoorde weelde en",1,Y
"gelegen aan de Wooldstraat en Dingsteeg te Winterswijk , bevattende tet Huis Zeven KAMERS , KEUKEN , KELDER en verdere GEMAKKEN , te zamen groot 13 Roeden , 80 El , te veilen in massa en 2 perceelen : De massa is ingezet op ƒ6099 Perceel 1 . HUIS en TUIN op . . » 4860 » 2 . SCHUUR » 1508 Winterswijk heeft eene Rijks Hoogcre Burgerschool en is om zijne gezonde ligging zeer aan te bevelen .",0,N
"zoo verder waar het te verkoopene zich bevindt , publiek verkoopen VOOR AFBRAAK : I . De boerenwoning van het erve den Bouwmeester in de Voskuil te Wezep onder Oldebroek , te veilen eerst in 15 perceelen en daarna in massa . II . De boerenwoning van het erve de Gevelenburg bij Wezep onder Oldebroek , te veilen eerst in 18 perceelen en daarna in massa , en III . Twee schuren en een hooiberg , aanwezig op het erve",0,N
"zouden kunnen inruilen , des hetgeen wij van andere eigenschappen te hebben . Zoo missen wij ten eenemale vrolijkheid van Als iemand in Holland vrolijk is , houdt men voor dronken , zoo onwaarschijnlijk , ja ondenkbaar het aan de massa voor , dat men zonder kunstmatige miding , in opgewekte stemming kan verkeeren . Ernst alles overheerschende karaktertrek van de Nederlandnatie . Bezoek des Zondags avonds eene uitspanning , gegoede stand verpoozing zoekt . Men zal er vele ien",1,Y
", was voor 5 milliorn gulden te koop . De heer Wallner woonde do opstijging van Godard in den tuin van het Paleis voor Volksvlijt , bij en hij beklaagt zich niet ten onregte over het woest gedrang van de massa die buiten het Paleis verzameld was . l ) at de reputatie van de familie Botjes tot zelfs in Oostenrijks hoofdstad zou doordringen , liet zich kwalijk voorzien . Aan het verblijf van den heer Wallner in Nederland heeft",1,Y
"had en weinig vermoedde , wfjk lot aan de hoofdstad zou ten deel vallen , as gelukkiger geweest . Zijne woning in het quartier de 1 ' Opéra is door zijne vrienden terstond in bescherming genomen , ook tegen de massa , die bij het bombardement den linkeroever der Seine verliet , om zich in de wijken op den regteroever in de verlaten huizen te vestigen . Zijn atelier en apa . rtemonten zijn even goed beschermd gebleven of hij",1,Y
"op de buitenpolders aldaar . De burgemeester van Huissen , vergezeld door eenige schippers , heeft met een noodaak de naar de bovenverdieping of ' t dak gevluchte bewoners van levensmiddelen voorzien . Enkele woningen , waren verlaten en een massa vee was verdronken . De spoorweg tusschen Groningen en Hoogezand is door het hooge water en door den storm tijdelijk onbruikbaar . Tusschen Hoogezand en Nieuwe Schans wordt behalve voor goederentreinen de dienst geregeld onderhouden . Ten gevolge van",0,N
"bestaaude iu Huis en ver dere getimmerten , Tuin , Boomgaard , Bouw - Wei en Hooilanden , te zamen groot omstreeks 5 bunders 78 roeden , allergunstigst gelegen nabij het dorp Sevenum . Eerst in perceelen , daarna in massa . Bij genoemden NOTARIS is , op goed onderpand tegen matigen interest , GELD te bekomen . ZEGT HET VOORT .",0,N
"aanzien gekregen van een groot bassin met zeepsop . De drijvende olie , rood gekleurd door de meekrap en door de hitte tot blazen en bellen gevormd , ligt op het water , en een wit schuim omringt die gekleurde massa . De brand is dus beperkt tot eenige verdiepingen . Een groote hoeveelheid tabak is , hoewel zeer nat , behouden gebleven . De pakhuizen zijn gelegen weinige voetstappen van de plaats , waar eenige jaren geleden twee pakhuizen",0,N
". Al deze dieren , zoo nuttig voor den landbouw , zijn door den irrationelon vergiftigings - maatregel tegen de muizen verdelgd . Voor het overige heeft men hier ook thans weder ondervonden , dat alle kunstmiddelen om ongedierte in massa te verdelgen , geringe waarde hebben ; dat alleen de natuur , zoo als zij de overmatige vermenigvuldiging begunstigde , in staat is , het evenwigt te herstellen . Het zekerste middel , om onzen landbouw tegen het ongedierte",0,N
"natuurlijk ? Uwe goede bedoelingen , Diijne heeren ! neem ik aan , maar uwe middelen zjjn verderfelijk . Indien gij werkelijk zóó overtuigd zjjt , dat èn kormisvieren èn ' t gebruik van jenever daarbij demoraliserend werken op de massa , ga dan niet , misschien onder een glas wijn , bediscussiëren wat ge haar in plaats van een en ander als een cadeau in de hand zult stoppen ; dat is niet de regte weg . Met politie",1,Y
". Zetterlund heeft een proef genomen om uit houtzaagsel brandewijn te stoken . Hij nam daartoe 450 kilogram zaagsel van dennehout , 70 kilogram zoutzuur en 1600 kan water . Na 8 . 1 ' 2 uur kokens bevatte de massa 3 , 33 percent droivensuiker en na 11 uren 4 , 48 percent ; dit maakte 19 , 7 percent van het zaagsel uit . Na 96 uren was het mout uitgegist en er werd door distillatie 61 kan",0,N
"te doen ontstaan . » Het volk , welks uitstekende mannen zelfs niet vrij zijn van het denkbeeld dat de » groote natie """""""" de beschaving verdedigt en in die taak slagen moet ; het volk , bij welks onwetende massa de ijdelo waan van Frankrijks onverwinnelijkheid en van deszelfs bijzondere eer en regten tegenover andere volken door burgerlijke en kerkelijke overheden gevoed en aangekweekt werd , is maar al te ligt omtrent de ware gesteldheid van zaken te misleiden",1,Y
"- , wei - en hooiland , houtgewas en heide , gelegen in den Schoolhoek , het Oudleusener veld , den Oudleusener esch en den Leusener esch onder Dalfsen , groot 38 bunder 68 ellen , in zoodanige perceelen en massa ' s , als nad $ bij billetten zal worden omschreven . Informatien bii de Notarissen COOPS te Dalfsen en MULERT te Ommen .",0,N
"bevat vier benedenkamers , keuken , ruime kelders en zolders , best wel - en regenwater , en is bewoond geweest door Mej . J . M . van der MOOLEN . De perceelen zullen eerst afzonderlijk en daarna in massa worden geveild . Aanvaarding dadelijk . Te bezigtigen dagelijks des voormiddags van 16 — 3 uur , uitgezonderd des Zondags . Nadere informatien ten kantore van den Notaris .",0,N
", zaken , dat door de afschaffing van den accijns het vleesch zal komen op eenen normalen , uitsluitend door de conditiën van aanbod en navraag geregelden , prijs , en dat , door die afschaffing , het vleesch de massa des volks zal gebragt worden . Het eerste gevolg is een noodzakelijk , uit den aard der zaak voortvloeijend gevolg , dat , al vertoont het zich niut terstond , op den duur niet kan uitblijven ; het tweede",1,Y
"liberalen den uitslag , zooals gewoonlijk , aan de slechte opkomst der kiezers toe . Het pruissische kiesstelsel , dat deigetrapte of indirecte verkiezingen ( Bismarck noemde het vroeger het slechtst mogelijke ) is dan ook niet geschikt om de massa ' s op te winden . De wijze waarop het toegepast wordt , werkt daarenboven een goede opkomst niet bijzonder in de hand . De gang der verkiezingen is deze : De Ur witbier , die de Wahlmiinner moeten",1,Y
"uit de stad den bisschop zijn komen danken voor de verzorging en verpleging , die zij op zijn last genoten hadden , * * * Men schrijft aan den Echo du Luxembourg , dat in de omstreken van Sedan de massa lijken , die op eene zeer geringe diepte in de velden begraven liggen , ondanks de vorst , zeer benaauwde en schadelijke dampen beginnen te verspreiden . Er zou dan ook sprake van zijn de slagtoffers op nieuw en",0,N
"huizen van de 100 overeind . Te Molfe barstte even als te Iquique brand uit , die echter door het zeewater werd gebluscht . Dertig werklieden , die aan ' t ophalen van guano werkten , werden begraven onder de massa ' s dier stof , we ke van de bergen stortte . Te Chanavaya maakte de aardbeving kloven van 10 tot 12 meters ( liep , waarin 200 personen het leven verloren . Supe , Salaverry , Callao ,",0,N
"van y > de Sluis / straat """""""" onder Einpe . De veiling der Eiksnboomen zal in perceelen en twee massa ' s geschieden . De eerste massa zal de perc . 2 tot en met 6 en de tweede massa de perc . 7 tot en met 13 bevatten . De aanwijzing geschiedt door J . en W . BRINKMAN onder Empe .",0,N
"ua middernacht verbraken zij de telegraphische gemeenschap en werd alles vernield wat aan de spoorwegmaatschappij behoorde . Het Union - depöt en de in de nabijheid gelegen hotels en woningen werden verlaten , de aanvoerders hadden alle gezag over de massa verloren . Verder zijn de berichten uit Pittsburg verward en onzeker . Men zegt dat het den troepen gelukt is uit het locomotieven - gebouw te ontkomen en deze zich nu op een nabijgelegen kerkhof hebben bevestigd , waar",1,Y
"van het federaal paleis , zijn op klaarlichten dag ten 1 uur ' s middags een groot gedeelte der lijsten van de jongste volkstelling gestolen . Er zijn minstens 2 personen en een groote handwagen noodig geweest , om de massa papier die verdwenen is te vervoeren . Aan scheurpapier is ' t niet meer dan 20 fr . waard met byna zekere kans van ontdekking bij verkoop . Onderscheidene personen , ook ambtenaren , hebben het vervoeren van liet",0,N
"zou het vorstelijk echtpaar een serenade brengen ! Gehoord heb ik niet veel van de liederen , niettegenstaande al dringende en gedrongen wordende , mijn beenen op kleinen afstand van de verboden enceinte waren te regt gekomen : de ontzaggelijke massa volk maakte het door zijn schreeuwen en roepen onmogelijk veel meer dan de blaasinstrumenten te hooren . Het gezigt der honderden lampions , waarmede het korps gewapend was , toen het om half tien van het Beurtgebouw kwam en",1,Y
"aanraadt , die hij veroordeelt . Een treurig bericht is uit Napels gekomen ; er heeft na — - ^ é ' ouaïswu """""""" itóflasiswr ' aVftSvie """""""" uwlen Vèsuvius . Niet alleen hebben zich gevormd , die de gloeiende massa wijd en zijd verspreiden . De verwoesting moet verschrikkelijk zijn ; 60 menschen , die van Napels waren gekomen om het natuurverschijnsel van nabij te beschouwen , zijn omgekomen , terwijl het totaal van alle gedooden reeds op 200",0,N
"30 c . m . opgehoopt , dan houdt alle vaart natuurlijk op , om de eenvoudige reden , dat genoegzame kracht tot opbreken ontbreekt . Had de dooi aangehouden of de wind zich eenigszins gedraaid , en daardoor de massa ijs voor de Oranjesluizen zich verplaatst , dan had de boot a . s . Vrijdag als naar gewoonte des morgens weer van Amsterdam hare terugreis aanvaard . Later ontvingen wij het bericht , dat de boot door dertien",0,N
"de sporen van vleesch en vet worden aangetroffen ; het is thans wel ; soupe maigre . Het middageten bestaat veelal nit een mengelmoes , waarvan aardappelen het hoofdbestanddeel is , met eenige groente , die bijna niet in de massa der aardappelen is te herkennen en met wat vet gestoofd . Van vleesch is daarbij ook geen sprake , terwijl het op sommige plaatsen ingeslagen Amerikaansch spek zeer walgelijk en slecht was . """""""" — Men schrijft uit '",0,N
"de wind niet hevig ; de tuin is vrij groot , en er werden brandzeilen op de meest bedreigde daken gelegd ; men was dus eigenlijk reeds het grootste gevaar te boven , toen de fluit van de stoomspuit de massa water aankondigde , die weldra den vrij aanzienlijken vuurgloed zou overstelpen en de vlammen geheel zou beteugelen . Even 3 uur gaf de stoomspuit water ; ten half 4 was alle gevaar geweken . In ' t geheel hebben",0,N
"zelfontbranding bevordert , terwijl deze wordt tegengegaan door een langs de oppervlakte strijkenden luchtstroom . De reden hiervan is , dat door laatstgenoemden de zich ontwikkelende gassen door de luiken verwijderd worden ; terwijl een luchtstroom , die door de massa der lading heendringt , de ontwikkeling der gassen bevordert ; 5 . dat op langdurige zeereizen de temperatuur der lading steenkolen van tijd tot tijd door een thermometer gemeten en nauwkeurig opgeteekend moet worden , en eindelijk 6 .",0,N
"men er eerder aan denken de uitgestrektheid van het daaraan bestede land te verminderen en meer voederplanten te kweeken . Door dit middel kan men verscheidene doeleinden bereiken ; vooreerst , men vermeerdert de hoeveelheid van het vee en de massa van mest , en met een grootere hoeveelheid mest kan men meer graan en stroo op eene gelijke uitgestrektheid winnen . Vervolgens heeft men minder Tjouwkosten te dragen , dewijl de voederoogsten en het houden van het vee er",0,N
"onmogelijk dat nog meer wordt terug gevonden , daar de geheele weg nog niet is onderzocht . In de verlaten woning vond men alle mogelijke metselaars - en timmermansgereedschappen en al de ledige étuis der gestolen zaken . Aan die massa is duidelijk de groote omvang van den diefstal na te gaan . Bijna de geheele bevolking is bij de zaak betrokken , daar het de gewoonte was om bij de bekende onveiligheid , vooral van de lusthuizen der rijken",0,N
"heeft van twee slachters twee kalveren gekocht die aan een besmettelijke zi ' kte waren gestorven . Voor elk kalf liad hij 10 franken betaald , l iettegenstaande het vleesch reeds tot verrotting was overgegaan , had hij die bedorven massa toch gebezigd tot het bereiden van e » n gedeelte der spijzen , bij het feestmaal opgedischt . De bedoelde persoon en da beide slachters zijn in verzekerde bewaring genomen . Ond > - r de bevolking heerscht een",0,N
"ongeveer twee honderd man . De aanval werd gemakkelijk afgeslagen , met een verlies bij den vijand van 25 dooden , terwijl aan onze zijde slochts 8 ligt gekwetst werden . De onderwerping bleef nog ontbreken , al schijnt de massa van het volk het vechten moede . Het logies voor de achterblijvende magt is bijkans voltooid . De hoofdmagt zal einde van April of begin van Mei op Java zijn . Bij het Departement van Koloniën zijn per jongste",1,Y
"de Halve Maan """""""" van den Heer ENSINK . Boekjes , bevattende de voorwaarden , de beschrijving van de tollen en bruggen , tolhuizen en bijbehoorende gronden , alsmede eene beschrijving van de poldergaten , de laatste pachtprijzen en de massa ' s zijn voor tien cent verkrijgbaar bij de Ontvangers der Registratie en Domeinen te Almelo , Enschede , Goor , Steenwijk , Ommen en Zwolle , en , tegen vooruitbetaling van den prijs , bij elk ander Ontvanger",0,N
"waarvan het grootste gedeelte in korten tijd viel , is grootendeels door de riolen naar de grachten en singels afgevoerd . Geen wonder dat er hier en daar overstroomingen zijn voorgekomen , doordien de riolen niet in staat waren die massa te verzwelgen . Een kubieke regenbak van 46 Vn meter z ^ de zou juist voldoende zijn geweest om die watermassa te bevatten . __ ( U . D . ) Gisteren had te Utrecht op de Vischmarkt een",0,N
"hek van het tuintje aan het einde der Schlossfreiheit getild . Om zich een denkbeeld te maken van het ijsseljjke gevaar , waarin duvzenden verkeerden , bedenke mon slechts dat de gaslantaarns van de straatverlichting zjjn omgeduwd door de levende massa ' s , welke er tegen gedrongen werden ! Geneeskundige hulp was niet te verkregen . Na lang zoeken heeft men drie doctors en heelmeesters gevonden , die de eerste hulp hebben verleend . Dat geen voldoende maatregelen door",1,Y
"hulp was . De vice - voorzitter van het Haagsche Comité , dr . J . Bosscha Jr . , bood aan daarheen te vertrekken , om den toestand te onderzoeken , en berigtte ons , dat werkelijk bij de massa van gekwetsten , die aldaar werden verpleegd , ook bij de meeste inspanning nog hulp te kort kwam ; dat vooral geneeskundigen werden gevraagd , maar dat ook verbandmiddelen enz . hoogst welkom zouden zijn . Het Hoofd -",1,Y
"pijpen of tunnels , zoodat hier het spreekwoord waarheid wordt : nij is voor één gat niet te vangen . Die zulk een onderaardsch verblijf ma o binnentreden , vraagt al dadelijk : hoe heeft het echtelijk vossenpaar de verbazende massa zand uit die diepte gekregen , en waar heeft het die geborgen ? want werd zij in de onmiddellijke nabijheid van het hol opgehoopt , dan was het al heel spoedig in het oog gevallen en de schuilplaats ontdekt",0,N
"de heer dr . Meijerink . — De heer T . H . de Beer , benoemd tot leeraar aan de H . B . school te Amsterdam , werd Donderdag avond , als blijk van achting , door een massa jongelui ( leerlingen der H . B . S . ) van het station te Goes per rijtuig , nut door paarden , maar door hen zelve getrokken , afgehaald en onder luid gejubel naar zijn woning gebracht ,",1,Y
"van dit feest ontstaan voor het nederl . nationaal Zangersfeest , in augustus van dit jaar hier te houden . De vreemde Liedertafels zullen in de arnhemsche een goeden steun en in den directeur een feestdirecteur vinden , die de massa zal weten aan te vuren en te beheerschen . » Der Menschheit Wttrde ist in Eure Hand gegeben """""""" , zoo klonken uwe eerste feesttoonen , werkende leden van Euterpe ! Blijf in de herinnering daaraan aan uwe taak",1,Y
"met de daarboven liggende Kamers bevattende , door ruimte en goeden stand eene gunstige gelegenheid aanbiedt voor de uitoefening eener Handelszaak of ander bedrijf . Deze perceelen , nader bij biljetten omschreven , zullen zoowel ieder afzonderlijk als in verschillende Massa ' s geveild worden . Zij zijn van af Maandag 10 April dagelijks , behalve op Zon - en Feestdagen , van ' smiddags 12 tot 4 uur te bezigtigen . 2o . Ongeveer een Bunder beat BOUWLAND of",0,N
"generalen staf benoemen . De toestand van vorst Gortschakoff schijnt , volgens de laatste berichten , weder aanmerkelijk gunstiger te zijn . Te Rodosto — zoo seint men uit Konstantinopel aan de Polit . Corr . — worden thans groote massa ' s Russische troepen bijeengetrokken . Tusschen de opstandelingen in het Rhodope - gebergto en de Russen moet 22 dezer een ernstig treffen hebben plaats gehad . Tot leden van de Russisch - Turksche commissie voor het herstel der",1,Y
"— Men schrijft uit Aalsmeer : Een nieuwe vinding , voor landbouwers miss chien van groote waarde . De landbouwer v . A . , te Haarlemmermeer , heeft verleden jaar eenig land met kool beplant en daarvan een enorme massa ingemaakt om deze , zoo hij dacht , tegen hooge prijzen te verkoopen ; doch een zeer groote hoeveelheid zuurkool bleef onverkocht . Toen kwam hy op de gedachte om te zien of de koeien ook zuurkool zouden lusten",0,N
"eigenwijsheid , de eigenzinnigheid en de hebzucht van ettelijke honderden producenten in het klein overlaat . Een groote fabriek heeft eene reputatie op de markt op te houden , terwijl niemand er naar vraagt of weten kan wie in deze massa anonieme boteren kaasmakers de knoeijers en de vervalschers zijn . Het is genoeg te weten , dat de slechtst bereide en onduurzaamste boter de hollandsche boter is , en dit is ook genoeg om de hollandsche boter van de",1,Y
"Kamer , en de hoofdschuldige is dus de Tweede Kamer zelve , die dit uiterst onpraktisch Reglement van Orde vaststelde . Hetgeen reeds tallooze malen gebleken is blijkt ook nn weder . Één man te belasten met het opmaken van massa ' s verslagen is evenzeer het middel om nooit bijtijds gereed te komen , als het is wanneer men eene groote massa water dwingt te gaan door één naauw tuitje . Op 8 april komt de tweede editie van",0,N
"dat hem hedenavond van wege de Maatschappij tot Nut van ' t Algemeen ook de zilveren medaille van verdienste is overhandigd . Een gouden jubiló als onderwijzer te mogen vieren , zulk eene belangstelling te mogen ondervinden , zulk eene massa kostbare en fraaije cadeaux te mogen ontvangen en daarenboven twee zilveren medailles ! . . . Welk een voorregt ! ! Buinerveen , 10 Dec . Dat men met petroleum voorzigtig dient om te gaan , leert hier weder",0,N
"dit orgaan in de vergadering zouden zijn . De Univers ontkent dat zij zoo sterk zijn en voegt er bij dat zij volstrekt allen den heer Rouher niet volgen . In hunne vertwijfeling hebben de republikeinen er aan gedacht in massa de Kamer te verlaten , doch zij zijn van dit denkbeeld teruggekomen , eerstens omdat dit eene revolutie zou veroorzaken , die Mac Mahon de kracht heeft om te bedwingen , en ten tweede omdat zij overtuigd zijn dat",1,Y
", belend door eigendommen van de Heeren Baron tan PALLANDT tot EERDE Jonkheer SANDBERG van het LAAR , en de buurtschap BEERZE , te zamen groot ruim lOOO heetares * wordende geveild in 98 perceelen en onderdeelen , kolommen en massa . Ten tweeden : Een LAil ' DGO E f ) , gelegen aan den voet en helling der Lemelerberg , in Daim sholte , gemeente Ambt Ommen , in de nabijheid , der Overijsselsche beetwortel - suikerfabriek en",0,N
"des voormiddags te elf ure , in het gebouw Musis Sacrum , te Arnhem . BOEKJES , bevattende de voorwaarden , de beschrijving van de Tollen , Tolhuizen en bijbehoorende Gronden , de opbrengst over de laatste jaren en de massa ' s zijn voor tien eenten verkrijgbaar bij de Ontvangers deiRegistratie en Domeinen te Arnhem , Nijkerk , Apeldoorn , Eist , Nijmegen , Zevenaar , Zutphen , Lochem , Kuilenburg , Tiel en Zalt - Bommel , en",0,N
", de tweede machinist van ' t verongelukte schip , een Europ . matroos van de marine en eenige soldaten . De stoomboot scheen direct uit elkaar geslagen te zijn , want wij vonden aan ' t strand reeds een massa stukken van ' t wrak , die er waren aangespoeld . Door ' t scheepsvolk , dat toen aan ' t strand was , werd ' t hout verderop gebragt en maakten ae voor ons slaapplaatsen en schuttingen voor",0,N
"der Linker Rottekade ( Bestek n ° . 29 ) . Deze Aanbesteding zal geschieden , wat betreft Bestek n ° . 28 voor de drie perceelen afzonderlijk , bij inschrijving en opbod volgens § 433 , en voor de massa , zoomede voor Bestek n ° . 29 , bij enkele inschrijving , volgens § 434 der Algemeene Voorschriften . De Bestekken liggen ter lezing aan het gebouw van het Ministerie van Binnenlandsche Zaken , aan dat van het",0,N
"aldaar aan den Grindweg gelegen , bestaande in TUIN , BOOMGAARD , BOUW - en WEIDEGROND , geheel groot 15 Heet . , 28 Aren , 27 Cent . Zulks in 13 perceelen , 4 ondermassa ' s en Generale Massa . Op de Massa en ondermassa ' s zal alleen bij den toeslag worden geschreven zonder het regt van hoogen . De AFBRAAK bestaande uit de Ruine van het afgebrande Huis , de Loods en de Omheining , benevens",0,N
"zon , wachop de komst des keizers en vervolgens uren belast en beladen , door de stad rnarcheDadelijk bij de Brandenburger poort belt een onderofficier , die stierf voor men kon wegvoeren . Eene menigte anderen i in zwijm en massa ' s krijgers , die de zwaarste oeijeniasen doorstonden , moesten zich uit trein verwijderen ; en als de omstanders niet edijverd hadden om hen te helpen en te kwikken , dan was het zeker met velen slecht loopen",1,Y
"rapen , dien hij na gemaakt gebruik wegwerpt . Zijn gevolg daarentegen was met het verblijf in Rusland zeer ingenomen , maar zoo smerig , dat de kamers van het door hen bewoonde hotel een afschuwelijken stank verspreiden en een massa aether zullen behoeven , om die , na het vertrek der Perzen , weer voor anderen bewoonbaar te maken . Voor eenigen tijd was in de Times te lezen dat Paus Pius IX van den dag van zijne terugkomst",0,N
"publick verpachten t Voor don H . W . Geb . Heer Baron D ' YVOY VAN HOUTEN , BIK H : de Kromme heg , de Hooimate en de Groote Gravenslag , onder Angerlo , in pere . en massa ' s , zamen ongeveer groot 25 hectaren . Aanvaarding dadelijk . Aanwijzing bij KOBUS MEULENBEEK en nadere informatien bij den Heer B . BOUMAN aan de Gabenter bij Dieren te bekomen .",0,N
De Notaris TEDING VAN BERK HOUT te Ar dat de HOFSTEDE te Oc - ngezet en wel de massa van 1 en 2 op . > . . ƒ 4251 . — • u perceel 3 op . . ; » 1539 . — en dat het HUIS met ERF en TUIN te Velp is ingezet op »,0,N
"of hij sprong van de locomotief , snelde naar den chef en bracht zijn beklag in . Dadelijk werd de trein geremd en den razenden machinist gelast af te stijgen . Hij weigerde niet alleen , maar wierp zulk een massa steenkool in den vuurhaard , dat men voor barsting vreesde . » Gij wilt mij niet laten rijden ! """""""" brulde hij , » dat zullen wij eens zien ! """""""" Niet dan met behulp vau zes gendarmes gelukte",0,N
", zouden zij wel iets meer willen betalen . Hiertoe dienden echter de stoffen , bestemd bij gedeelten aan de leden verkocht te worden , onderzocht te zijn , hetgeen zoo groot bezwaar niet kan opleveren , daar uit de massa ' s in het magazijn opgeslagen , nu en dan een kleine hoeveelheid wordt onderzocht door een deskundige , met wien daartoe gecontracteerd is . Melk en brood , deze beide hoofdvoedsels , zouden , het ia waar ,",0,N
"nog veel meer konden doen , dan zjj deden ; maar dit geeft , dunkt mij , geen regt om te schrjjven : ïdat men meer te denken heeft aan de stem van eenige drijvers dan aan die van de massa van het volk . """""""" De groote geldelijke offers , welke jaarlijks voor het christelijk onderwijs in ons vaderland gebragt worden , leeren het ons anders . En hier ben ik zeker van dat , mogt de bedoelde school",1,Y
"ontwerpen leest , verkrijgt men den indruk , dat men het resultaat van eene reeks losse , invallende gedachten voor zich heeft . De argumenten die men , hier en daar , aantreft staan volstrekt niet in evenredigheid tot de massa der opinien zonder argumenten die men in zijne stukken aantreft . De quaestien worden gemeenlijk even aan de oppervlakte aangeraakt , maar niet gepeild en doorgrond . Gedachten van het oogenblik op het oogenblikneêrgeschreven , moeten veor redegeving en",0,N
"Rosendaal , waar hij zóó juist de rechte man bleek te zijn , door zijnen gepastéfA * ijver , door zijne zeldzame goederenkennis en ; ó | ) merkzaamheid , door zijne geschiktheid en hffmaniteit tegenover den handel en de massa ^ reizigers , dat in al dien tijd zijne verplaatsing van dien gewichligen post nimmer wenschelijk is ' geoordeeld . na Geen wonder dus dat vroegere en latere chefs , ambtgenooten en bizondere vrienden ' qnjler de ambtenaren den",1,Y
"helder . Hare pogingen , om de « werkende klasse """""""" in den strijd aan te voeren , onder eene Christelijke banier , zou er toe leiden , dat de socialistische partjj tot het besluit zal komen , om in massa de Evangelische Kerk te verlaten . Waarom heeft de Italiaansche hoogere geestelijkheid gebeden uitgeschreven voor de rust der ziel van Victoi ^ Emmanuel , van den man over wien den banvloek der Kerk was uitgesproken , van hem .",1,Y
"niet met zelve te demonstreren — zij noodigt de Catholieke ingezetenen van Weenen uit om in grooten getale aan de kerkplegtigheid deel te nemen . Onder voorwendsel van eene zielmis in de Dominikaner - kerk wordt dus eene demonstratie in massa tegen den te Weenen aanwezigen Koning Victor Emmanuel en tegen Italië beoogd . """""""" Volgens berigten uit Weenen van 17 Sept . heeft de Regering het aanplakken verboden der bovenvermelde oproeping van de » Aartsbroederschap des heiligen Aartsengels Michael",1,Y
"vijand uit de polders te keeren . • — Volgens een berigt uit Ter Apel , van den 26 dezer is dien nacht de dijk tusschen Pruissen en Ter Apel aan gene zijde doorstoken , zoodat het water in groote massa binnenstroomde . Dientengevolge klom de watervloed over Westerwolde tot zulk eene hoogte als in den regel ' s winters wordt waargenomen . — Onder Zuidwolde zijn , jl . vrijdag twee molens door den bliksem getrofi ' en .",0,N
"een der in de nabijheid gelegen Beiersch bierbrouwerijen was het brouwsel afgekeurd , en tot een hoeveelheid van ongeveer 300 ton moest het worden vernietigd . Het toeval nu wilde , dat de hoofdvijver was afgelaten , zoodat de bruine massa bier , zonder het minste water er bij , in den vijver van het kasteel liep . Eenige uren later wemelde het aan de oppervlakte vtn groote en kleine visschen , die de vreemdsoortigste kunsten uithaalden . Bij duizenden",0,N
"der verjaring van die instelling , eene redevoering waarin hij wees op de wenschelijkheid en mogelijkheid om zeevisch meer algemeen tot volksvoedsel te maken Waarom — vroeg hij — moeten o . a . kreeften en oesters een voor de massa onbereikbare lekkernij blijven , terwijl er niets gemakkelijker zou wezen dan die dieren in schier onbeperkte hoeveelheid aan te kweeken . Kunstmatige vischteelt had reeds den prijs van de zalm in Engeland tot 10 stuivers per Eng . pond",1,Y
"der Kamer zien . Zij geeft hare instructien aan de ministers , in welke zij slechts klerken op het expeditiekantoor der Kamer werkzaam erkent , gelijk zij zolve gehoorzaam de instructien opvolgt haar door hare patronen gegeven . Yan de massa der onbekwamen en der onzelfstandigen dus gaat eigenlijk het initiatief der Begering uit , en men begrijpt ligtelijk wat , onder zulk een initiatief , overblijft van de constitutionele en parlementaire regering , die juist het regeren aan de",1,Y
"er vele in staande houding gevonden . Het waren blijkbaar ongelukkigen die door het instroomend water gesmoord werden , terwijl zij zich bij de uitgangen verdrongen om te ontsnappen . Terwiil men dan , luidens de jongste berichten , de massa aer lijken nog te wachten had , werd zooveel mogelijk spoed gemaakt met het begraven van de reeds ten toon gelegde . Van de 150 opgevischte dooden waren er Vrijdag pas een vijftigtal door hunne nabestaanden opgeëisoht . Ook",2,A
"hooge mate door te zeggen , dat het een circassisch meisje was , » schoon ali de volle maan . """""""" Na heel veel dralen , werd ik eindelijk in de kamer gelaten , aan het uiteinde waarvan zich die massa van wit linnen bevond , welke eene costersche vrouw aanduidt ; zg werd verzocht haar gelaat te ontsluijeren , en toen zag ik dadelijk dat , ofschoon verre van mooi te zgn , volgens mijne opvatting van schoonheid ,",0,N
"der nat . vergadering , is een eerlijk en kundig man , maar hij bezit geen organiseerenden geest , geen administratieve kennis genoeg . Gambetta kan niet dan door eene omwenteling weder aan ' t hoofd komen . En de massa der landbewoners , die eerst legitimisten , orleanisten en konservatieven kozen omdat zij boven alles vredemannen wilde hebben , toont sinds den laatsten tijd , dat ze meer republiekeinsgezind is , nu de vrede bevestigd wordt . De politie",1,Y
"afwachting dat ook die op bieren en azijnen afgeschaft zal worden ; eindelijk zal misschien ook nog deze rijkelui ' s - belasting op eene eerste levensbehoefte , die ( volgens de Tweede Kamer ) geene levensbehoefte » voor de massa """""""" is , de accijns op het geslagt , verdwijnen . En dit oogenblik kiest Multapatior voor zijne beweging tot afschaffing eener directe belasting , die een dertigtal tonnen gouds opbrengt ! Is het denkelijk , dat deze beweging",1,Y
"in de uitvoering en de geringschatting der werking van den vorm ; wij bewonderen daarentegen in hem zekere genialiteit en koenheid in de voorstelling , de eenheid , die het geheele kunstgewrocht ademt en de harmonie , die uit de massa doorstraalt . . Hierdoor zal de eerste indruk van eenig werk van hom , niettegenstaande de verachting der kunstwetten ea de vele gebreken , die hem kenmerken , ontzag en bewondering voor dit talent verraden , dat eene andere",0,N
"geheel opnemen . Alleen vermelden wij , dat door den pleitbezorger van het arme dier den wensch wordt uitgesproken , dat van de overwinst der mestvaalt in d « eerste plaats iets mocht worden afgezonderd voor de opruiming van de massa ' s sneeuw , die de straten bijna onbegaanbaar maken , ' t Is zeker wenachelijk dat betreffende de reinigiag der straten maatregelen genomen worden .",0,N
"Werder was oorspronkelijk geen afzonderlijk corps , maar was achtereenvolgens gevormd door legerafdeelingen die uit alle landstreken van Duitschland , Baden , Wurtemberg , Westfalen , Holstein , enz . , waren bijeengebragt . Dit leger nu , waarin de massa van het volk het sterkst vertegenwoordigd wa » , heeft een bewonderenswaardig schouwspel van moed en volharding opgeleverd . Vier dagen achtereen hebben die krijgslieden niet alleen als helden gestreden , maar zij hebben ook meer honger en dorst",1,Y
", dat men er met eene dunne straal op laat loopen ; men mengt alles door elkander en zeeft het . Men wendt het middel aan door te strooijen of te vermengen . De ontsmetting volgt onmiddellijk . Voor eene massa van een kubiek voet , die men desinfecteren wil , zijn twee decagrammen van het poeder voldoende . In populaire brieven schrijft de D . Ct . over de drinkgelagen enz . : „ Reeds Griekenland en Rome kenden",0,N
"daarvan op 17 dezer plaats gehad hebbende le veiling zijn ingezet en verhoogd als volgt : en wel : a . De HEERENHUIZEN aan de Verlengde Rijnkade , le perceel op ƒ7125 . 2e perceel op f 7310 . De Massa op f 14522 . b . De HEERENHUIZEN in de Spijkerstraat , le perceel f 5950 , 2e perceel f 5350 . De Massa op f 11299 . De toeslag blijft bepaald op Maandag den 31 dezer , '",0,N
"militaire afdeeling en den geps . generaal - majoor van Dedem ; na afloop dezer pligtplecing begaf zich Hare Majesteit naar het voor Hare Hoogheid bestemde rijtuig en nam daarin plaats onder het aanhoudend gejuich der burgerij , die in massa was opgekomen om Hare Majesteit van hare belangstelling , gehechtheid en liefde blijken te geven ; de Koningin toonde zich dan ook zeer voldaan en groette iedereen op de haar zoo eigen bevallige en innemende wijze . Toen de",1,Y
"Montenegro bevat de Pesther Lloyd een belangwekkende correspondentie , waarin uit de feiten bewezen wordt van welken aard de overwinningen van de Montenegrijnen waren en wat er de gevolgen van zijn . Hij schrijft : „ Hoe Monteuegro van de massa lijkeu verlost zal wordeu die in de dalen en tusseheu de rotsen de lucht verpesten is een andere en zeer gewichtige vraag . Eeeds is de typhus in de bergen uitgebroken , waarschijnlijk niet alleen als een gevolg van",0,N
"geheel van elkander los te maken , neen , van het standpunt van den staat wordt daar een scheiding ondoenlijk en onwenschelijk geacht . Bedenen daarvoor zijn : ten eerste de invloed , die een bepaalde kerkelijke richting op de massa uitoefent , waardoor de politiek en het geheele wezen van dan staat aangegrepen kan worden , en voorts de invloed die een krachtig centraal bewind , welks bevelen door millioenen worden opgevolgd , op den staat kan uitoefenen .",1,Y
"te Lent , zonder beraad verkoopen : De HOFSTEDE de Lange Kamp te Lent , ingezet het eerste perceel met 100 hoogen op ƒ 5000 het tweede perceel met 100 hoogen op » 5000 Bij den toeslag wordt ook de massa aangeboden . Verhoogingen worden aangenomen en inlichtingen gegeven doorvoornoemden Notaris .",0,N
"heeft thans , even als vroeger die van het groothertogdom Saksen - Weimar besloten om de regeering te verzoeken , bij den bondsraad te Berlijn de noodige stappen tot het invoeren eener wet te doen , krachtens , welke de massa papieren geld der talryke particuliere banken en der kleine staten door rijkspapier zal worden vervangen . In de Thuringer staten is o . a . het papieren geld zoo overvloedig en tevens zoo beschadigd en bemorst , dat het",0,N
"zij hem daar aan een touw hangen . Door onmiddellijk ingeroepen hulp , is men er in geslaagd , hem in het leven te behouden . De brand in Heinekens brouwerij , te Rotterdam , is spoedig gebluscht . De massa ' s water hebben in sommige gedeelten van het gebouw nog al schade aangerigt , maar overigens hebben noch de toestellen , noch de kantoren der brouwerij iets geleden . """""""" Voor den wedstrijd Tony Bergmann , uitgeschreven door",0,N
"Perc . 2 . Het PAKHUIS , aan de Boterstraat , op ƒ 2700 . Perc . 3 . BOUWTERREIN , groot 28 * 2 Centiaren , aan de Boterstraat , op . . . . ƒ 800 . De Massa van 1 , 2 en 3 , op . . f 12089 . De toeslag blijft bepaald op Donderdag 18 Febr . a . s . , des namiddags ten 2 uur , kunnende inmiddels hoogingen worden gesteld en",0,N
"Brandbluschgereedschappen , Gereedschappen voor verschillende ambachten , Haren Buskruidkleeden , Koehaar , Paardenhaar , dito met Wol vermengd , Tonnen , Kistjes en onderscheidene andere Voorwerpen . De Verkooping geschiedt bij afzonderlijke kavels , bij ondermassa ' s en bij massa ' s , zoo als op de aanplakbiljetten breeder is omschreven . De Inschrijvingsbiljetten moeten worden ingerigt en ingeleverd , zoo als in de Voorwaarden en in de Aanplakbiljetten is aangewezen . Inschrijvingen door Firma ' s of door",0,N
"weder bezit kunnen nemen van het schoollokaal . """""""" In sommige streken van Frankrijk is reeds veel sneeuw gevallen . Een trein die des avonds uit Grenoblo te Lyon moest aankomen , had vijf kwartier vertraging tengevolge van de ontzaggelijke massa sneeuw , die den weg versperde . Een gewezen koopman van La - Vilette , ( 1e heer X , had eene schoone Angora - kat , aan welke hij zeer gehecht was . Eenige dagen geleden stierf de",0,N
"J . W . JACOBS . Voor II . H . Kerkvoogden van Spankeren , Het GEWAS van de Nachtegaalstiende over dezen jare . Voor den Heer D . VAN DER KEMP , 3 perc . ROGGE ( ook in massa ) bij de Pastorij , te Spankeren . Aanw . J . WIJNSTOK . Voor H . DIL WEG , 2 perc . ROGGE bij de Kerk te Spankeren . Aanw . de eigenaar . Voor J . Af",0,N
"maand vervoerd 8147 personen . - } - Gisteren avond , omstreeks negen ure , is de mallemolen op de St . Jansplaats wederom ingestort . Gelukkig dat de molen niet in beweging was , en de veel te groote massa op paarden en in schuitjes zittende menschen en kinderen zich nog intijds konden I redden . Zeer noodzakeljjk zon het zjjn , om verdere ongelukken te voorkomen , dat ook aan deze vermakelijkheden , wat het aantal zitplaatsen betreft",1,Y
". De advokaat van den kapper heeft in bijzonderheden opgesomd alle crépons repentirs , tresses , nattes , chignons , wulker prijzen uitmaken de som door zijn cliënt regtens en deugdelijk gevorderd . Hjj heeft bewezen bovendien , dat de massa geleverde haren zeker niet te gering was voor de rekening . Bovendien deed hij opmerken , dat de heer de Rethamosa de bestelling door zijne vronw niet als buitensporig mogt beschouwen , dewjjl bjj geacht wordt , als goed",0,N
"voormiddags ten elf « re , in het locaal van het Departement van Marine te ' s Gravenhage , onder nadere goedkeuring , bij inschrijving , in het openbaar en in bijzijn der gegadigden die zulks mogten verlangen , in massa zal worden Aanbesteed : het gereedmaken en leveren van het Hardsteenwerk voor de fundering van den ijzeren kustlichttoren te Sembilangan ( Westkust van liet eiland Madura ) , alles met den aankleve van dien . Inschrijvingen door buitenlandsche aannemers",0,N
"liberale bladen gepredikt en verdedigd wordt . Zij toonen , waer het heen guat , als hunnen beginselen gelegenheid gegeven wordt zich in al hunne kracht uit te werken . De theoriën der liberale pers zijn vooral voor de onwetende massa , — de onwetendheid is de hoofdkwaal van onzen verlichten tijd — verleidelijk , soms onwederstaanbaar , worden door haar gaarne opgenomen ; en zoo wordt zij gebracht in een geheel andere richting , als waarin zij zich vroeger",1,Y
"zich essentieel van de meestal grootere korrels van het zetmeel van andere plantgewassen onderscheidt . » Het microscopisch beeld kwam over het algemeen overeen met dat van het door Mitscherlich beschrevene . Met koud gedistilleerd water aangemengd , leverde de massa een roodbruine vloeistof , welke de reactiën van het cacao - pigment vertoonde . Door wassching gelukte het niet , van de cacao - boonen vreemde , « bijgemengde stoffen , """""""" zooals meel , af te scheiden .",0,N
"maar bracht het er ongelukkig af . Zelfs greep hij naar het wapen der satire maar wondde daarmede niemand dan zich zeiven . Spottend riep hij uit : » 0 ja , het was prachtig , toen onze regeering de massa ' a Oost - Indische producten , die zij op Java teelde , uitsluitend mat Hollandsche schepen tot hooge vrachten naar het moederland zoad , terwijl zij die onder vreemde vlag veel goedkooper had kunnen laten overvoeren ; »",0,N
"in het regt op den arbeid , in Je ' regt van gelijke verdeeling der bezittingen , of in fct regt tot plunderen , al wat re maar wilt . Het instinct van vaderlandsliefde bestaat niet bij onbekende en onpersoonlijke massa ' s . bij wie de isselende belangen in de plaats getreden zijn van t onveranderlijke grondgebied ( het Vaderland ) . a t kan het die zwervende , de wereld doortrekkende gorden schelen , wat het lot van",1,Y
"of van zjjn vertakkingen worden gedrukt , het in beslag nemen van verdachte brieven , hetjar resteren van verdachte personen , — zjj zjjn aan de orde van den dag in Rusland . Er kookt en bruist een gevaarljjke gloejjende massa onder het despotisme en nu en dan dringt reeds een spoor der onder geweldige spanning verkeerende dampen door de scheuren heen — vroeg of iaat zal met een verschrikkeljjken slag het ondermijnde gebouw ineenstorten , zoodra het niet meer",2,A
", den grafkelder nog bezocht . """""""" Overal heerschte onder de uit alle deelen van ' t land saamgevloeide menigte een plechtige stilte , ' t geen trouwens niet anders verwacht mocht worden . Als een bewijs van de ontzettende massa bezoekers kunnen de volgende cijfers strekken . Via den Rijnspoorweg zijn ruim 30 , 000 te Den Haag aangebracht ; van Botterdam vertrokken per Hollandschen spoorweg nog 11 , 198 . Uit Amsterdam ] zijn geen cijfers opgegeven .",1,Y
"in vierkante bakken van vertind ijzer gedaan , die 25 — 30 liter kunnen bevatten en deze worden om te kristalliseeren in een lokaal van 20 a 25 """""""" C . gesteld . Den volgenden dag wordt uit de gestolde massa , door middel van een hydraulische pers het vloeibare gedeelte van de uitgescheiden vaste Stearine gescheiden . Dit geschiedt in stukken in doeken geslagen bij een temperatuur van 25 ° C . Van 100 deelen ontstaan omstreeks 40 a",0,N
"overwegende contra - argumenten te wezen . Men zag , in de eerste plaats , voorbij , dat de belangstelling der kiezers vermindert , in gelijke mate ! als zij in grootere groepen bij elkander gevoegd worden . Naarmate de massa der kiezers toeneemt , nemen het gewigt en de invloed der individuele stemmen — en daarmede ! de belangstelling van den uitbrenger van elke indivuduele stem — af . De morele indruk van het gewigt dat elk individu ,",1,Y
"uit te lokken . Het bestaat alleen in het beschilderen van het hout met de hier onderstaande compositie . Men make eene zeer sterk verzadigde oplossing van gewone potasch , en vermenge dit met lijm en klei tot dat de massa substantie een dikke room verkregen heeft , voeg er wat roode of geele oker bij voor de kleur en de verw is gereed . Het op deze wijz - j beschilderde hout is even zeer tegen do vochtigheid als",0,N
"OPENPLAATS naast het vorige perceel , J . No . 97 , waarin , behalve KEUKEN , KELDER en ZOLDER , drie BENEDEN - en BOVENKAMERS , waarvan twee met ALKOOF . Deze beide perceelen zullen ieder afzonderlijk en in massa geveild worden . 3 ° . Een WINKELHUIS en ERVE met BAKKERIJ en OPENPLAATSJE aan de Bergstraat op den hoek der Vijf - Zinnenstraat , waarin , behalve KEUKEN , BAKKERIJ , KELDER en ZOLDERS , vijf BENEDEN en",0,N
"zijn , dan voorzeker zal de massa water , die bij goed geregelden toestand op de Keest zal worden gebragt , niet grooter zijn , dan die van ' t water dat er nu op afloopt . Maar gesteld de massa aan te voeren water ware iets grooter dan nu , dan nog zal de regeling , die hier voorgestaan wordt , den toestand zooveel verbeteren , dat daarbij die grootere aanvoer , aangenomen dat ze grooter zal zijn ,",0,N
"visschen wemelden . Werkelijk komen ook thans nog met de wateren van de bronnen van den Nijl groote scharen kleinere en grootere visschen naar Egypte , welke na het teruggaan van het water in poelen en vijvers terugblijven en in massa gegeten worden . Zoo is dan het einde der maand Athyr ( thans half September ) ook thans nog de tijd der visschen en op de egyptische hemelspheer vindt men dan ook twee door een V - voïmigen hand",0,N
", zoowel aan de Arabieren als aan de vreemdelingen in Caïro woonachtig . Veertig ossen werden geslacht en hun vleesch onder de armen verdeeld . Te Grimberg bij Liegnitz , prov . Silezië , zijn geveild de goederen der failliete massa van het Niederschlesische Cassenverein . Bij die gelegenheid is voor een millioen thaler ( nominale waarde ) aan actiën in die zaak en voor een millioen thaler prioriteitsaandeelen in de Sagauer Vereinsbank , gecombineerd toegeslagen aan den hoogsten bieder",0,N
"mg volk , jonsens pak aan , hoü vast ! """""""" tengevolge waarvan die volksmenigte op den rijksveldwachter aandrong , hem belette den aangehoudene weg te voeren , en toen dit eindelijk door 4 politiebedienden werd uitgevoerd , met eene massa steenen begon te werpen , waarvan er oen tegen het hoofd van een der beambten kwam . Den 3den dezer stond Elshof deswege teregt voor het Provinciaal Geregtshof in Overjjs3el en requireerde de advocaat - generaal de veroordeeling van",0,N
"langen tijd niet kunnen hopen te winnen . Ik verklaar u zonder grootspraak en overdrijving , dat , hebben wij thans een of twee jaar noodig om een oplaag van 4 a CCCO exemplaren van een socialistisch geschrift onder de massa te brengen , na de invoering der wet zullen wy door onze organisatie , welke gij niet kunt verstoren , — dat is ondenkbaar , want gij zoudt de werkplaatsen en fabrieken moeten sluiten , de spoorwegen en postadministratie",1,Y
"verbindt , aanzienlijk vergroot . In tijden , als b . v . dit nazomer , waarin veel regen is gevallen en de bewoners der Vechtoevers dus geen behoefte aan water hebben , worden ze op eenmaal vergast op een massa water , tengevolge van het openzetten der stuwen in Vecht en Regge en het optrekken van den thans zoo vergrooten duiker , in het afwateringskanaal te Ommen . In weinige dagen treedt dan de rivier buiten hare oevers en",0,N
"liedjes van een straatventer , wien een groote menigte , ' jong en oud , stond aan te gapen . Toen hij daarop langzaam naar huis terugkeerde , was hij verbaasd te - zien dat hij gevolgd werd door een massa straatjongens , op wier gelaat groote spanning , of verwachting te lezen was . — Wel , jongens , — vroeg de lord eindelijk — wat wilt gij van me ? — Die is goed ! — riep een",1,Y
"van dit feest ontstaan voor het nederl . nationaal Zangersfeest , in augustus van dit jaar hier te houden . De vreemde Liedertafels zullen in de arnhemsche een goeden steun en in den directeur een feestdirecteur vinden , die de massa zal weten aan te vuren en te beheerschen . » Der Menschheit Wttrde ist in Eure Hand gegeben """""""" , zoo klonken uwe eerste feesttoonen , werkende leden van Euterpe ! Blijf in de herinnering daaraan aan uwe taak",1,Y
"hoerah der bevolking , trok hij daarop met zijn manschappen de poort uit om zijn geheel detachement te halen . Inmiddels hadden vjjf veldwachters L . M . gevonden en was deze uit een zandhok te voorschijn getreden . De massa dringt aan , terwijl L . M . door een veldwachter gegrepen wordt ; tegelijk springt een verpleegde naar dien veldwachter , zoodat deze zich omkeert . Middelerwijl rukt zich L . M . los . Een brigadier trekt",1,Y
"25 Bunders , 93 vierk . Roeden , 30 vierk . Ellen BOSCHGROND , op ƒ 3311 . Fierde perceel . Ongeveer 14 Bunders , 24 vierk . Roeden , 30 vierk , Ellen BOCSHGROND op ƒ 1050 . De Massa dezer vier perceelen op . ƒ 17951 . De toeslag blijft bepaald op Maandag den 3den Julij 1871 , des namiddags precies ten één uur in het Koffijhuis de Harmonie te Arnhem . Inmiddels kunnen hoogen gesteld en inlichtingen",0,N
"zij niet buitenlandsche vaartuigen aan te vallen . Eene gestrenge afstraffing wordt onvermijdelijk . """""""" Het Parijsche blad le Tertips schrijft ' t volgende : » Bij de opening der jacht kan men zich nauwelijks een denkbeeld maken van de massa hazen , patrijzen , kwartels , enz . die aangeboden worden . En dan zijn er nog die zeggen dat het wild uit Frankrijk verdwijnt ! ' t Moet evenwel erkend worden , dat het wild zoo wild niet",0,N
"nabij komt , echter nog duurzamer dan het ijzer is , de beweging van den hooruhoef bij iederen tred volgt , en daardoor de zoo noodige rekbaarheid van denzelve werkelijk toelaat , nademaal beslag en hoef als het ware eene massa vormen . Het materiaal wordt gemaakt van ossen of buffelhuid , die in een stoompers onder ontzaglijken druk tot eene buitengewoon dichte , hoornachtig doorschijnende massa gevormd wordt , den vorm van een hoefijzer bekomt , gelijk dit opgeslagen",0,N
", geheel van Steen opgetrokken en met Pannen gedekt , voor ruim 2 jaar nieuw gebouwd , met MOESTUIN , BOOMGAARD , BOUWGROND , LANEN , BOSCH en HEIDE . Te veilen in perceelen , ondermassa ' s en generale massa . Dagelijks te bezigtigen , mits zich vervoegende bij den bewoner en aanwijzer de Heer RIJSWIJK , terwijl Vrijdag en Zaturdag voor den inzet en toeslag de machine zal werken . Nadere inlichtingen geeft voornoemde Notaris , zoomede de",0,N
"3 pet . Alles te bezien dagelijks behalve Zaturdag en Zondag , van 12 tot 4 uur , met een kaartje van den Notaris . Aanwijzer de tuinman SLIEP , bij wien tevens eene schetsteekening van de perceelen grond en massa ' s te zien is . Nadere informatien en lijsten van den verkoop te verkrijgen ten kantore van den Notaris .",0,N
"vervallen . Het voorstel , dat verleden week door een der leden van de Fransche Kamer gedaan werd om te Parijs in plaats van te Versailles bijeen te komen , blijkt slechts incidenteel geweest te zijn . Tengevolge der ongehoorde massa ' s sneeuw , die dezer dagen aldaar vallen ( Zaterdag schatte men dat er op Parijs alleen 10 millioen kubieke meters nedergekomen waren ) , is nl . de communicatie uiterst moeilijk geworden en worden de vergaderingen slecht",0,N
"den heer J . C Bernelot Moens is een naauwkeurig scheikundig onderzoek volbragt van monsters kinabasten uit dein September jl . naar Enropa verzonden veertien pakken . Beschouwt men de uitkomsten , als gemiddelde cijfers van niet gesorteerd materieel in massa , dan kunnen zij niet anders dan bevredigen . Belangwekkend waren vooral de resultaten van eene vergelijkende proef , met do minst deugdzame Java en de in de geneeskunde bij voorkeur gebruikt wordende bruine kina . Deze Cortex Peruvianus",0,N
"ten doel stelt meer intelligente keuzen te verzekeren , meer gelegenheid te geven dat de Vertegenwoordiging zij zamengesteld uit de bekwaamste en onafhankelijkste mannen deslands , eene misleiding , öf van zich zeiven óf van anderen . En uit de massa der onwetenden , onverschilligen en afhankelijken is dit resultaat niet te verwachten . Het Algemeen Dagblad raadt ons » verstokte liberalen van ' 48 """""""" — gelijk het ons noemt , — liever in tijds te buigen dan gebroken",1,Y
"gemoed . De hoeden waren versierd met een blauwe kaart , waarop het cgfer 571 , voorstellende de meerderheid , welke zij den ll n met hun candidaten behaald hebben . Behalve die kaarten hadden de kiezers uit Gent een massa vaandels en bouquetten meegebracht . Van weerszijden werden welkomstgroeten gewisseld door den heer Wouters , oud - substituut van den procureur des konings te Antwerpen , namens de Antwerpenaars , door den heer Lippens , namens de vereenigde Gentsche",0,N
"Zaken werd gisteren aanbesteed het maken en stellen van den metalen bovenbouw voor acht bruggen te Botterdam , waarvan zes tusschen bet station buiten de Delftsche Poort en het Hofplein en tw9e bij Fijenoord , in twee pereeelen en in massa . Het minst was ingeschreven door de heeren F . Kloos & Zoon te Alblasserdam , het 1ste perceel voor ƒ109 . 900 . het 2de voor ƒ49 , 000 , en . de massa voor ƒ 158 ,",0,N
"de parlementaire adviezen van onze Tachtig hoorende of lezende , slechts bij zeldzame uitzondering getroffen zal worden door een woord , dat verdient aan de vergetelheid te worden ontrukt . De volzinnen volgen elkander en gelijken elkander als de opvolgende massa ' s in een waterval of , wil men een meer nationaal beeld , van een watermolen en meer dan ooit bezitten zij dit karakter als de j aarlij ksche groote wasch , in den vorm der staatsbegrooting ,",0,N
"en Kinderen te Velp zijn Het HEERENHUIS met 750 Centiaren GROND aan den Paralelweg , bewoond door den Heer MEIJROOS op ƒ8416 . De BURGERWONING met 524 Centiaren GROND aan de Ommershofsche Kerk - Allée , op ƒ2120 . De Massa van die Panden op . . . ƒ6806 . Toeslag Donderdag 25 April 1878 , te 6 uren , in Café - Unie te Velp , ten overstaan van Notaris SCHRöDER . Het Heerenhuis te bezichtigen 24 en 25",0,N
"naam der humaniteit worde duizenden langzaam vermoord . In naai des vredes wordt Europa in een groot heit leger veranderd . In weerwil van voorgewend godsdienstigheid wordt de onverdraagzaambei staande gehouden , en in naam der ver lichting wordt de massa van het volk stei selmatig dom gehouden . Volgens de modem drukpers leven wij immers in de beste dt werelden . Deze beste der werelden besta uit eenige aan pilaren rijke paleizen en ui talrijke erbarmelijk ellendige hutten .",1,Y
"uitgezonderd e kechout , ge ert eenigen tijd met 5 ° / 4 verhoogd en ziet men nogwelligt celijke verhooging tegemoet . Als oorzaak daarvoor wordt op zege en dat zoowel hot < ? ezaagde als het ongezaagde hout bij massa ' s naar Frankrjjk wordt gevoerd , wasr het , zooals ligt te begrijpen is , yretigen aftrek vindt . De er - rstebandverkoopers maken daarbij eoede rek ^ nirg . De expeaitien van ééne ondernemende Hollandsche firma ,",0,N
"nog steeds het onderwerp der gesprekken . Ongeveer 300 menschenlevens zijn daarvan het slagtoffer geworden , want zijn kracht maakte het bijna onmogelijk zich zeiven of anderen redding aan te brengen . Voerlieden werden door de sneeuw verblind ; de massa ' s sneeuw beletten het verder voortgaan der rijtuigen , terwijl honger en vorst het overige deden . Gansche huizen werden onder de sneeuw bedolven ; de schoorsteenen staken als grafzerken boven de witte sneeuwvlakte uit . Van nieuw",0,N
"van het tuintje aan het einde der Schlossfreiheit getild . Om zich een denkbeeld te maken van het ijselijke gevaar , waarin duizenden verkeerden , bedenke men slechts , dat de gaslantaarns van de straatverlichting zijn omgeduwd door de levende massa ' s , welke er tegen gedrongen werden ! Geneeskundige hulp was niet te verkrijgen . Na lang zoeken heeft men drie doctors en heelmeesters gevonden , die de eerste hulp hebben verleend . Dat geen voldoende maatregelen door",1,Y
"van den vijand . Toen begon het bonbardement der schepen nogmaals , en tegen onze puntgranaten was de versterking niet bestand , zoodat eindelijk den derden dag ook de tweede banting in onze magt was . Wij maakten dair eene massa ammunitie en wapens buit , benevens een paar prachtige binocles , een bidsnoer met verscheidene diamanten bezet , en een tulband met grooten diamant . Ge kunt u geen denkbeeld maken van dat snel fuur , waarmede wij den",0,N
"handen der justitie zijn geweest , en die weinigen , welke regtstreeks van brandstichting , moord of diefstal zijn aan geklaagd . """""""" De nationale garde te Lyon heeft een millioen patronen gevraagd , om schijf te schieten . De massa is vóór het doel nog al groot en wekt dus achterdocht , die te meer grond heeft , omdat de nationale garde te Lyon evenals die van Parijs in der tijd eene bijzondere federatie heeft gesloten . Men vraagt",0,N
". Een Zweedsch schoenmaker heeft een patent genomen op een groote verbetering in zijn vak . In plaats van aan den voet de maat te nemen , neemt hij een afdruk van den voet in een uit verschillende bestanddeelen vervaardigde massa , waarin zich al de vormen van den voet naauwkeurig afdrukken . Naar dit model vervaardigt hij dan zijne laarzen of schoenen . Terwijl in Duitschland de koudwater - geneeskunde voortdurend in aanhangers wint en ook elders in Europa",0,N
"russisehen handel , die de meest uiteenloopende bedrijven uitoefenen , van af het uitventen van zeep en lucifers , tot bet houden van een bankiershuis of het dienst doen als spion in oorlogstijd , — al die bestanddeelen vormden de massa , te midden waarvan ge u dan gansche dagen moest bewegen , in afwachting van uw vertrek naar een slechts drie of vier uren verwijderd station . Alsdan mogt ge van geluk spreken , als het weder toeliet verblijf",1,Y
". In het allergunstigste geval stond ons een embarkement voor de deur , in een onbewoond oord der mahomedaanscke wereld , en wat zou dan misschien ons lot zijn geweest ? » Het gevaar werd dreigender , niettegenstaande er een massa water op den bijna niet te genaken vuurpoel werd uitgestort . Verschillende ketens waren gevormd om het water , dat deels van buiten boord , deels uit de pompen en uit zee werd aangevoerd , aan te reiken .",0,N
"Pekalongansche zaak blijft steeds in nachtelijk duister gehuld . Brieven van daar doen zien , dat de bevolking zeer eenvoudig hare gewone bezigheden verrigt , de passers bezoekt en zich met den rijstoogst bezig houdt . Men bemerkt onder de massa der bevolking geen der voorteekenen , die zich in Indië bij eene meer algemeene beweging onmiskenbaar voordoen . — Don 3den zijn van Ambarawa drie kompagniën van het 2de bataillon infanterie naar Bandjernogara , in Banjoemas , gemarcheerd .",1,Y
". inwoners . verteerd , die de kunst , niet verstonden om den uiteenutten grond te hernieuwen ; deels weggespoelt door de groote rivieren , die door hunue vlakten afliepen . Zoo voeren de Eupbraat en de Tigns jaarlijks eene massa voedende stoffen naar zee , die genoegzaam zouden ziju om millioenen inenschen te onderhouden . Kon men die stoffen slechts in huu vaart stuiten en opvangen , en in brood , wijn , vruchten , slachtvee , linnen of",0,N
"haar handwerk , en schroomt geen gevaar . Hare artillerie is echter minder goed dan die der belegeraars en brengt weinig schade teweeg . In het algemeen maakt een artilleriestrijd minder slagtoffers dan men uit het onafgebroken kanongebulder en de massa verbruikte ammunitie zou afleiden . Het belangrijkst gevolg dat men tot hiertoe verkreeg , is dat ook de stad zelve reeds getroffen wordt . De onverbiddelijke noodzakelijkheid in dezen ontzettend en oorlog zal intusschen nog grooter verwoestingen vorderen .",0,N
"/ ' t Welk doende enz . """""""" De Anist . Cour . en het Dagblad laten zich in afkeurende woorden over dit adres uit . Dergelijke verzoekschriften — zegt laatstgenoemd blald — rieken naar den invloed , welken de massa in den Franschen revolutietijd door haar tegenwoordigheid kwam uitoefenen op de nationale conventie . — Gisteren nacht is een vrouw , die van wege de politie in het stads - ziekeuhuis te Haarlem was geplaatst , uit een 20",1,Y
"der zee komende , stiet hij tegen scherpe koralen , welke hem diepe wonden toebrachten . Desniettemin zette hij zich aan het werk om eenige pareloesters op te rapen en was hiermede bezig , toen hij eensklaps een ontzaglijke groenachtige massa bespeurde , welke zich naar hem toebewoog . Razend van schrik , gaf hij werktuigelijk het alarmsein ; maar terwijl men begon hem naar boven te hijschen , had het monster reeds drie zijner verschrikkelijke voelarmen om hem heen",0,N
"gebruik kon worden gemaakt . Het was een geluk , dat de kolonne niet opgemerkt werd eer zij op den top gekomen was . De vijand werd verrast , uit de versterking gedreven , den berg afgejaagd en nadat een massa mensehen zich vereenigd had om de onzen het bezit der versterking te betwisten , mnar op de vlugt gedreven was , werd het stuk door de kolonne weggevoerd . De helden uit de XXH Moekims moesten aanzien , dat",1,Y
"hatelijkste inquisitie öf aan vol : . omea willekeur zouden zjjn prijs gegeven . """""""" Wij bekennen het u ronduit , dat we dit voor een holle phrase houden , bestemd om het ontwerp - Blussé bij deniet zelt onderzoekende massa in minachting te brengen , en die van uw standpunt niet mogt gebruikt worden . Gij weet , misschien beter dan ieder ander , wat hatelijke beteekenis ieder Nederlander aan het woord inquisitie hecht , en ge weet ook",1,Y
"( Novelle door OTTO WALSTER . ) IS ) — Verzonnen en volgens de waarschijnlijk ? - id berekend . Op de eerste plaat ziet gij * groote massa als slaven , en de Staatsbe """""""" abten als dienaars , den koning als een hal ' en God en de soldaten als de bezitters van ile eer en waardigheid . Het geheele volk 1 ia klassen verdeeld ,",1,Y
"Pruisen allerlei voorwerpen van weelde en huisraad uit afval van hout , voornamelijk uit spaanders vervaardigd , welke , wanneer men ze vereenigt en aan eene sterke drukking onderwerpt , weer zoo stevig worden als het schoonste hout . De massa ( het fabriecaat heet nog een geheim ) kan gezaagd , gesneden , geboord , gelijmd en op heete ijzeren platen gebogen worden , en neemt olie , politoer , vernis en verguldsel aan ; door eene sterke drukking",0,N
"bouwen van huizen veel bouwpapier gebruikt . Eene fabriek te Wisconsin vervaardigt 16 ton per dag . Bij de vervaardiging wordt het bouwpapier aan een drukking van verscheiden honderden centenaars blootgesteld , waardoor het tot een vaste , volkomen luchtdigte massa wordt zamengeperst . Daar het papier een slechte warmtegeleider is , beschut het zoowel tegen de koude als tegen de warmte ; een gebouw , dat er uit vervaardigd wordt , is dus des winters warm en in den",0,N
"Voorloopige aankondiging . De Notaris W . C . BöHTLINGK te Nijmegen « al op nader te bepalen dagen in de maand Julij e . k . , in perceelen en massa ' s , in bet openbaar verkoopen : De LANDGOEDEREN Hulsen en de Winkelsteeg , gelegen onder Hatert , gemeente Nijmegen , zamen groot 232 Hectaren , en de BLEÉKERIJ Sprakeveld te Beek met de daaraan gelegen perceelen AVEILAND",0,N
"had verloren en dat hij in goede orde terug trok . Aan eenen anderen kant , aan de Saar , is tegen e ' én uur een gevecht begonnen . Het scheen niet zeer ernstig , toen van lieverlede de massa ' s vijandelijk krijgsvolk grootelijks aangegroeid zijn , evenwel zonder het 2de legercorps in de noodzakelijkheid te brengen om terug te deinsen . Eerst tusschen zes en zeven ure des avonds , daar de vijandelijke massa ' s al",1,Y
"dat het algemeen stemregt het einddoel aller kieshervorming zijn moet , zeer wel aansluiten . Maar wij volgen , tot het bereiken von dit einddoel , een anderen weg . In plaats van het kiesregt te doen afdalen tot eene massa die er het nut niet van begrijpt en er de waarde van niet op prijs , stelt , willen wij , juist andersom , de massa verheffen tot dien graad van zelfstandigheid in oordeel en maatschappelijk bestaan , dat",1,Y
", zingt , springt in ' t ronde , men valt in elkanders armen en heft het Geuzenlied aan . » Het is indrukwekkend ! Men zou zeggen een volk , dat uit de slavernij wordt verlost . » De massa gaat uiteen en begeeft zich in zware drommen door de straten der stad , dansend en zingend . » Er wordt gesproken van een grooten optogt met muziek en fakkellicht naar de woning van den burgemeester , die tot",1,Y
"er aan . De ontzaggelijke wanverhouding die reeds tusschen de bovenste tien duizenden en do benedenste negentig duizenden onzer maatschappij bestaat , en die dagelijks erger wordt , die deze twee deelen van het Yolk , de fatsoenlijken en de massa , meer en meer van elkander vervreemdt en verwijdert , moet ophouden , moet door aansluiting en zamenwerking vervangen worden . Het ignoreren en loochenen baat ons niet j de krokodillon zijn er ; zij beloeren en bedreigen ons",1,Y
"ten eSff ure , in het locaal van het Departement van Marine te ' s Gravenhage , onder nadere goedkeuring , bij inschrijving , in ' het openhaar en ii * bijzijn der gegadigden die zulks mogten verlangen , in massa zal worden Aanbesteed : het gereedmaken en leveren van het Hardsteenwerk voor het etablissement , bestemd voor de verlichting te Sembilangan ( Westkust van het eiland Madura ) , alles met den aankleve vau dien . Inschrijvingen door builenlandsche",0,N
"111 ^ 3 werd > ij door Bulwer ( Edward Lytton ) zijn England and the English behandeld . Hij toonöi Buis e aan waarom eene afschaffing van dit welke de alleenheerschappij zou vestigen ^ et Lagerhuis , waarin eene massa lords s a % evaardigden zouden zitting nemen , on ^ enschelijk was , maar wees op eene hervorming voor welke hij echter meende dat het publiek n ° g niet rijp was , """""""" namelijk op eenen niet",1,Y
"drukte . Bij Roetemeijer , in die Port van Cleve en bij Krasnapolsky kon men bijna niet geholpen worden . In het laatste lokaal werden de glazen bier bij dozijnen tegelijk besteld en het is een waar raadsel waar de massa broodjes van daan zijn gehaald , die daar werden geconsumeerd . Het had er veel van ala of brouwers en bakkers weken vooraf voorraadschuren hadden aangelegd om het hongerig Amsterdam aan eten en drinken te helpen . Het wss",0,N
"# Het volk , welks uitstekende mannen zelfs niet vrij zijn van het denkbeeld , dat de / / groote natie """""""" de besch ; ving verdedigt en in die taak slagen moet ; het volk , bij welks onwetende massa de ijdele waan van Frankrijks onverwinnelijkheid en van deszelfs bijzondere eer en regten tegenover andere volken door burgerlijke en kerkelijke overheden gevoed en aangekweekt werd , is maar al te ligt omtrent de ware gesteldheid van zaken te misleiden",1,Y
"ongebondenheid en door een zondvloed van bier en sterken drank te verzwelgen > op de gezondheid van ' t Koninklijke Huis ? """""""" Wij weten het , """""""" onze stem is als die eens roepende in den woestijn . De massa , tot wie wij spreken , hoort ons niet ; en zoo zij ons hoorde , zij zou ons hoonend uitlagchen . Zij wil zich vermaken en moet zich vermaken — ea kan zich niet anders vermaken dan met",1,Y
"massa van hunne kavallerie en artillerie eene demonstratie kunnen doen op het front der Saar tegenover Saarbrticken en Saarlouis , in schijn eene poging doen om die rivier over te steken tusschen laatstgenoemde stad en Trier , en met de massa hunner infanterie — het wapen bij uitnemendheid voor den aanval in doorsneden terrein — de linie der Pruissen bij Landau forceren en daarna 1 inks oprukken , om de verdedigers terug te drijven naar de Moezel en af to",1,Y
"van genoemden generaal zegt hij dion aangaande , dat de dag gelukkig begonnen werd maar niet den uitslag gehad heeft , welken men daarvan had mogen verwachten De vijand , die des morgens verrast was , ha - i groote massa ' s artillerie met de de reserve der inf . intrie op één punt samengetrokken ; om 8 uren des namiddags werd de Fransche linkervleugel aan het wijken gebracht ; eerst tegen het vallen van den avond konden zij",0,N
"gebreken , welke ons verdedigingstelsel aankleven , is het mogelijk om in den bestaanden toestand verandering en verbetering te brengen . Daarin kan verandering en verbetering gebracht worden , wanneer regeering en volksvertegenwoordiging krachtig de handen ineenslaan . Bij de massa van ons volk bestaat toch de wil om daartoe mede te werken , wanneer zij maar ziet , dat men daarbij met oordeel te werk gaat en een andere gedrachtslijn volgt dan tot hiertoe door opvolgende ministerien geschied is",1,Y
"onontbindbaar , mits de ontbindinding itf ' streeks van het volk uitga ! . Broeders ! zegt Spreker ten slotte , men n ' zoo menigmaal het verwijt tot ons : ff » ' """""""" gij het stemrecht voor de massa , die » begrijpt , niet waardig is het uit te oef ® ' Wie uwer deelt die beschuldiging ? v zeker niemand . Maar licht in haar een ' ? schijn van waarheid , aan wie de schuld",1,Y
"zijn de vreemde gasten door de politie over Tilburg , Oirschot en Eindhoven — Venloo naar de Pruisische grenzen geleid . — Hendrik Koenraads , bezig bij het slechten der vestingwerken , had heden - namiddag het ongeluk onder een massa aarde bedolven te raken . Iloe spoedig men hem er ook uit bevrijdde , was het reeds te laat ; de man was dood . De ongelukkige laat eene zwangere weduwe en drie jeugdige kinderen achter . ROSENDAAL 29",0,N
"door magtige werktuigen waren vastgeschroefd en geklonken , en blies ze als veèrtjes voor zich uit . Gebouwen werden opgeligt van hun grondslagen en in een oogwenk vernield , ijzeren steenen werden tegen elkander vergruizeld en alles in eene onherkenbare massa dooreengesmeten . Groote steenen bruggen werden opgenomen en eer ze nog gebroken waren , in haar geheel op volgende bruggen neergeworpen . Al het hout , ijzer en steen werden vooruitgestuwd ; het water krulde er over heen en",0,N
"een einde te maken zou men al de voordeeien genieten , die er tegen over staan . Onze maatschappij echter is nu eenmaal georganiseerd met het oog op het schulden maken en plotseling hierin verandering te brengen kan van de massa niet worden gevorderd . Als op eenmaal het krediet werd geweigerd , een aantal / / hoogst fatsoenlijke """""""" familien zouden uit de zamenleving verdwijnen om eerst jaren later weder te voorschijn te komen of misschien nooit meer .",1,Y
"was ; bovendien waren de vragen voor ' t grootste deel degelijk . Maar wat me hinderde ? Het schoollokaal was in een herberg veranderd . Daar vond men mannen , zooveel hun werk het toeliet , vrouwen en een massa kinderen . Die menschen krioelden daar . Ja , ze hadden zelfs geen eerbied voor de groene tafel ; ze namen plaats vkk bij den Achtbaren Gemeenteraad . Ze rookten pijpen en sigaren . Het was er benauwd ;",1,Y
"Parijs bijgewoond , maar zulk een menschenmassa als gisteren avond langs de geïllumineerde boulevards zich verdrong , is sinds Parijzenaarsgeheugen niet op de been geweest . Van de Place du Chateau d ' Eau tot aan de Madeliene schoof de massa voort , hoofd aan hoofd , schouder aam schouder ; van verkeer was natuurlijk geen sprak # meer . En niet alleen op de groote boulevards , maar ook tot in de voorsteden was het ongemeen druk . De",1,Y
"drie perceelen , en wel : 1 . het woonhuis met den tuin , 2 . de woning achter den tuin , 3 . de huisplaats , op den Hagen uitkomende , en daarna gecombineerd . De kooper van de massa kan tfaarop , des verkiezende , twee derde van de koopsom , tegen 5 pet . rente , gevestigd houden . De perceelen zijn Woensdag en Donderdag van iedere week te bezien . *",0,N
", dat er heden totale maansverduistering is . De Atchineezen zijn , op Mahomedaansche manier , als gekken aan het schieten gegaan met geschut . De verduistering was totaal . — Behalve eenige koopvaardijschepen zijn voor de expeditie ook een massa groote booten ingehuurd , o . a . van de Holl . maatschappijen » Java """""""" en ^ Nederland """""""" en allo Indische mailbooten ; de kosten zullen enorm zijn , want voor de meeste stoomers wordt f 1200",0,N
" welke niet kan nalaten hare prerogativen uit te oefenen ; het ideaal der nivelleurs is , de gelijkheid der incapaciteit . Tegen deze irrationele gelijkheid die al wat uitsteekt onthoofdt en elk die anders meent en wil dan de massa , wegens majesteitsschennis aan het , ook in zijne incppaciteit souvereine Volk vervolgt , protesteren wij met de Nieuwe Rotterdamsche Courant , — aan welke wij het bovenstaand citaat ontleenden , — met Taine en , gelooven wij ,",1,Y
"kiezers te ontvangen . """""""" Breda , 11 Jan . Door het luiden der brandklok en het roepen van brand ! brand ! """""""" werden de ingezetenen dezer stad heden nacht ten 2 ure uit hunnen slaap gewekt . Een massa menschen was dra op de been en spoedde zich naar buiten de voormalige Boschpoort , alwaar , onder de gemeente Teteringen , de onlangs nieuw gebouwde lucifersfabriek van onzen stadgenoot , den heer Henri Sprengers , iu lichte laaije",1,Y
"In een artikel over de Internationale , waarin de Arnh . Ct . betoogt dat de werklieden alleen gebruikt worden door eenige eerzuchtigen , die de krachtige armen van de massa voor zich uitduwen om zich een weg te banen , wijst zij op een man , die in Engeland op de arbeiders grooten invloed uitoefent . Die man is de boekverkooper Bradslaugh te Londen , omtrent wiens macht zij",1,Y
"In gebruik als voren . 3 ° . Een perceel Grond . dienende voor tapijtklopperïj , grenzende aan het eerste perceel en uitmakende het noordelijk gedeelte van No . 509 . Eerste massa perc . I en II , tweede massa perc . I , II en III . 4 ° . Twee Huisjes onder één dak , in de Goudsteeg te Zicolle , Sectie F . No . 1950 , groot 40 □ El , bewoond door de \",0,N
"het logement / / de Spaansche Vloof te ' s Gravesande en ten overstaan van den aldaar residerenden Notaris Mr . J . P . DE EREMERY , in het openbaar lij opbod en of slag en voor zooveel de massa ' s betreft , bij inschrijving verpachten : 1 ° . Ruim 319 hectaren BUITENLAND , van den buiten Oranjepolder en een gedeelte van den Haak en van het buiten Nieuwland ter weerszijde van den Nieuwen Maasmond , om",0,N
— ' t was één uur des nachts — verhoogde nog ' t akelige van ' t tafereel . Spoedig was hulp aanwezig . Maar niet zoo spoedig ging ' t om de gekwetsten los te maken uit de verwarde massa hout en ijzer . De lijken der drie passagiers in den voorsten waggon waren onkenbaar ; nauwelijks vond men de menschelijke gedaante er in terug . He bekende Sir John Anson was onder de dooden . Een zekere heer,0,N
"drom met vaandel O O ' nogtans stand , totdat hij in de flank werd bedreigd door een detachement van 130 soldaten , die uitgerukt waren . Eenige Atchinezen gingen het detachement stoutweg te gemoet en werden neêrgeschoten ; de massa aarzelde en trok daarop terug met een verlies van 27 dooden en 22 gekwetsten . Te Pakan - Atchin had gelyktijdig een soortgelijke aanval plaats , die evenzeer verijdeld werd door de waakzaamheid onzer troepen en door een uitval",1,Y
"M . d . R . / Met ingenomenheid heb ik in het nouimer van gisteren uwe regelen gelezen in ' t belang van onze baanvegers . Bij de massa sneeuw , die er gevallen is , hebben zij geen gemakkelijke taak en verdienen zij dat hun werk behoorlijk betaald wordt . Toch kan ik di . - n wenscii niet onderdrukken , dat hun arbeid beter dan tot",0,N
". trachtte het te doen ; de massa is steeds eene dommekracht geweest in de banden der conservativen . — Maar als het er op aan kwam om de gedane beloften te vervullen , — wat viel dan aan de massa ten deel ? """""""" Werktaking in Engeland . Van de 12 eigenaars van werktuigfabrieken te Newcastle en te Gateshead , wier werkvolk nu 12 weken geleden den arbeid heeft gestaakt , hebben er negen zoodanige schikkingen gemaakt , dat",1,Y
"vernietigende kracht werden voortgestuwd . Tegen kwart voor negen uur nam de aschregen een aanvang ; die regen hield aan tot den volgenden ochtend acht uur , doch had betrekkelijk weinig te beduiden , indien men die vergelijkt met de massa ' s in de meer oostelijk gelegen streken gevallen . Te Moentilan had de aschlaag op den 16den April eene dikte van circa één centimeter . Omstreeks kwart over negen uur had op nieuw eene ontzettende uitbarsting plaats .",0,N
"slechte voeding tot ziekte gepraedisponeerd zijn ; alleen personen met stalen gestel ontkomen aan dit gevaar . Bijna iedereen voelt zich min of meor ziek en misselijk . Het stinkt overal in Bjela ; de lucht is bedorven door de massa vuil en rottende afval , en zelfs door tabak te rooken en „ brandy """""""" te drinken kan men de misselijkheid moeilijk verdrijven . """""""" — Een Poolsch blad klaagt , dat in Russisch Polen soldaten , die tien",0,N
"met de eer en de belangen van Engeland en niet minder met het welzijn van Europa . „ Wij vertrouwen , zoo ging hij woordelijk voort , dat de steun , die ons zoo edelmoedig en krachtig door de groote massa van het Engelsche volk geschonken is , onder den zegen der Voorzienigheid ons in staat zal stellen de moeilijkheden , te boven te komen , waarin wij ons bevinden , doch welke ik hoop dat thans haar einde beginnen",1,Y
"bloedige , schier wanhopige gevecht was geeindigd . Den volgenden dag ( 13 April ) was het wederom rustdag . Wij moesten werkeloos blijven liggen , terwijl de vijand zich vóór ons versterkte , en , aanhoudend beschoten , een massa dooden en gewonden ons geworden , zonder in gevecht te zijn . De 14de was een warme dag . De Missigit , den lOden door ons veroverd en daarna verlaten , moest heroverd worden . Twee bataljons infanterie met",1,Y
"gelijk thans te Newcastle heerscht , is een hardnekkig verzet , van welke zijde het ook komt , altijd te betreuren , omdat het de verantwoordelijkheid voor de gevolgen in zich sluit . Er is weinig noodig om de opgewonden massa thans tot feitelijkheden te doen overgaan , die men met alle magt moest trachten te voorkomen . De grèves te Roubaix , Aubin en Ricamarie hebben hiervan de treurige voorbeelden geleverd . Het verdient opmerking , dat de weigering",1,Y
"zijn ontworteld . Den geheelen Zaterdag bleef de stomi woeden . Tegen den avond bedaarde het weder eenigszins , maar men verkreeg daardoor geen verbetering voor ' t verkeer . De sneeuw smolt tot een onmogelijke brij samen en de massa ' s , die van de daken naar beneden stortten , bemoeilijkten niet alleen de passage , maar maakten die zelfs gevaarlijk . Onder de vele ongevallen die voorgekomen zijn , wordt melding gemaakt van het dood terneerslaan van",0,N
"Maart aanstaande , des middags ten twaalf ure , in het locaal van het Departement van Marine te ' sGravenhage , onder nadere goedkeuring , bij inschrijving , en in het bijzijn van gegadigden die zulks mogten verlangen , in massa , zal worden Aanbesteed : het maken van twee IJzeren Lichtopstanden met het opstellen derzelven , als : een in den Noorddijkpolder en een op den Zeedijk van den Wilhelmuspolder , bij Hontenisse in Zeeland ; alles met den",0,N
"van gene zijde van den Oceaan , eene Yankee - in . Zij nadert met eene beschroomdheid , welke aan hare sekse in de Ver . Staten schijnt eigen te zijn , laat zich sans fagon zegenen en daarbij een massa rozenkransjes op bevallige wijze op haar arm hebbende hangen , blijft zy een oogenblik staan , waarschijnlijk om haar zegenaar met begrijpelijke , maar toch ongepaste nieuwsgierigheid gade te slaan . « Is dit alle3 wat ge wenscht ?",0,N
"? Het berigt van zijn brief moet den Kamerleden , die Zwitserland kennen , in de ooren geklonken hebben als dat eigenaardig rommelend geluid , dat de losscheuring van een brokstuk van het sneeuwveld verkondigt . Alligt vindt de losgescheurde massa spoedig tegenstand , en het gevaar is geweken . Maar anders . . . de lawine ! Professor Visserings brief is inderdaad eene lawine geworden . Dadelijk vond zijn streng oordeel weêrklank in den lande , de pers hechtte",0,N
"men nog steeds over gebrek aan wagens bij den staatsspoorweg . In den regel is slechts t j , 0 van het benoodigd getal wagens aanwezig . Men maakt dan ook gebruik van stoom - en zeilschepen om de groote massa uit Engeland aangevoerde goederen , veelal naar Twenlhe bestemd , verder te vervoeren . — Naar men verneemt , ligt het in de bedoeling van de directie van de Nederl . Bijnspoorwegmaatschappij , om met 15 Mei a .",0,N
"de hoofdstad hier en daar schade aangericht , door schoorsteenen omver te werpen enz . Men is reeds druk bezig met het slechten der wallen om ' s Bosch . Tal van kogels worden er in gevonden , alsmede een massa beenderen van gesneuvelden . Verleden week werd een geraamte gevonden met een helm op . In Rosmalen is onder een waggon van de in aanbouw zijnde spoorweglija ' sBosch — Nijmegen het nest gevonden van een kwikstaartje , dat",0,N
"een der stoomspuiten , waren als in een oogwenk bijeen , om hot woedende element meester te worden . Met hardnekkigheid werd beproefd het vuur te smoren , maar de verschrikkelijke hitte maakte het onmogelijk altijd digt genoeg de brandende massa te naderen . Op sommige punten leed de brandweer bij den zwaren strijd de nederlaag . De bemanning werd door het vuur teruggeslagen , met achterlating van twee spuiten . Eene daarvan , N ' 10 , is er",0,N
"s de plechtige ter - aarde - bestelling plaats van het lijk des ex - konings van Hanover in de Protestantsche kerk der Rue Chaudel . Alle officieele personen uit de hoofdstad , tal van vorstelijke vreemdelingen en een groote massa belangstellenden woonden de plechtigheid bij . Men heeft eerst gemeld , dat het lijk in het familie - graf van den overledene te Herrenhausen in Hanover zou bijgezet worden , doch het Duitsche officieele blad bevat heden het volgende",1,Y
"zich zeiven , volgen en de lijdelijke getuigen en zelfs medepligtigen zijn bij de verwoesting van de welvaart , die hen leven doet . De werklieden werden en worden slechts gebruikt door eerzuchtigen , die de krachtige armen van de massa voor zich uit duwen , ten einde zich zeiven een weg te banen tot het doel dat zij bereiken willen . Een merkwaardig voorbeeld daarvan levert de tegenwoordige toestand van Engeland op . In Engeland zijn er , die",1,Y
", twee zusters en een broeder — allen bij het verongelukken der » Princess Alice """""""" omgekomen . Barnes leunde achterwaarts tegen het jjzeren hekwerk rondom de machine . Op eens verloor hij het evenwigt en viel tusschen de wentelende massa ' s metaal , die hem in een oogwenk verscheurd en vermalen hadden . De rampzalige zuster is thans de éénig overgeblevene uit een kortelings nog gelukkig gezin van zes . De Amerikaansche dagbladen van 30 en 31 Augustus",0,N
"ze met alle gestrengheid te straffen . Ik bedank speciaal de heeren Sorni en Garcia voor hun betoonden moed , zeide Prim . Zij hebben mij krachtig geholpen om mij den doorgang te verschaffen . Zoodra ik zag dat de massa doof bleef voor iedere raadgeving , heb ik mijn paard de sporen gegeven en mij door het gewoel heen een weg gebaand . Achter mij hoorde ik voortdurend vijandelijke kreten aanheffen tegen het Ministerie van Oorlog , vooral tegen",1,Y
"knechts , arbeiders en , de meest bevooroordeelden van allen , tuinlieden , boschwachters enz . enz . in den regel « hun belang """""""" verstaan en dat « zelf wel behartigen """""""" . Het tegendeel is waar ; de massa , ook der « eigenaren en landbouwers """""""" , vernielt uit onnadenkendheid , uit antipathie , uit bijgeloof enz . , zelfs de voor haar meest nuttige diersoorten ( 1 ) . Wat de heeren G . I .",1,Y
". Na eerst eenige dagen den schijn van onbaatzuchtigheid te hebben aangenomen deed het zich spoedig in hare ware gedaante kennen , verzette zich tegen iederen maatregel ; de intransigenten wisten een deel van het leger te demoraliseren , de massa ' s tot de onzinnigste opstanden op te wekken en eindelijk het gansche land door misdadige manoeuvres in spanning te brengen . / / De regering , eerst onder Figueras , daarna onder Pi y Margall , was vlottend",1,Y
"schrijft de A . C , werd een schipper op de Zuiderzee door een grooten zwerm vliegen plotseling overvallen . Van vaartuig , zeilen en tuigage was bijna geen spoor te zien ; alle3 was met een zwarte , gonzende massa overdekt . De opvarenden ondervonden spoedig dat de gasten , wanneer zij met vereenigde krachten aanvielen , het den mensch lastig genoeg kunnen maken ; ten minste de bemanning was genoodzaakt zich beneden te verschuilen , om voor de",0,N
"trabikant in kalk , begaven zich naar den kalkoven , gelegen aan den weg van Hamoir naar Lassus . Zij wilden er twee kubieke meters kalk uithalen en daar deze met eene korst bedekt was , klommen zij op de massa , ten einde de korst aan stukken te slaan . Eensklaps barstte zij onder hunne voeten open en de twee ongelukkigen zonken tot aan den hals in de brandende kalk . Tilman was in minder dan een kwartier gestikt",0,N
"ia een bouwvallig slot een geheelen dag tegen veertienduizend man en veertien kanonnen te verdedigen . Eindelijk , door de vlammen van het brandende gebouw daartoe gedwongen , moest hij wijken en werd hij in den tuin door de overweldigende massa zijner tegenstanders gevangen genomen . Toen meu hem uit de rookende pninhoopen van zijn hoofdkwartier naar Demotika bracht , oefende zijn persoonlijkheid nog zulk een invloed uit , dat er een paleis - revolutie te Konstantinopel te zijnen gunste",1,Y
"fcet openen zijner deur viel hij tegen de nog brandende kagchel , die hij mede tegen den grond sleepte . Hij schijnt niet meer de kracht gehad te hebben zich op te rigten , of zelfs zich van de brandende massa te verwijderen . Men vond hem den volgenden morgen door den kolendamp gestikt en gedeeltelijk verkoold . — Uit Maasstricht wordt van 3 November gemeld : In de vorige week werd een inwoner van Nieuwenhagen bij een vechtpartij op",0,N
"van de Roomsch Catholieken door den majoor de Villeneuve , van de le brigade infanterie . Onder genot van heerlijk weder werden dien morgen de tenten geopend , en het duurde niet lang of men zag reeds van alle zijden massa ' s vreemdelingen het kamp binnenw andtien . Niet alleen landlieden en boerenarbeiders mr - o hunne familiën , waaronder die hunne militaire dienstdoende zonen of familieleden kwamen bezoeken ; maar ook menige familie of andere bezoekers , zelfs",1,Y
"al ie meen van zoo uitnemend gewigt . En niet het minst het lager onderwijs ! Niet slechts omdat dit het begin is , het fondament waarop middeloaar en hooger onderwijs moeten gebouwd worden , maar omdat het voor de massa des volks de eenige bron is van kennis , die ma / t is . > Daarom verheug ik mij altijd , waaneer ik mag waarnemen dat het lager onderwijs bloeit , dat ' t gewaardeerd wordt door allen",1,Y
"gedood ten bate van het volk , van de i massa , zooals onze onbesuisde wetgevers zeggen . Daarop is men op zekeren morgen gewaar geworden , dat dit volk nooit anders bestaan heeft dan in verbeelding en dat die massa bestaat half uit schapen en half uit tijgers . Dat is een treurige geschiedenis . Het is onze taak , mijnheer , de menschelijke ziel in bescherming te nemen tegen het blinde en brutale geweld van die massa .",0,N
", « Ito , 1 . ver 5 « l = n . | : w . ld » » t . ™ n der haast waren zamengeroepen . loen het bleek üat er geen vergadering plaats had trok de massa weer in rust af . _ \ ls een bewiis van de toenemende weelde in Twenthe meldt ' de Tw . Cour , , dat op de jongste correctionele zitting der regtbank te Almelo een persoon , die ter",1,Y
"geluid te hooren , dat de onrust en de ontevredenheid eener vergadering verraadt . Is dus ook onder dit opzicht de meeting mislukt , ook haar naastliggend doel heeft zij , naar het schijnt , niet bereikt . Want de massa verliet in dichte rijen de zaal , zonder zelfs een blik te werpen op de lijsten , die nedergelegd waren voor hen , die voor het lidmaatschap wilden teekenen . Mag al een enkele de pen opgevat hebben ,",1,Y
"van W HUIJSMAN , in liet logement / / de SpaanscAe viool te ' s Gravesande en ten overstaan van den jt Naaldwijk residerenden Notaris J . BIKKERS . ® het openbaar bij opbod en afslag en voor zooveel de massa ' s betreft , bij inschrijving verpachten 1 1 ° . Ruim 324 hectaren BUITENLAND , « » den buiten Oranjepolder en een gedeelte van den Haak en van het buiten Nieuwlaud ter weerszijde van den Nieuwen Maasmond ,",0,N
"kunstmatige waterwerken . Parijs zou daardoor een zeehaven worden , en in zeer vele gevallen de omweg door de straat van Gibraltar kunnen worden vermeden . Uit het Zuiden worden ernstige klachten vernomen , over deu hinder , die de massa gevallen sneeuw in sommige departementen veroorzaakt . Uit Narbonne wordt gemeld dat de sneeuw daar reeds 80 centimeters hoog in de straten ligt en nog voortdurend blijft vallen . Meer dan 500 personen zijn werkzaam om door wegruiming het",0,N
"van den fabrikant A . J . - Wilhelm te Deventer . Om de tweede kast te openen , besteedden de inbrekers ruim anderhalf uur . Deze kast , van J . Geber te Mannheim , vertoonde slechts een verkoolde massa van binnen . De derde kast , die der firma Cramer Elsenburg en Co . te Amsterdam , bood ook ruim een uur lang weerstand aan de inbrekers , maar van den inhoud is mede niet teregt gekomen ,",0,N
". C . ) — Sinds geruimen tijd wordt in Parijs een zeer geanimeerde handel gedreven in - - padden . Engelsche vruchtenen groentekweekers hebben het nut van de pad als insectenverdelgster leeren kennen , zij koopen die dieren bij massa ' s op en plaatsen ze in de bloem - en vruchten bedden , die zij voor de vraatzucht der insecten willen behoeden . De paddenmarkt wordt eenmaal ' s weeks gehouden op een open erf in de Eue",0,N
"moeder , twee zusters en een broeder — allen bij het verongelukken der PriDcess Alice omgekomen . Barnes leunde achterwaarts tegen het ijzeren hekwerk rondom de machine . Op eens verloor hij het evenwicht , en viel tusschen de wentelende massa ' s metaal , die hem in een oogwenk verscheurd en vermalen hadden . De rampzalige zuster is thans de éénig overgeblevene uit een kortelings nog gelukkig gezin van zes . De Abercame - mijn staat nog in brand",0,N
"Duitscher Liebknecht de volgende motie voor : « Overwegende , dat zoolang de aarde en de andere instrumenten van productie , die levensmiddelen zijn , in het bezit zullen wezen van individuën of maatschappijen , de economische slaverny van de massa des volks met haren geheelen nasleep van ellende en uitputting moet voortduren , verklaart het Congre3 dat het noodzakelijk is dat de Staat of de gemeente , het geieele volk vertegenwoordigende en omvattende , de aarde en de andere",1,Y
"kanonnen tegen Parijs en binnen kort , misschien reeds voor acht dagen verloopen zijn , zullen hier van Belfort de beruchte en voor Straatsburg zoo vernielend gewerkt hebbende reuzen - mortieren zijn aangekomen om hunne 150 pond zware ijzer - massa ' s tegen den Mont - Valérien te slingeren . Ja , wat hier in den aanvang niemand geloofde of voor mogelijk hield , een beschieting van het zoo hoog en vrij gelegen sterkste fort van Parijs zal binnen",0,N
"adjudanten naar ' t Vaticaan , dat geheel gevuld was met geestelijken , edelen en leden van ' t corps diplomatique . Sedert 1 uur liep door Rome de doodstijding die de menigte voor ' t Vaticaan tot een ontzaggelijke massa deed aangroeien . De orde werd niet gestoord . De schouwburgen ziju gesloten en Rome heeft een treurend aanzien . De kardinalen Pecci , Bilio cn di Pietro ziju door het H . College met liet beheer der Kerk",1,Y
"ruwhouten , op drie pooten , ja zelfs driekante . Daar om heen gezeten een bende kerels , waarvan enkelen met een gelaat vol uitdrukking , geleken op gevallen engelen te midden van een legio duivelen , want inderdaad de massa ziet er schrikwekkend uit . Al wat ongewasschen gezichten , ongokamde haren , zwarte handen met geantiqueerde rouwnagels er toe kunnen bijdragen om de trekken van het onbeschofte , het roofachtige en het moorddadige des te scheller te doen",1,Y
"langer , geen eindeloos ophoopen en vermenigvuldigen van onder den grond gistende en rottende , zich ontbindende en oplossende menschelijke overblijfselen , maar verbranden . — Het woord verbranden is echter niet gelukkig gekozen , omdat het een vooroordeel der massa in de hand werkt . Onder het woord verbranden stelt het gros der menschen zich een dagelijksch , huishoudelijk verbrandings - proces voor ; men ziet , in zijne verbeelding , een vuur , met vlammen en rook ,",1,Y
", die bij condensatie en chemische verbinding het daardoor verloren arbeidsvermogen als warmte teruggeeft . Ook kan men de warmte door meteoren ontwikkeld , bij hunne vereeniging mat de zon als bron van nieuwe warmte beschouwen , daar dan de massa beweging der meteoren in moleculaire beweging overgaat . Wanneer een hoeveelheid meteoren , waarvan de massa gelijk is aan die der aarde , uit verwijderde deelen van bet heelal aansnellende , met de zon vertenigd wordt , zal er",0,N
"het aantal personen , dat den dood vond in den gloed , is niet gering . — De minister Lanza , die zich op het terrein bevindt , meldt van daar , dat de beide dorpen San - Sebastiano en Massa di Somma geheel zijn vernield door de uitbarsting van den 2 ? sten de bevolking was gevlugt , doch een twaalftal was door het vuur achterhaald en verbrand en een even groot aantal gewond . De lavastroom legde gemiddeld",0,N
"de Droogmakerij , in drie perceelen en daarna in massa ( bestek n """""""" . 37 ) . Deze Aanbesteding zal geschieden , voor de drie perceelen afzonderlijk , bij inschrijving en opbod volgens § 433 , en voor de massa bij enkele inschrijving , volgens § 434 der Algemeene Voorschriften . De Bestekken liggen ter lezing aan het gebouw van het Ministerie van Binnenlandsche Zaken , aan dat van het Provinciaal Bestuur van Zuidholland te ' s Gravenhage ,",0,N
"Het ontwaken van den godsdienstigen geest laat zich niet belemmeren door den toorn der liberalen of de maatregelen der bureaucraten . De beweging neemt van dag tot dag toe , en het liberalisme ziet zijn rijk bedreigd . Want de massa ' s , die aan deze beweging deelnemen , de massa ' s , welke nog in God en Christus gelooven en het geloof der Roomsch - Katholieke Kerk belijden , verbergen zich niet in den nacht der Catacomben",1,Y
"Het kan zoo har J gemaakt worden als ivoor , maar blijft altijd elastisch en wordt zonder moeite tot alle denkbare vormen verwerkt . Met evenveel gemak kan men het elke kleur geven , daar deze zich aan de geheele massa meedeelt . Al het celluloïde , in Amerika gebruikt , wordt door een enkele maatschappij gemaakt , wier factorijen te Newark de ruwe stof aan hen verkoopen , die zich in Amerika bezig houden met het vervaardigen van afgewerkte",0,N
"het bestuur der algemeene zaak wordt gegeven , dan zal de een van oordeel zijn dat de grondslagen der maatschappij worden aangetast , en de ander beweren , dat hierdoor slechts voldaan wordt aan de » regtmatige eischen ook der massa van het volk """""""" , welk beginsel eveneens door den duitschen conservatief wordt gehuldigd . Wij komen dus niet veel verder met dit programma . Ook het stelsel , dat alle inrigtingen die den stoffelijken en [ geestelijken toestand",1,Y
", ten overstaan van den Notaris Mr . P . G . Dalen aldaar . Boekjes , bevattende de voorwaarden , de beschrijving van de tollen , tolhuizen en bijbehoorende gronden , de opbrengst over de laatste jaren en de massa ' s , zijn , te rekenen van den 7den Maart 1870 , voor tien centen verkrijgbaar bij de Ontvangers der Registratie en Domeinen te Alphen , Brielle , Delft , Dordrecht , Gorinchem , ' sGravenhage , Leiden",0,N
"gaan . Er bestaat — gelooft de Telegraph — ook onder de arbeidende klasse een toenemend getal personen , die de dronkenschap als een walgelijke ondeugd beschouwen ; en de invloed van de zulken moet ten langen laatste op de massa een heilzamen invloed uitoefenen . Merkwaardig is het , dat ook de Saturday Riview in haar jongsta nummer gewezen heeft op het misbruik van sterken drank door vrouwen en dat meer bepaaldelijk in de hoogere standen der maatschappij .",1,Y
"wilde dien man zien , „ wiens eenigste wensch was honderd jaar oud te worden ! """""""" De getergde reiziger slaagde er ter nauwernood in zich met zijn beide bewakers en zijn knecht door de vlucht te onttrekken aan de massa nieuwsgierigen , die als uit den grond oprezen . Te voet , ditmaal te voet ! beklom hij de bergen der Gele rivier , en hij liep door totdat zijn metgezellen en hij van vermoeienis neervielen in een klein",1,Y
"om tot Stal en Koetshuis te worden ingerigt . 4 ° . Een stuk Gronds aan de Walstraat naast het 3de perceel gelegen en geschikt om te worden bebouwd . De voorschreven perceelen zullen zoowel ieder afzonderlijk als in verschillende massa ' s , bij biljetten op te geven , alsook in generale massa geveild worden . De te veilen goederen , aan of zeer nabij elkander liggende , bieden , zoo door hunne ligging , als door hunne uitgebreidheid",0,N
"als ons hoofdstation . Hij wist , dat de Cholera in de Kraton hevig gewoed Ind , want hij gaf een bivouak - order uit waarin om die reden voor het rivierwater werd gewaarschuwd . Hij wist , dat de massa lijken in de Kraton moesten begraven riju , want wij vonden in den omtrek geen enkel graf . Hij wist , wat het beteekende op een kerkhof te logeeren , want we hadden leergeld betaald te Badjoa ; bovendien",0,N
"gevoel de plaats innamen van grappig """""""" heid en akeligheid . Maar — zij hebben waarschijnlijk wel eens ondervonden dat de smaak van het / / groote """""""" publiek niet in die rigting ligt , en de bijval van de massa is voor zoo velen — ook elders dan op het tooneel — een onweerstaanbaar lokaas 1 Laat ons nog ' t getuigenis geven dat het gehalte der vertoonde stukken vrij was van die bijmenging van dubbelzinnigheden , die menigeen",1,Y
". — Zoo lang de mannen van het onderwijs alleen praten vanen aandringen op verbetering van dit of dat , en ze geene ondersteuning , openlijke ondersteuning vinden bij de massa , zullen hunne pogingen weinig baten . Zoolang die massa zoo onverschillig blijft , als ze veelal toont te zijn , zal er van die ondersteuning en van verbetering ook al geen sprake zijn . Maar die onverschilligheid zal minderen , ja voor wezenlijke belangstelling plaats maken , als",1,Y
"goede prijzen . Het einde van deze veenbeweging zal vrij zeker zijn , dat de prijs van de turf opslaat , maar ook dat de exploitatie op nog veel grooter schaal zal plaats vinden . Er zit nog eene verbazende massa veen , die niet geëxploiteerd kan worden , bjj gebrek aan waterwegen , maar er zijn ook eigenaren , die stil blijven zitten , in de overtuiging , dat het kapitaal dat zij in veen hebben , meer in",0,N
", thans niet in veel erger mate binnen ' s hui S ) in kotten en kroegen , in ' t geheim geschiede ; uw plicht is het ook te waken dat listige ondernemers van pu . blieke vermakelijkheden de massa niet trekken tot hun schouwspelen , die dikwijls niet verheffender zijn dan de kermisvertooningen , maar integendeel nog gevaarlijker omdat zij veelvuldiger voorkomen . Gij moet liet volk leiden naar inderdaad goede spelen , — naar spelen , die",1,Y
"en ze te beheerschen . Zóó is het ten allen tijcie geweest en zóó is het nog . Op de meest schaamteloo » wijze hebben de in de geheime wetenschappen ingewijde priesters , de grootste macht over de onnoozele onontwikkelde massa uitgeoefend . Ten allen tijde waren priesters en vorsten nauw met elkander verbonden en sloten wederzijdscha verdragen om de geestelijke duisternis te bevorderen en te behouden , want dat was het beste middel om de menschen te bedriegen en",1,Y
"meter in de lengte bedraagt het oliebekken . In weerwil van sterk vervoer nam de hoeveelheid nog niet af . De qualiteit van de olie zou zeer goed zijn . Ongelukken waren bij het voor den dag komen van de massa olie met de daarbij natuurlijke sterke ontwikkeling van gas , niet voorgekomen . — Den 14 Mei brak te Orenburg voor de tweede maal brand uit , die , door een sterken wind aan - oewakkerd een groot gedeelte",0,N
"haren < j r0 ® D en Jicht van dezen tweeden Absalom waren zoo qt0 > gezaaid , dat iedere dame er jaloersch van m ° f j ^ e Zijn mannelijk , forsch gelaat was verborgen ^ het zijdeachtige massa . Hij vlocht eerst met y ^ eie ylec ^ ' haar ten weerszijden vau het voorhoofd , stu ^ rf0 ] geD s ten met twee kammetjes vast , en wikkel lint """""""" ® met niet minder zorgvuldigheid",0,N
"taal van de Allocutie zullen lezen . Ja , die Allocutie verheft zich met hevigheid , ( o gruwel 1 ) tegen den wil van het Italiaansche Volk , ( van welk volk ? van de minderheid of van de massa ' s ? ) uitgespioken bij plechtige plebiscieten , tegen de nationale souvereiniteit , die met den naam van usurpatie wordt bestempeld , tegen de vrye instellingen , de legitieme machten van den Staat , tegen de belangrijkste wetten",1,Y
"de dames het meest onder dien toestand leden , of liever hare kleederen . En niet alleen de natheid van den grond deed zich als plaag gelden , neen , ook de lucht ontlaadde van tijd tot tijd zulke geweldige massa ' s water , dat velen tot een spoedigen terugtogt gedwongen werden , te meer daar het dak van het hoofdgebouw niet tegen het water bestand was en ook het regenwater doorliet . Aan den ingang wordt men dadelijk",0,N
"naar het scheen in het belang van de Gemeentenaren , dat hij in perceelen geschiedde , waardoor de koopers dier perceelen , behoefte aan uitweg hebbende , ons eene communicatie door ïde Pasch """""""" verzekerden . Wat gebeurt ? de massa wordt gekocht — en als de kooper de wegen afsluit is de Loolaan niet te bereiken dan langs den Rijksstraatweg , daarom betreurden eenigen aanvankelijk dezen uitslag van den verkoop . Maar , wat men niet had kunnen en",0,N
"gebleken dat wij een vijand tegenover ons hadden , die in dapperheid niet achterstond en die zijn grond duim voor duim a outrance verdedigde . Vieleïi honderden Atchineezen — en hun verlies moet zeer groot zijn — steeds stonden de massa ' s pal en met eene onversaagdheid , ongekend in onze Indische geschiedenis , werd de strijd telkens verwoeder hervat . Men liet de onzen geen oogenblik rust . De Sumatra Ct . meldt , dat de Atchmezen ,",1,Y
"bescheiden eenige uren goleden gestolen waren geworden ; tusschen 6 en 8 ure ' s ochtends was iemand na het uitligten eener glasruit heimelijk het locaal der stedelijke secretarie binnen gedrongen , had er de bedoelde bescheiden uit eene groote massa stukken genomen en zich daarmede heimelijk weder verwijderd . De burgemeester der stad , de heer Hall , vreezende dat de verdwijning dier thans beslissend gewigt hebbende stukken de bevolking in haren argwaan zou stijven , en geene magt",0,N
"en tooneelkijkers naar de vensters der vleugel van het gebouw , waar de ex - keizer logeerde . \ Vat de politie ook deed om de mensch . n uit een i ® aan » het hielp niet ; de massa werd hoe ger hoe grooter . Eindelijk maakte men een charge aarbij eenige honderden respectable dames en heeren wi elkander gedreven werden . Dit ging met groot g mor gepaard ; het was schande voor de natie , zeide",1,Y
"de kracht voor Holland ' s onafhankelijkheid , en wil dat Nederland , eenmaal aangevallen , zich liever tot den laatsten man verdedige , dan zich schandelijk overgevo . » ' tls waar , zegt hij , dat tegenover de massa gewapende mannen , waarmee Duitschland Holland zou kunnen overstroomen , Nederland slechts een betrekkelijk klein leger kan stellen . Het zou moegelijk zijn een leger van 150 . 000 strijders slechts op de been te brengen . Men kan",1,Y
"al hare bureaux en administratieve instellingen sluit , voorloopig tot 1 Mei . De regtbanken en andere colleges liobben onbepaald verlof , en eindelijk is alles officieel gesuspendeerd en de schoepvaart belemmerd met het doel , om de bewoners in massa ' s de stad te doen verlaten . Donderdag vergaderden eenige Londensche kooplieden en bankiers , ten einde een comité te vormen en eone inschrijving te openen ton behoeve van de zoo vreeselijk door de gele koorts geteisterde bevolking",1,Y
"de minste interruptie of verzwakking had er een oogenblik plaats . Wel een bewijs , met het oog op hun vuurwapenen — trompladers — en de gebrekkige wijze , waarop zij hun ammunitie met zich voeren , dat hier een massa vijanden vereenigd was . Eenige oogenblikken echter nog en de stelling zou de onze wezen . Daar dringen eensklaps dé troepen van den linkervleugel met een bewonderenswaardig élan vooiwaarts en vegen de benting van vijanden schoon . Deze hadden",1,Y
"in kalk , begaven zich Zaterdag naar den kalkhoven , gelegen aan den weg van Hamoir naar Lassus . Zij haalden er twee kubiek meter kalk uit en daar deze met een korst bedekt was , klommen zij op de massa , ten einde de korst aan stukken te slaan . Eensklaps barstte zij onder hunne voeten open en de twee ongelukkigen zonken tot aan den hals midden in de brandende kalk . Tilman was binnen het kwartier verstikt ;",0,N
"het grootste der beide eilanden , zooals oorspronkelijk het plan was geweest . Terwijl men met de ontscheping van het gezelschap bezig was , liet Salvé Kristiansen , die op het halfdek stond , het oog gaan over de rotsachtige massa , die , beschenen door de stralen der ondergaande zon en met een zoom van schuim rondom haar voet , veel geleek op den romp van een gestrand schip . Van daar onderscheidde hij duidelijk het witte huisje en",0,N
"s standbeeld van het voetstuk genomen . Door middel van ® grooten , stevigen kraan en een groote hoeveelheid ster ' om het beeld bevestigde kettingen , werd de rui ® ! ( - duizend K . G . wegende massa naar beneden gebrsj ! Het beeld werd dwars op planken gelegd , die op rokwaren geplaatst , zoodat het vervoer naar het © gemakkelijk kan geschieden . Een der balken van stellage , waarop het beeld lag , is",0,N
"wat aangewend was om te ontdekken wat van hem geworden was , vruchteloos bleef . Jl . donderdag avond , ging zijn broeder , vergezeld van twee andere personen , in den kelder der verlaten woning , om er de massa lompen uit te halen , die , volgens het zeggen der buren een ondragelijken stank in den omtrek verspreidden . Naauwelijks waren zij daarmede bezig of een hunner viel in onmagt , op het oogenblik dat hij , een",0,N
"verwijd wordt , in het water dalen en rijzen . Eene beschrijving van dien toestel wordt voor de Verslagen en Mededeelingen toegezegd . De lieer Vogelsang handelt over een zekeren toestand tusschen den amorphen en kristallijnen in en geeft aan massa ' s , welke in dien toestand verkeeren , den naam van Kristalliten . Gekleurde teekeningen van verschillende gesteenten strekken ter toelichting van het gesprokene . De heer Heynsius deelt namens dr . A . C . Fokker te",0,N
"vastere en innigere vereeniging van alle elemen ~ ten van positief Christelijk geloof . Gy hebt gemeend , dat gij slechts bisschoppen , wankelmoedige zwakke bisschoppen , bes treedt . Gij hebt gerekend op den toeloop der geestelijkheid in groote massa . Gy hebt u misrekend , mijne heeren ! De ondervinding heeft reeds heden geconstateerd dat de geestelijkheid vast staat om hare opperhoofden . Voorts hebt gij gezegd en gedacht , dat gij slechts met de geestelijkheid te doen",1,Y
"zeer weinig tevreden met het besluit der Russische regering om geene verslaggevers van couranten in het hoofdkwartier der expeditie toe te laten . Volgens een schrijven uit Uralsk liggen er , ten gevolge van den strengen winter , overal geweldige massa ' s sneeuw , zoodat de veldtogt tegei Khiwa voor de soldaten met groote vermoeijenissen geptard zal gaan . , . De thans bij ^ het L agerhuB aanhangige wets - voordragt betreffende de afschaffing der tests aan de",0,N
"geveld , alsof een kanonschot het werk had verrigt of geheel en al met wortel en tak opgeligt en verscheidene ellen verder ter neder geworpen . Voeg deze verwoestingen en honderd andere te zamen ; vult de lucht met eene massa slingerende voorwerpen en verbeeld u een lucl . t , zwart als inkt , ieder oogenblik omzoomd met vurige tongen van weerlicht en bliksem , gepaard met hevige donderslagen , terwijl op den grond een gestadig geruisch wordt waargenomen",0,N
"vertrouwde op den invloed , dien zijne sedert 50 jaar aldaar wonende familie door hare weldadigheid jegens lieden van alle geloofsbelijdenis zich verwoi ven had . De beide mannen , waarvan de oudste 35 jaar telde , werden door de massa , welke in haar blind fanatisme de leden van de familie harer weldoeners niet wilde erkennen , her - en derwaarts gestooten en naar het binnenste der moskee gedrongen . Hierva i onderricht snelde de gouverneur met den kadi",1,Y
"ten overstaan van den Notaris E . Campbell aldaar . Boekjes , bevattende de Voorwaarden , de beschrijving van de Tollen , Tolhuizen en bijbehoorende gronden , den pachtprijs of de opbrengst bij garing over de laatste jaren en de massa ' s , zijn . te rekenen vuii 3 Maart 1873 , voor tien centen , verkrijgbaar bij den voornoemden Ontvanger en bij de Ontvangers der Registratie en Domeinen ie Alphen , Delft , Dordrecht , Leiden , Noordwijk",0,N
"verschillende pijpen of tunre s , zoodat hier het spreekwoord waarheid wordt ; hij is voor éón Rat niet te vangen . Die znlk een onderaardsch verbljjf mag binnentreden vraagt al dadelijk : hoe heeft het echtelijk vossenpaar dj verbazende massa zand uit die diepte gekregen en waar heeft het die geborgen , want werd zij in de onmiddelgke nabijheid van het hol opgehoopt , dan was het al heel spoedig in ' t oog gevallen en de schuilplaats ontdekt",0,N
"hun post hadden ' erlaten . Met aandoening leest men de bijzonderheden den strijd , die vaak , over en weder , in een bloedbad ontaardde , waarin uren lang het kanonvuur bulderde , ' et geweervuur knetterde en de massa ' s vlugtelingen met ta gens en vee elkaar verdrongen . De geheele streek f ° r ' d in rook en vuur , en van de kermende gekwetsten tanden de minsten dadelijk hulp bekomen . Ondanks de ballende",1,Y
"heden gehoudene groote jaarmarkt waren aangevoerd 1012 koeijen en vaarzen , waarvan de prijs was van f 55 tot f 280 , 532 varkens , geldende van f 3 tot f 85 . De handel was buitengewoon levendig en de massa menschen groot . Alles liep in rust en de beste orde af . Qasselteriiijeveen , 14 Aug . Gister had alhier de van wege burgemeesters en wethouders opgeroepene vergadering plaats van de eigenaren der groenlanden , gelegen aan weerszijden",1,Y
", in 1851 gekozen , hebben nog zitting in den Eaad dezer gemeente de heeren mr . E . K . J . Bertling , A . Stoker en H . Remmelts . Onze November - markt bragt heden eene massa volk in de stad en ook de veemarkt was goed voorzien . De prijs der koeijen , vooral der besten , was zeer wiljig en ook was dat het geval met beste varkens en schapen . Over ' t",1,Y
". De Pruissische gevolmagtigden geven in de onderhandelingen blijk van ijver , van kennis van zaken , en van groote be ^ langstelling . Wordt voor Pruissen de toegang tot onze waterwegen geopend , dan kan Hannover mettertijd eene ontzettende massa veen aan de snede brengen . Men vindt er o . a . ééne gemeente die meer dan 20 duizend bunders veen heeft . ( Arnlt . Ct ) — Ook tusschen Voorst en Zutphen hebben de werkzaamheden aan",0,N
"Oostenrijk - Hongaarsche regeering heeft een oproeping aan alle geneesheeren en chirurgijns gericht , om zich in geval van mobilisatie van het leger beschikbaar te stellen . Het resultaat was tamelijk gunstig , maar toch niet zooals men bij de massa geneesheeren , welke daar disponibel zijn , verwacht had . Onder hen die zich aanboden waren artsen van den eersten rang , als professor Dumreicher , Billroth en anderen .",1,Y
"muziekinstrumenten . Zij begaven zich naar de Weener tentoonstelling om acrobatische voorstellingen te geven . Onder de zeldzamheden op genoemde tentoonstelling behoort een drijvende kanonskogel van 25 kilogram zwaarte . Hij drijft als een veertje op een als zilver schitterende massa , die uit zuiver kwikzilver van de beroemde mijnen van Idria bestaat . Niet minder dan 8300 kilogrammen van dit metaal bevinden zich in oen ijzeren vat en daarop drijft de kogel .",0,N
"hunne vervalling zal nemen . BELGI E . JDe heer Frère , die het frauduleus bankroet voor België als ophanden aankondigde , moet wel verschrikt worden door de financiëele berichten uit Italië , waar eene omwenteling onvermijdelijk is . De massa papieren geld vermeerdert , naarmate die van metaal vermindert . De openbare schuld is sedert twaalf jaren verdrievoudigd ; het is waar dat de belasting verdubbeld is , maar men is voornemens de verhouding weer te herstellen . Men",0,N
"tegenwoordigen toestand der maatschappij dè uitsluiting zou zijn van een talrijke klasse van arbeiders , ' t Was z . i . dwaasheid te beweren dat de massa de wet stelde , daar de meer beschaafden en de ontwikkelden die massa konden voorlichten . Hij besloot aldus : / / Waag het de hand te slaan aan het algemeen stemregt , dan zal Frankrijk bespeuren dat gij een ander souvereinieit wilt als de zijne , en Frankrijk zal de zijne",1,Y
"beginsel heette te vertegenwoordigen dat hij niet as toegedaan , zou zijne betrekking nederleggen . Met eene vergadering echter is het anders gesteld ; de gemeenschappelijke verantwoordelijkheid is oorzaak ' dat ook hier de individuele leden zich verschuilen achter de massa en de gemeenschappelijke fout de individuele fout absorbeert . De Nationale Vergadering verzet zich dan ook op allerlei wijzen tegen eene aftreding in den vorm van eene ontbinding . Een natuurlijk gevolg hiervan is , dat het volk de",1,Y
", om te redden kippen en duiven en kopergoed , fornuizen en de hemel weet wat niet al . Wat was de oorzaak der jongste aardbeving ? ' t Handelsblad antwoordt : « zjj is waarschjjnljjk te vinden in gloejjende massa ' s die uit de diepte der aarde opstjjgen en op haar weg water ontmoeten , dat zjj in stoom doen overgaan en daardoor een ontploffing veroorzaken . De kans , dat weldra wederom een keving van bedenkelijker karakter",0,N
"ontploffing kunnen worden gebragt . Deze Torpedini ' s moeten het eiland voor een vijandelijke landing vrijwaren . Wanneer toch vijandelijke schepen soldateu in kleine booten wilden doen landen , zouden deze booten dadelijk in dj lucht springen . De massa Torpedini ' s en groote torpedo ' s , die daar aangebragt zijn , brengen er niet weinig toe bij het eiland onneembaar te maken . Bij deze beschijving van de ligging van het eiland moet nog gevoegd worden",0,N
", 43 Ellen . — Zulks in zoodanige Perceelen , Ondermassa ' s en Massa ' s , als omschreven zijn bij gedrukte Catalogussen met aangehechte Kaart , houdende de verdeeling en grootte der Perceelen , Ondermassa ' s en Massa ' s , die na 15 Junij e . k . , op franco aanvraag , te verkrijgen zijn ten Kantore van bovengenoemden Notaris , bij wien , evenals bij den Heer VAN MEDENBACH DEROOIJ , Makelaar te Arnhem",0,N
"heden toe vertegenwoordigd heeft , ondanks de voorzorgen waarmede enkele regeeringen den jongen spruit , oud - Katholicisme genoemd , aannamen , huldigt hem slechts een onbeduidend klein gedeelte van de beschaafde lieden , en zijn invloed op de groote massa des volks is bovendien bijna nul , en hg zou zeker reeds spooiloos verdwenen zijn , wanneer niet even verstandige als geleerde mannen hem ten doop gehouden hadden , en nog thans groote agitatievei wekkers door kunstmatige organkatiën zijn",1,Y
"die geen droppel bloed heeft doen vloeien . Twee jaren geleden werd ik vervangen als president der republiek . Mijn opvolger , die den tijd van zijn bestuur wilde verlengd zien , schond de constitutie . Het land kwam in massa tegen zijn gewelddadigen maatregel in verzet en eischte eerbied voor de wetten der republiek . Aan mij nu is de taak opgedragen als scheidsman op te treden en den burgeroorlog te voorkomen . Die roepstem mag ik niet in",1,Y
"des pachters mannen werd getroffen door een kogel . De gewonde smokkelaar viel in de handen van het volk des pachters en blesk bij onderzoek slechts 6 katties amfioen bij zich te hebben , terwijl de andere elf met de massa amfioen wisten te ontsnappen . Zóó gaat het tegenwoordig op de grenzen der pachtdistricten toe ; van politie werd natuurlijk noch gedurende , noch na het gevecht taal noch teeken vernomen ! Waar moet dat heen , indien nu",0,N
"den naam te schenken van „ Koningin Sophia . """""""" Eene nieuwe vinding voor landbouwers misschien van groote waarde . De landbouwer v . A . te Haarlemmermeer heeft verleden jaar eenige hectaren land met kool beplant en eene enorme massa ingemaakt , om deze , zoo hij dacht , tegen hooge prijzen te verkoopen . Wat daarvan de oorzaak moge zijn , weten we niet , doch eene zeer groote hoeveelheid zuurkool bleef onverkocht . In deze omstandigheden kwam",0,N
"bevat . Die geleerdheid kraamde Bergé uit ! 1 Die leugens nu had Bergé in weinige minuten uitgebazuind , en in het geheele Parlement kon niemand er op antwoorden . Mocht nu gezwegen worden ? Dan zou immers de groote massa in den waan zijn gaan verkeeren , dat Bergé recht had in zijne bestrijding van het godsdienstig ] ) L ' Atheïsme est une religion , zeide Bara in de zitting van 28 Maart . 2 ) Een der",1,Y
"paap , omgekeerd kippenhok . """""""" De directeur liet daarna L . M . op het bureau ontbieden , maar hij weigerde te komen , ' s Middags beproefden twee veldwachters , vruchteloos , hem te arresteren , want de massa was van 10 of 12 tot over de 100 aangegroeid . De ontboden luitenant posteerde toen soldaten voor de dear der zaal en sommeerde de aanwezigen , zich te verwijderen : vruchteloos echter , en onder luid hoerah der",1,Y
"de gemeente verbond , haar op t , e wekken tot een heiligen rn onberispelgken levenswandel voor God en mensc ' - ien . f Oudeschoot , 30 Mei . De gister hier gehouden jaarmarkt was zeer belangrijk . De massa vee die aangevoerd was schatten we op ongeveer 1 00 stuks , waarvan 400 koejjen , 100 paarden , 200 schapen , 400 lammeren , 100 magere varkens en 300 bigg . n . Er waren eene menigte kooplied",0,N
"niet te plaatsen . Gelijke opmerking geldt van den rijksdaalder . In palmolie moeten langs de gansche kust vrij belangrijke zaken gedaan zijn . Yan Saltpond alleen werden in Junij ruim 700 vaten van gemiddeld 140 gallons uitgevoerd . De massa wordt per mailboot naar Engeland verscheept , terwijl ook een groot deel door Amerikaansche schepen wordt genomen . De levendige vraag naar palmolie is oorzaak dat in palmpitten minder omgaat . Het is zeer te betreuren dat de Nederlandsche",0,N
"der Association libérale en hief daar een helsch rumoer aan . Een weinig tijds daarna zag mea op den muur van dat gebouw een stuk papier geplakt , waarop gedrukt stond : Gesloten wegens sterfgeval . Een strooibiljet werd in massa door Brussel verspreid ; het bevatte slechts de woorden : Gesloten wegens failliet van het huis Orts , Demot en Co . ( C > . is Anspach ) . Van V . Humbeek was vernomen , dat hij",0,N
"betrekking , waarvan de bruidegom tot een nog ongehuwd meisje gestaan heeft , en die van intiemen aard schijnt geweest te zijn . Omstreeks 10 uur vond de burgemeester liet noodig om 50 soldaten te rikwireeren , ten einde de massa , die erg onrustig werd , uiteen te doen gaau en verdere rustverstoringen te voorkomen ; de maatregel heeft goed gewerkt , ten 12 en 1 uur keerden de manschappen in de kazerne terug en was onze stad iu",1,Y
"was ik over hetgeen ik aldaar aanschouwde ; eene digte menschen - massa belette als ' t ware iets van den waterspiegel te zien ; laat ik liever zeggen modder - spiegel , want door de aanhoudende beweging van deze massa menschen werd de modder van den bodem opgewerkt en gaf aan het water een zeer vies aanzien , wat tot het nemen van een bad niet uitlokte . Al hetgeen ik daar zag en hoorde , heeft mij geleid",1,Y
"bodem zouden hebben verplaatst . Daar het actieve leger van Noord - Duitschland uit dertien legercorpsen , op voet van oorlog elk ongeveer 35 , 000 man sterk , bestaat , zal men zich een denkbeeld kunnen vormen van de massa ' s vijandelijke troepen , thans op de beide oevers van den Eijn vereenigd . """""""" Volgens officieele berigten van Pruissische zijde , hebben de Franschen zaturdag een aanval op Saarbrücken gedaan , maar waren zij . niettegenstaande hun",1,Y
"dat de Massa der BOUWPLAATS Rabelink , onder Silvolde , groot 34 Bund . 52 Eood . 2 . Ellen , met de verhoogingen is gebragt op ƒ 23 , 000 . — De toeslag blijft bepaald op den 16 Mei aanstaande",0,N
"den naburige zeekusten geheel verdwenen en de scheepvaart hervat . De stoomboot van Amsterdam op Leeuwarden , die van eerstgenoemde stad kwam , wilde dien avond beproeven de Lemsterhaven aan te doen ; doch dat was niet mogelijk door de massa ijs , daar aanwezig In de verte het havenlicht van Kuinre ziende , wilde zij die haven binnenstoomen , doch werd daarin verhinderd door den woedenden storm , die met kracht het ijs uit het zuiden naar het noorden",0,N
"die toonon dat het ros een ruiter heeft en dat men niet te doen heeft met een man tlie bovenop een paard is gaan zitten dat > met hem wogloopt , geven meer vertrouwen en meer ontzag , dan eene massa van toezeggingen , beloften en betuigingen van bereidwilligheid tot gemeen overlbg . Een minister die zjjne zaak kent en zijne positie begrijpt laat zich niet overbluffen en het werk uit de handen scheuren . Hij moet zelf zijn tijd",0,N
"in 1833 , op bevel van Bodewijk Philips , op nieuw opgerigt . , De kolom is van steen , overtogen van brons , afkomstig uit het door Napoleon I veroverde geschut op de oostenrijksehe en russische legers . De massa van al hetgeen daaraan gebruikt is , bedraagt 1 , 800 , 000 ponden , en de bronzen reepen , die de kolom in eene schuine rigting omwinden , zijn 3 voet 8 duim breed . De zuil zelf",0,N
"een duizendtal mitrailleuse - kogels . Wel is waar , zoo oppervlakkig zou men zeggen , dat met do mitrailleuse bij groote infanterie - gevechten eene alles beheerschende bewerking kan worden uitgeoefend , maar hier tegenover staat , dat groote massa ' s infanterie niet stil blijven staan om op elkander te vuren , en de mitrailleuse bij zulk een gevecht dus niet in alle opzigten dezelfde dienst kan doen als de gewone geweren . Eindelijk verdient nog te worden",1,Y
"der rotsblokken voor de spoorbaan kwam men nagenoeg gereed , zoodat met het leggen der rails over dat gedeelte een aanvang kan worden gemaakt ; het aantal gedane schoten bedraagt 2165 , waarvoor gebezigd werden 575 kilo dynamiet . De massa losgewerkte steen , welke gebruikt werd ten behoeve van de steenen dammen achter den laadsteiger , wordt geraamd op 800 M 3 . De lijn van het rangeerterrein naar de steengroeven en die langs de groeven werd op de",0,N
"Van Ownjsel ' s zeekust meldt men aan het U . D . dd rister . dat de storm in ' t jongste etmaal liet water sterk opzet ; de meeste landen loopen onder , terwijl de massa turfschippers , uit de Drentsche en Ovenjselsche veenen op reis naar Holland , Gelderland enz . , door den hevigen tegenwind verhinderd zijn zeewaats te stevenen en in menigte in de binnenhavens voor anker liggen . Het hoofdbestuur der",1,Y
"gevaar waren . Bij het afzenden van dit berigt ( omstreeks 8 uur ) is men den brand geheel meester , ofschoon het nog wel een paar dagen zal aanhouden eer de vuurgloed , die zich nu nog in de massa juttebalen bevindt , geheel zal zijn uitgedoofd . Alles is voor brandschade verzekert bij de Maagdenburger maatschappij , behalve het gebouw der weverij , dat bij de Bataafsche maatschappij geassureerd is . Men begroot do schade op p .",0,N
"overtuiging van de massa der leden , die tegenover haar zegsman daaïbij ten eeneumale vergat , dat dwalen menschelijk is . Tot die meening worden wij gebracht , eensdeels door de stellige wetenschap , dat gemakzucht en volslagen onkunde de massa der leden meestal geheel onbeslagen ten ijs komen doet , niet alleen op ' t gladde ijs van waterschappen , maar ook bij onderwerpen van veel minder ingewikkelden aard ; ten andere door den gang der beraadslagingen zeiven ,",1,Y
"zich hiermede gerust , dat de mass ' s der kometen te gering zijn , om ons bij een botsing met de aarde veel onaangenaamheden te kunnen berokkenen . Die redenering gaat echter thans niet meer op ; want de massa ' s der kometen mogen gering zijn , zij zijn toch nog aanzienlijk genoeg , om , vereenigd met de groote snelheid bij een botsing met de aarde , hier zulke verwoestingen aan te rigten , dat de ondergang",0,N
"van het leger te danken heeft ; — het is reeds duidelijk gebleken , dat de grootste opoffering , de meest gloeijende haat , zelfs de overmagt , niet in staat zijn de troepen te doen zegevieren , zoolang de massa ' s niet behoorlijk worden geleid en in staat zijn te manoeuvreren , en dat leert men eene gewapende volksmagt niet eens in een jaar . Na den oorlog van 1864 zagen wij reeds dadelijk de noodzakelijkheid in ,",1,Y
"doen , wanneer hij handelend optreedt , en dii inzet is niets minder dan zijn geheele toekomst . Van daar dat Gambetta ' s eigenbelang een gewichtige factor is in zijne opportuniteit « politiek , maar dit is voor de massa zijner volgelingen eene reden te meer om spoedig van hem afkeerig te worden ; immers is zy afkeerig van zyne politiek op zich zelve , zij is het nog meer , omdat zij weet dat Gambetta zijn belang zoekt",1,Y
"1ste perceel f 6430 ; 2de perceel ƒ 1990 , 3de perceel f 3400 ; 4de perceel / 3040 ; 5de perceel ƒ1250 ; 6de perceel ƒ1010 ; 7 de perceel f 1090 ; 8ste perceel f 1375 . De massa dier perceelen 19900 . Alles breeder bij billetten omschreven . De toeslag daarvan blijft bepaald op Donderdag den 11 Juni 1874 , des voormiddags ten 10 ure , ten huize van den Kastelein WILLEM VERHEIJEN te Burgharen . Aanvaarding",0,N
". 19 . Huis en erf in de Bentincksteeg ƒ1953 — slag , A . Willemsen . No . 20 . Heerenhuis en erf aan den Jans - Binnensingel ƒ 12 , 009 — slag , niet verkocht . De massa van no . 1 — 14 , als zijnde het hoogste bod , wordt in koop gegund .",0,N
"perceelen van aanbesteding . ( Raming : 1ste perceel f 4870 , 2de perceel f 2270 . ) Deze Aanbesteding zal geschieden bij enkele inschrijving , volgens § 441 der Algemeene Voorschriften , voor elk perceel afzonderlijk en voor de massa . Het Bestek , n ° . 177 , ligt ter lezing aan het gebouw van het Ministerie van Waterstaat , Handel en Nijverheid , aan dat van het Provinciaal Bestuur van Zeeland te Middelburg , en is voorts",0,N
"tot ƒ12311 , — ; 2 tot ƒ 4733 , — ; 3 tot ƒ 4507 , — ; 4 tot ƒ 7577 , — ; 5 tot ƒ 1199 , — en 6 tot ƒ913 , — . De Massa ' s ltot ƒ17023 , — ; 2 tot ƒ21148 , — ; 3 tot ƒ 2212 , — : 4 op ƒ 11001 , — en 5 tot ƒ32551 , — ; hoogste bod ƒ32 , 552 ,",0,N
"wordt verlaagd , want de grootste hoeveelheid kool waterstofgas ontstaat in den eersten tijd na de vulling , vooral wanneer men niet kluiten , maar gruis gebruikt . Daarbij komt dat er dan dampkringslucht wordt opgenomen en dat er groote massa ' s koolzuur bij de verbranding in de retorten ontstaat . Adressanten vestigen op dit verlies van gaz de aandacht van den Raad , daar zij meenen , dat daarmede het lichtgevend vermogen en dus ook het meerdere verbruik",0,N
"De duizenden zijn gekomen . Van alle zijden stroomden ze toe . De straatwegen waren bezaaid met menschen , op het perron van het stationsgebouw vormden ze een zwarte massa en tegen twaalt uur krioelde het in het Oranjepark van vreemde bezoekers . Dat was een zeer opwekkend schouwspel na de eenigzins drukkende leegte op den eersten tentoonstellingsdag . Een anderhalf uur vroeger had ook de Koning een blijk",1,Y
"leger . De uitkomst heeft intusschen de verwachting bedrogen van allen , die in een oorlog met Pruissen het middel zagen om het wankelende keizerrijk op hechter grondslag te vestigen en de woelingen van de democratie te overwinnen . De massa is steeds vóór het succès , en het succès van een veroverend leger zou dë pogingen van de demagogen krachteloos hebben gemaakt . Nu evenwel die toeleg niet is gelukt en Napoleon van een der magtigste vorsten van Europa",1,Y
", is ingezet en daarna verhoogd als volgt : De perceelen : I . f 7201 ; II . ƒ3235 ; III . f 3 * 40 : IV . f 1970 en V . ƒ 2125 , en de massa op ƒ 17966 . Inmiddels kunnen hoogen gesteld en inlichtingen verkregen worden ten Kantore van Notaris MOLL te Arnhem .",0,N
"achtersten Kievietswaard tot de Spieringsluis onder de gemeente Werkendam , met de uitvoering van al de daarmede in verband staande werkzaamheden , behoorende tot de werken der Merwede en Killen in de provincie Noordbrabant , in twee perceelen en in massa . Bij de aanbesteding van 18 Maart bedroeg de laagste inschrijving voor de massa f189 , 000 ; maandag was de laagste inschrijver de heer J . van der Velden , te Papendrecht , voor f 190 , 500",0,N
"vijandelijkheden te willen staken , zoodra Rusland en Oostenrijk de verzekering geven , Griekenlands belangen op de conferentie te zullen behartigen . De grieksche troepen hebben inmiddels de hoogten die Dhomoko beheerschen bezetf Er wordt bijgevoegd « ondanks de groote massa sneeuw , die viel . """"""""",0,N
"duidelijk voorzion dat bij de verderaf staande klassen der niet - kiesgeregtigden de onverschilligheid vooral niet minder zal wezen . Om met oordeel des onderscheids te kiezen , moet met oordeel des onderscheids in politieke zaken voorafgaan , en de massa van ons publiek heeft daarvan nog geene bewijzen gegeven . Wel van het tegendeel , want een groot deel van hen die de moeite willen nemen te gaan stemmen , schrijven eenvoudig de namen na , welke hunne kiesTCreeniging",1,Y
"en tachtig veldslagen en gevechten groote en kleine , geleverd , de Duitsche cavalerie kan gezegd worden eiken dag te hebben gevochten , en haar inzonderheid zal eenige verligting worden gegeven . / / Met spoed komen er oneindig groote massa ' s krijgsmaterieel per spoortrein aan . De wagens beladen met nieuwjaarsgiften voor Parijs , om eene hier in zwang gekomen uitdrukking te bezigen , vormen eene reeks die , letterlijk , mijlen lang i9 . Doch vooralsnog zal",0,N
"Omdat de Maarschalk niet ten volle op het leger vertrouwt — op het leger , dat redeneert en in zijne gelederen den geletterde heeft naast den onwetende . Omdat achter dat leger de gewapende territoriale magt staat , die de massa der kiezeis vormt . ' t Actieve leger zou tegen het territoriale niet optrekken . Mac - Mahon zou dit alles hebben begrepen en — zal hij zich dan onderwerpen ? Dat gelooft de bewuste correspondent niet . Hij",1,Y
"water in het kanaal was blootgesteld . Ten gevolge daarvan stortte een deel van dien muur om en in den val werden verschillende spoorwegrijtuigen , met vaartuigen en stoomkranen op de belendende werven medegesleept , zoodat alles tot eene onzamenhangende massa door elkander werd geworpen . De muur werd over eene lengte van minstens 350 voet omgeworpen en de schade wordt op f240 , 000 berekend .",0,N
"hunne kavallerie en artillerie eene demonstratie kunnen doen op het front der Saar tegenover Saarbrücken en Saarlouis , in schijn eene poging doen om die rivier over te steken tusschen la . tstgenoerude stad en Trier , en mét de massa hunner infanterie — het wapen bij uitnemendheid voor den aanval in doorsneden terrein — de linie der Pruissen bij Landau forceren en daarna links oprukken , om de verdedigers terug te drijven naar de Moezel en at te snijden",1,Y
"30 Junij 1873 . i ) De geheele oplevering van al de werken wordt bepaald op 30 September 1873 . 11 Voor eiken dag latere oplevering bij iedere tijdsbepaling wordt bij perceelen voor ieder perceel f 50 en voor de massa f 100 op de aanneemsom gekort . """""""" Hierdoor vervalt de aankondiging van 5 April 1872 . De kosten der eerste besteding komen mede ten laste der aannemers . Inlichtingen zijn te bekomen bij den Hoofdingenieur van den Waterstaat",0,N
"29 Mei te Turcoing 20 , 000 , te Notre Dame aux Bois 10 , 000 , te Notre Dame du Lac 50 , 000 en even zoo veel te Montaigne . En nu in Frankrijk 1 Zonder van de massa ' s te spreken , die in het begin der lente Lourdes bezochten , wijzen wij slechts op Chartres , waar van 26 tot 28 Mei 60 , 000 bedevaartgangers bijeenkwamen , waaronder 14 bisschoppen , 150 afgevaardigden en",1,Y
"dat do meerderheid in het Folkething de Eerste Kamer kon duingen , hare meening te volgen . Spreker werd slechts in het kort en zeer beleetd door den minister van Éeredienst opmorkzaam gemaakt , dat zalk eene tyraonie van de massa geheel ' in strijd mot alle vrijheid moest zijn , en daarmede eindigde het driedaagsche debat zeer rustig en kalm , alsof er geen storm op handen was . Van al de belangrijke wetten , die tot hiertoe voorgelegd",1,Y
"levert zoowel voor de verdediging als den aanval een zeer gecompliceerd terrein op . Wanneer de Pruissen de Saar verdedigen en de Franschen haar aanvallen , zouden de krijgsbewegingen in de volgende kunnen bestaan . De Pranschen zouden met de massa van hunne kavallerie en artillerie eene demonstratie kunnen doen op het front der Saar tegenover Saarbrücken en Saarlouis , in schijn eene poging doen om die rivier over te steken tusschen la . tstgenoerude stad en Trier , en",1,Y
"een gelukkiger land , dan Frankrijk , zelfs onder de beste en voortreffelijkste Commune - inrigting zou kunnen zijn . Maar in Frankrijk is nu eenmaal de kwestie aan de orde , of de plattelandsbevolking , die gewoonlijk een kneedbare massa is in de handen van het centraal gezag , op den duur de bewoners der steden overstemmen en deze daardoor van allen politieken . invloed berooven zal . — En , uit dit oogpunt bezien , mogen de best",1,Y
"hem toe : — Nou , jij bent ook een gauwdief ! Zelfkennis en Menschenktnnis , Het leven in groote steden heeft vele aanlokkelijke zijden ; de aanlokkelijkste is , om onopgemerkt to kunnen opmerken , en de menschen in massa te beschouwen . Botsing , wrijving , aan - en afstooting der verschillende standen , vormen een groot tafereel , waar zelfs de kleine partijen , hoogst belangrijk zijn . Evenwel ontdekt men den mensch in zijne fijne en",1,Y
"voor bet publiek werd gesloten gehouden , en waar nog een paar lofzangen werden ten gehoore gebracht . Toen het duister viel , werden de eereboog en de pastorie a giorno verlicht , en spoedig bewoog zich alweder eune groote massa op den Heuvel Ten half acht uur werd den eerw . pastoor door de Nieuwe Koninklijke Harmonie eene serenade gebracht , bij welke gelegenheid zijn eerw buiten kwam , en o . a . zijne beste wenschen ook voor",1,Y
"heeft . Met de dames zal hetzelfde het geval zijn . Kortom , de kring van voogden en voogdessen zal op gelijke wijze worden zamengesteld als andere collegien van dien aard , en er bestaat geen waarborg , dat de massa van de weezen van betere conditie zal wezen , dan de massa van hen tegenwoordig is . Enkelen zullen vermoedelijk een beter lot genieten dan onder een slechten voogd , maar de meerderheid zal ook onder deze , als",1,Y
"geheel opnemen . Alleen vermelden wij , dat door den pleitbezorger van het arme dier den wensch wordt uitgesproken , dat van de overwinst der mestvaalt in d « eerste plaats iets mocht worden afgezonderd voor de opruiming van de massa ' s sneeuw , die de straten bijna onbegaanbaar maken , ' t Is zeker wenachelijk dat betreffende de reinigiag der straten maatregelen genomen worden .",0,N
"bouwland wordt gebezigd . Een en ander , door deszelfs ruime ligging bijzonder geschikt tot het oprigten van eene uitgebreide fabriek - of handelszaak , of tot bebouwing met Weekwoningen , zal worden geveild in zoodanige perceelen , onderdeelen en massa ' s , als omschreven zijn bij alom verspreide aanplakbiljetten met aangehechte kaart , waaromtrent nadere inlichtingen kunnen verkregen worden ten kantore van voornoemden Notaris en van den Notaris TEDING VAN BERKHOUT , alsmede bij den Heer VAN SOMEREN",0,N
". Na eerst eenige dagen den schijn van onbaatzuchtigheid te hebben aangenomen deed het zich spoedig in hare ware gedaante kennen , verzette zich tegen iederen maatregel ; de intransigenten wisten een deel van het leger te demoraliseren , de massa ' s tot de onzinnigste opstanden op te wekken en eindelijk het gansche land door misdadige manoeuvres in spanning te brengen . / / De regering , eerst onder Figueras , daarna onder Pi y Margall , was vlottend",1,Y
"waaruit hg bew « es , dat de tijd van de vervulling der H . Schrift zeer nabij is . De zaal was eivol en veel te klein om al ae toehoorders te bevatten , zoodat het publiek in grooto massa voor en in het gebouw zich verdrong . Da Keizer van Rusland heelt op hot adres van den Algemeonen Nederlandschen Vredebond geantwoord : » ik heb sympathie voor uw doel , maar om te trouwen zjjn er twee noodig",1,Y
"geeft een somberheid aan het tooneel . Te Forbach , aan ' t station , veranderde alles plotseling van aanzien . Het had den schijn alsof het Fransche leger hier zijne voorraadschuren bijeenverzameld had . Duizende zakken haver , ontzaggelijke massa ' s brood en meel , kisten en vaten met wijn , officiersbagage , boeken , wapens , krijgsvoorraad , uniformen , alles in een bonte massa door elkander . Ook vond men zeer veel vrouwentoiletten , waarmede men",0,N
"zal ik nimmer vergeten . De troepen trokken voorbij met de kolven van ' t geweer naar boven : zij kwamen vrede brengen ; zij hadden niet willen schieten . Eensklaps houden ze stil , en wij staan in de massa vóór de huizen , waarvan de benedenverdiepingen gesloten zijn of gesloten worden . < ] a va commencer hoort men sommige pessimisten roepen , wan { de troepen staan tegenover andere bataljons van de nationale garde . Ik wenschte",1,Y
"Berlijn gehouden , had het volgende voorval plaats . Op het oogenblik dat een der ministers het woord voerde in het Huis , trok een donderbui over de stad , deze ontlastte zich op het onverwachts en stortte een verbazende massa regen , met hagel vermengd , neder . Het donderend geraas , daardoor teweeggebracht in de zittingzaal , verhinderde dat men eenig woord des sprekers kon verstaan . Het toeval wilde , dat er tevens een ruit der glazen",0,N
", zoodat ze als het ware een dijk vormden , tegen welken het water zich verscheiden dagen had opeengehoopt . Doch den 23sten Junij , bij het krieken van den dag , moet die dijk bezweken zijn , zoodat de massa water als eene lawine zich op het ongelukkige dorpje wierp en al wat tegenstand bood verbrijzelde of deed wijken . Men verbeelde zich het ontwaken der arme bewoners ! Bij het wegruimen der puinhoopen vond men de lijken van",0,N
"zij geleerd hebben , zij zullen erkennen , dat dit zeer weinig te beteekenen had . Alleen de bevoorregten , wier ouders fortuin genoeg hadden om hen te laten studeren , bereikten een hoogeren trap van ontwikkeling . Maar de massa stond en staat zeer laag ; onze beschaafde kringen leveren daarvan overvloedige bewijzen . Er was een tijd , dat zij die te Breda hunne opvoeding genoten hadden , de wetenschappelijke wereld vertegenwoordigden , in wier schaduw anderen ,",1,Y
"leve Fock ! geroepen zoude zjjn ; — de oploop schjjnt een dreigend aanzien te hebben gekregen , want toen ik mij tegen half elf uur naar die straat begaf werd zij door cavallerie bezet en met de sabel de massa uiteen gedreven ; in de geheele buu ^ t ( het volkrijkste gedeelte der stad ) is veel publiek op straat en hoort men verwenschingen tegen den burgemeester : » de rijken kunnen kermis houden zooveel zij willen """"""""",1,Y
"dozijn borden waarvan de oietaalwaarde per stuk is 325 gulden . En toch is deze verzameling slechts een deel van den goud - en zilver - rijkdom der Enjelscho kioon . In den Tower te Londeu bevindt zich nog een massa tafelzilver , drinkvaten enz . , die mede een zeer aanzienlijke waarde vertegen woordigen . Chicago , dat vóór ruim 9 maanden schier geheel in de asch werd gelegd , verheft zich in nieuwen glans met waarljjk verbazende snelheid",0,N
", nummer 813 en 1989 . Dit bouwlaud wordt in 5 perceolen en dan in massa geveild . 14 koop . 13 aren 90 centiaren Weiland , de Melnlen , sectie D , nummer 1814 . 15 koop . De massa van al het voorsclirevene , in het geheel groot 9 heet . 14 aren 60 ceutiaren . Nadere inlichtingen zijn te bekomen ten kantore van den iustrumenteerenden Notaris , alwaar de figuratieve kaart ter iuzage ligt . fOp Woensdag",0,N
"of pupillen derwaarts zenden . Zou nu dat examen niet kunnen worden uitgesteld of wel tle afneming daarvan bepaald in eene gemeente , waar geen besmettelijke ziekte heerscht ? In de noordelijke provinciën van ons land is dingsdag eene digte massa sneeuw gevallen , onder anderen te Amsterdam , terwijl de binnenlandsehe postgemeenschap daardoor is gestremd . De postkar des nachts van Amsterdam naar Haarlem rijdende , is in de sneeuw blijven steken . Tengevolge der sneeuw en den daaropvolgenden",0,N
"Grinet , fabrikant in kalk , begaven zich naar den kalkoven gelegen aan den weg van Hamoir naar Lassus . Zij haalden er twee kubieknieters kalk uit en daar deze met eene korst bedekt was , klommen zij op de massa , ten einde de korst aan stukken te slaan . Eensklaps barstte zij onder hunne voeten open en de twee ongelukkigen zonken tot aan den hals in de brandende kalk . Tilman was binnen een kwart uur verstikt ,",0,N
", hoe meer in de juiste verhouding harer sterkten , deze openbare meeningen vertegenwoordigd zijn , des te meer is de Vertegenwoordiging in wezenlijkheid , de Vertegenwoordiging van het geheele land en van het geheele volk . Trek van de massa der niet kiezende kiezers hen af , die uit gemakzucht , uit onverschilligheid , uit onwetendheid hunne stemmen niet uitbrengen ; er zal nog een groot getal overblijven dat te huis blijft omdat de vraag van de opinie in",1,Y
": Perceelen 1 en 2 . n 1 , 2 en 3 . n 4 en 5 . / / 1 , 4 en 5 . n 1 , 2 , 3 , 4 en 5 . Op de vierde massa moet het eerste bod zijn minstens ƒ 200 , en op de generale massa minstens f 300 . Alles te bezien dagelijks behalve Zaturdag en Zondag , van 12 tot 4 uur , met een kaartje van den Notaris",0,N
"gecombineerde vergadering van onderwijzers - gezelschappen in ' teerste district van Overijssel werd gesproken over het leeren lezen . » Onze leerlingen worden daarmede te vroeg bezig gehouden """""""" — zeide de heer Doornenbosch . » Zij moeten eerst eene massa aanschouwingen hebben opgedaan en kunnen spreken en zich » bewust zijn . """""""" » Op 7jarigen leeftijd behoort men met het lezen te beginnen . """""""" Anderen waren van oordeel , dat schoolverzuim , ' t vroeg verlaten van",0,N
"hebben den prijs der melk reeds verhoogd , daar er weinigen meer zijn , die melk van gezond vee kunnen verkoopen . De handel in aardappelen beteekent hier niets . Kleine partijtjes worden aan de burgers afgeleverd , maar de massa blijft tot nog toe onverkoopbaar . Voor goede ronde wolkammers besteedt men 2 gulden per hektoliter jj en voor bergsche gele f 2 . 50 . De beetwortelen worden druk afgescheept . Men is tevreden over de uitkomst ,",0,N
"nam Burgers eenige bekende schoolmannen mede , voor wie vette posten in de Transvaal we ~ en weggelegd . Die mannen kwamen in gindsche streken aan , beladen met de wetten op hooger , middelbaar en lager onderwijs , eene massa schoolboeken en boeken over de school en met het plan bezield om zoo spoedig mogelijk in de Transvaal alles ten onderste boven te werpen en uit deze wanorde de orde en den bloei des lands te doen voortkomen .",0,N
", en waarmede hij zich overal zoo populair maakt . Twee reusachtige bouquetten en een lauwerkrans met de oostenrijksche kleuren werden aan zijne voeten nedergelegd en door zijn liverei - bediende zorgvuldig weggeborgen . Later viel aan bergen van de massa bouquetten niet meer te denken . Strausz is aan dergeljjk huldebetoon lang gewoon , maar het bewijst toch dat men hem waardeert ook waar dozijnen van natiën vertegenwoordigd zijn . Heden avond zal hij ons ten tweedemale op een",0,N
", dat men er met een dunne straal op laat loopen ; men mengt alles door elkander en zift het . Men wendt het middel aan door te strooien of te vermengen . De ontsmetting volgt onmiddelijk . Voor eene massa van een kubiek voet , die men desinfecteeren wil , ziju twee decagrammen van het poeder voldoende . — Do Neue Freie Presse , uit Weenen , bespreekt , den 23 . dezer in een hoofdartikel de mogelijke aftreding",0,N
"wijze van draaibus naar alle rigtingen kan worden gewend ; zij zijn niet hooger dan een voet boven den waterspiegel . Een schot met zulk een geweer , waarop niet minder dan 7 nederlandscho onsen hagel gaat , tusschen een massa ganzen of ecuden , doet niet zelden een vijftigtal sneuvelen , ja zelfs werden er eens 84 tegelijk gedood . Voorwaar , het wild op Texel gaat een donkere toekomst to gemoet , want niet alleen onder het waterwild",0,N
"Voorts ziet men generaal Gurko of den grootmeester van politie door de straten rijden in een open droschky , bespannen met twee paarden op Eussische wijze en geescorteerd door een brigade kozakken , die hun zwepen doen klappen . De massa der bevolking volgt dit schouwpel met een houding , waarin angst en schrik voor het vreeselijk en geheimzinnig uitvoerend comité en niet minder voor het verschrikkelijke regeerings - stelsel , waaraan het land onderworpen is , zijn afgeteekend ,",1,Y
". De Bund berigt dat gisteren in de rigting van Montbeliard en van Belfort een hevig schutgevaarte gehoord is ; dat de vertegenwoordigers dier Vezelay door de Franschen in brand geschoten was , en dat de bevolking dier omstreek in massa met have en goed naar Zwitserland vlugtte . Kopenhagen , 7 November . De nieuw benoemde Amerikaansche gezant alhier heeft heden zijne geloofsbrieven aan den Koning overhandigd . Florence , 7 November . De Opinione berigt dat ten gevolge",1,Y
"naar het dek klom . Er werden nog een paar woorden gewisseld , vervolgens verwijderde het bootje zich en op nieuw begon de machine te steunen , op nieuw begon . het porren van de stokers beneden in die gloeijende massa , zoodat de kolendamp zich in dikke , zwarte wolken een uitweg zocht . En men stoomde al verder en verder . En de duisternis daalde schielijk , want in deze streken is , zooals men weet , de",0,N
"was gepasseerd , nam het paard een geweldigen zijsprong en — voor iemand er nog aan kon denken — stortte paard en wagen met de inzittenden in de belendende sloot . Gelukkig bleef alles direct vastzitten , dank zij de massa modder in de sloot . Evenwel verkeerden de burgemeester en de knecht in eene benarde positie . Zij konden niet dan met moeite van onder den wagen over het paard en door den modder op het drooge komen .",0,N
"bloedende wonden en builen . Ook tot in de huizen van Genève strekte de verwoesting zich uit . De drukkerij van het Journal de Genève werd op het oogenblik dat het blad ter perse zou komen , met zulk een massa puin cn steenen bedekt , dat men tot in den nacht bezig was die weg te ruimen en in het museum Rath hebben verscheiden stukken waaronder van dc la Rive , Calame en Dominichino zwaar geleden . Alle deze",0,N
"te breken , waarschijnlijk om dan langs de Noordelijke grenzen zich met MacMahon te vereenigen . De Franschen marcheerden op eene hoogte , de Duitschers stonden in de laagte . Van beide zijden , maar vooral van Pruissische , werden massa ' s artillerie in het gevecht gebragt . Ondanks de groote verliezen die zij leden bleven de Franschen evenwel doormarcheren . De avond viel , en nog was de strijd niet beslist . Al de dorpen in den omtrek",2,A
"gemeente Zelhem , groot 72 , 86 , 92 zijn ingezet en met de hoogen gebragt op f 11173 ; de WEI in ' t Broek gemeente Ruurlo , groot 4 , 73 , 90 op f 1891 en de massa op f 14234 . De toeslag heeft plaats Woensdag 8 September a . S . voorna , precies elf uur , in het Logement hef Witte Paard te Zelhem . , , , , ,",0,N
"massa steeds dieper in armoede . Terwijl zij slechts weinigen in staat stelt paleizen te bouwen , grootsche parken aan te leggen , meer dan vorstelijke praal ten toon te spreiden , kostbare gastmalen te houden , brengt zij de massa steeds meer en meer er toe hare toevlucht te zoeken in de ellendigste vertrekken , in lompen gekleed rond te loopen en zich met een weinig aardappelen en wat zout tot voedsel te vergenoegen . Daarby is de arbeid",1,Y
"waant » die grosse Eiche """""""" gevonden te hebben . Eindelijk staat men tegenover dien kolossus der middeleeuwen ; nu is geen verwisseling meer mogelijk . Men staat geheel opgetogen en men gevoelt zich zeer klein tegenover zulk een indrukwekkende massa . Allerlei gedachten doorvoelen het brein . Wat tal van vragen zou men tot dien boom kunnen rigten . Hoevele geslachten zag hg voorbijgaan ; hoevele koningrijken gingen ten onder ; hoevele troonen stortten in ; want volgens het",0,N
"in Poethoek , groot 75 aren 25 centiaren , sectie E , No . 355 . De Dennen - en Eikenboomen zullen eerst afzonderlijk geveild worden , daarna zullon perceelen grond met de boomen in verschillende combinatiën en eindelijk de massa teu verkoop worden aangeboden . Aanwijzing door dea Boschwachter te Roggel . Inzage der kaart en verdere inlichtingen zijn te bekomen ten kantore van voornoemden Notaris Leclercq . ZEGT HET VOORT .",0,N
"en als ik u eens vertelde , watii daar op mijn 13de jaar geboord en gezien heb , dan zoudt gr verbaand staan . Als ik uiet dien tijd den tegenwoordigen tij . vergelijk , en ik stel tegenover die massa vagebonden , die ik d ; : : gekend heb , de fliuke blozende knapen , die thans daar zgn , enii bet algemeen onze lieve , vroolijke , flinke boys , dan kom ik v onze knapen op",1,Y
"jeen even goed succes moge hebben . Naar het ons voorkomt , worden door dat bestuur alle middelen in het werk gesteld , om dien optogt zoo luisterrijk mogelijk te doen zijn , opdat Assen met deze feestelijkheid tegenover de massa vreemdelingen een goed figuur make . Krachtige steun van de ingezetenen blijft daarbij echter hoogst wenschelijk . Wij vleijen ons evenwel , dat ook deze oproeping van het bestuur niet te vergeefs zal zijn . Wij vernemen , dat",1,Y
"te Groningen , en J . J . s Copenbagen , israelitisch godsdienst - onderwijzer te Amsterdam , uitgenoodigd en reeds beëedigd om ten dien aanzien advies uit te brengen . * Kuinre , 19 oct . Ontzettend is de massa en buitengewoon hoog zijn de prijzen van het vee , dat hier uren in den omtrek wordt opgekocht om te leveren aan de stations Steenwijk of Meppel , ter verzending naar het buitenland . Vooral jong vee en dragtige",2,A
"naar Holland worden voorbereid . Van het gestorven rund worden ook even als van het paard , ruggestrepen in den handel gebracht , die deels in Meppel , deels aan de winkeltjes in Amsterdam , te gelijk met de groote massa ' s rookvleesch worden verkocht . Zondags morgens vooral worden beide artikelen , in zakken , — de nagelhouten ook wel in kisten — op de boot gebracht , met bestemming naar Amsterdam . Dan komt de kiel met",0,N
". die geen oogenblik het ziekbed harer door mazelen aangetaste zusters dona Blauca en dona Elviva verlaten heeft , is thans zelve aan de ziekte lijdende . — In het zuidwesten van Frankrijk is in de laatste dagen eene ontzettende massa sneeuw gevallen . Aan den Réveil du Dauphiné wordt uit Balme - du - Reucurel geschreven , dat op sommige plaatsen de sneeuw eene hoogte bereikt van l 1 / , meter . De sneeuwjacht ging met stormen gepaard",0,N
"locomotiven en stoomwerktuigen , dagelijks 40 , 000 kilo meel geproduceerd . Bij Cail & Co . maalt men 500 , 000 kilo per dag ; bij ons wordt rijst stukgemalen . Bij 8 . maakt men bommen uit de massa ' s ijzer , die nog te Parijs in voorraad zijn . Onze laatste hulpbronnen zullen de hekken zijn , die de standbeelden omringen . Maar hiertoe behoeven wij nog volstrekt niet onze toevlugt te nemen . » Brandstoffen",0,N
", maar niet minder geducht dan bij de voorlaatste manoeuvres . Twee bataillons , in tien deelen ( compagnien ) opgelost en van cavalerie en geschut voorzien , hebben , in gunstige stelling geplaatst , slag geleverd tegen de overige massa . Noordwestelijk van het dorp Garderen is een circa 20 voet hoog verheven plateau , van waar men alle evolutien en vuren kon gadeslaan en de bezoekers , als op de gaanderij van een schouwburg , de schoonste gelegenheid",1,Y
"gemakkelijk . . ° , • ' afgeslagen , met een verlies bij den vijand v * n 25 dooden , terwijl aan onze zijde slechts 3 ligt gekwetst werden ; De onderwerping bleef nog ontbreken , al schijnt de massa van het volk het vechten moede . Het logies voor de achterblijvende magt is bijkans voltooid . De hoofdmagt zal einde van April of begin van Mei op Java zijn . Tweede Kamer der Staten - Generaai . Gisteren",1,Y
", met een hol , dof , schrikkelijk vreemd geluid , dat op een doodsnik , een wanhopig gebrul geleek . De rots beefde bij den schok , als bij den stoot van een stormram ; dan verspreidde zich eeue massa schuim over de golvende diepte , duizenderlei grillige en kristallijnen figuren doorkruisten elkander , verdwenen langzamerhand en de zee trok zich als overwonnene terug om terstond den aanval te hernieuwen . Het jonge meisje stond n ^ ast mij",0,N
"dat kanaal huizen zullen wo den gebouwd , gronden daaraan gele ^ i ' n , voorzoo ver van veen ontbloot en nog niet ontgonnen , maar daarvoor zeer geschikt , spoedig aangemaakt zullen worden , terwijl ook overigens eene massa grond , die nu doelloos en zoi ' der waarde ligt , bp e - ne i ? o ) de afwatering , die verwac . ht wordt , iu heerlijk l « nd zal herscoapen wordjn . Er",0,N
"ACHTERHUIS , HOOIBERG , VARKENSSCHOT en TABAKSSCHUUR en daaraan gelegen BOUW - of TABAKSLAND met HOUTGEWAS ; te zamen 3 Bunders en ruim 87 Vierkante Roeden groot . Verdeeld in acht perceelen , die zoowel ieder afzonderlijk als in verschillende massa ' s zullen geveild worden , en waarvan dadelijks aanwijzing geschiedt door de Pachster de Wed . WOUTER KABEL .",0,N
"prijzen te koop was ; veel orders schenen echter niet in handen te zijn , zoodat er nog al wat onverkocht is gebleven . Berigten omtrent het nieuwe gewas zijn zeer uiteenloopend , maar komen hoofdzakelijk hierop neder dat de massa , hoe wel gezond , te kort en dun staat cn enkele stukken met eene volle lengte ; algemeen verlangt men naar regen . AMSTERDAM 17 Junij . Tarwe zonder bandel . Rogge in loco prijshoudend ; n .",0,N
"vonden het lijk op den vloer uitgestrekt , daar het touw waaraan hij hing gebroken was . MEPPEL 4 Oct . Onze stad bood heden een tooneel van bedrijvigheid aan , als slechts zelden ' t geval is . Ern massa boerendochters , die op dezen dag ( Boterdonderdag ) haar uitgaansdag na de kermis hebben , waren opgekomen , \ > m getuige te zijn èn van de prijzen die hare waar ( de boter ) maken , èn",1,Y
"straat heen en weder , allerlei sprongen makende , achtervolgd door eene schare , die uitgelaten was van vreugd , totdat het ten laatste in een groote zwarte verkoolde massa veranderde en neerstortte . Een der omstanders trapte op de massa , die opensprong en . . . . ik onthoud u de beschrijving van het walgelijk schouwspel . Het stoomschip Cei / lon , met indische en chinesche mailberigten , is 24 januarij des ochtends ten 3 ure te",0,N
"is de rol , die thans de legers spelen ; het tegendeel heeft plaats van hetgeen de traditie zou doen onderstellen . De Duitschers vallen aan ; de Franschen verdedigen zich . De Duitschers handelen met snelheid en met groote massa ' s , die zij zonder moeite doen voortrukken ; de Franschen erkennen dat hunne troepen , na ze veertien dagen bijeen te hebben getrokken , in zulk een toestand van verwarring verkeeren , dat er twee dagen noodig",1,Y
"zij geleerd hebben , zij zullen erkennen , dat dit zeer weinig te beteekenen had . Alleen de bevoorregten , wier ouders fortuin genoeg hadden om hen te laten studeren , bereikten een hoogeren trap van ontwikkeling . Maar de massa stond en staat zeer laag ; onze beschaafde kringen leveren daarvan overvloedige bewijzen . Er was een tijd , dat zij die te Breda hunne opvoeding genoten hadden , de wetenschappelijke wereld vertegenwoordigden , in wier schaduw anderen ,",1,Y
"oog op de volgende zinsnede : de meerdere kosten voor kleeding en wapening . Ligt in die zinsnede een geheim argument verscholen , dat men niet uitdrukkelijk zeggen , maar wel doen raden wil ? Onderstelt men , dat de massa der gehuwden tot de klasse der onvermogenden zal behooren , en dat men dus , door de gehuwden in de reserve te plaatsen , vooral de gegoeden als active schutters zal overhouden en op de kosten van kleeding en",1,Y
"des middags 12 uur in het Hotel DE KLOMP te Enschede , ten verzoeke van den Heer STORM VAN ' S GRAVESANDE doen inzetten en 8 dagen later ter zelfder uur en plaats finaal verkoopen in perceelen , blokken en massa : bestaande in HUIS en ERF en ARBEIDERSWONING , benevens diverse perceelen BOUW - , HOOI - en WEILAND , TUIN , BOSCH , HAKHOUT en HEIDE , alles aan en bij elkander gelegen aan den straatweg van Enschede",0,N
"met een 48 - ponder aan de voeten , in de schoot der golven haar graf vond . Sir Thomas F . heeft te Bordeaux een driemaster , le Moustique , gehuurd en geheel voor den togt uitgernst . Een massa kolosale werktuigen zijn reeds ingeladen , met behulp waarvan hij hoopt te zullen slagen . De plaats waar het lijk in zee zo : is met juistheid te bepalen , dewijl de Kapitei : hoogte nam . Het is",0,N
"wordt ingevoerd . Dit cement wordt vervaardigd door krijt en klei zeer fijn verdeeld onder elkander te mengen , en de massa te verbranden . Hierdoor verliest het krijt koolzuur , de klei water ; en bij het bevochtigen der massa met water , vormt zich eene verbinding van kalk met aluinaarde en kiezelzuur , welke spoedig steenhard wordt . Daar nu klei en krijt hier te lande in overvloed zijn te krijgen , ( de eerste langs onzo groote",0,N
"hem magtigde bezit te nemen van de Transvaal en het in haar naam te besturen . De daad werd , het is waar , gemakkelijker gemaakt door een klein gedeelte der bevolking in óf bij de hoofdplaats ; maar de massa van het volk protesteerde er dadelijk tegen . Afgevaardigden werden naar Engeland gezonden met een memorie aan het departement van Koloniën , maar de minister weigerde het in overweging te nemen ; zij moesten zonder antwoord vertrekken . Toen",1,Y
"begin aan de zaak te geven . — Van wege het ministerie van oorlog is vele dagen achtereen te Straatsburg verkooping gehouden van allerlei soort van wapentuig : sabels , pistolen , geweren , in één woord van een verbazende massa buit gemaakt oorlogsmaterieel , dat voor het Duit & che leger onbruikbaar is en binnen die stad was opgeslagen . De gansche hoeveelheid is voor Fransche rekening opgekocht en onverwijld naar bare bestemming vervoerd . — Een reeks zeer",0,N
"verspreidden zich in alle rigtingen , alles vlugtte en redde wat te redden was , en er heerschte een ware paniek onder de bevolking der meest bedreigde plaatsen . In den nacht van den 26sten op den 27sten vermeerderde de massa zich geweldig ; de vuurzee baande zich een weg naar alle rigtingen ; zij bereikte San Sebastiano en naderde San Giorgio , Cremono , Torre dell ' Annunziata en Torre del Greco . ' Volgens een telegram van gisteren",0,N
"gladden marmerachtigen steen , waarop en datum van het overlijden met behulp va n een onuitwischbaren inkt kunnen geschreven gorden . Of ^ vel in brons uit gesnedene portretten van den afgestorvenen kunnen dienen als form om in de weeke massa een camée te drukke dat men als broche kan dragen en ongetwijfeld in elke familie van alle familiestukken 0 f overblijfselen aan geliefde bloedverwanten de allerhoogste waarde zal hebben . Wij maken nogmaals de duizend en meer aanhangers van",0,N
"veertigtal kinderen boven de schooljaren werk kunnen vinden en voor nuttigen arbeid opgeleid worden . EMMEN , 12 Dec . De heer W . A . Schollen , industrieel te Groningen , is thans door aankoop eigenaar geworden van een massa bovenveen , met de ondergronden , toebehoorende aan de deelgerechtigden in de Drentsche Oranje Kanaal - en Veen maatschappij . Yoor deze gemeente zal dit gewis gunstige gevolgen hebben , want , naar men verneemt , zal de heer",0,N
"en uitkomende in de Langstraat , bij vorige annonces in het breede omschreven , is ingezet en verhoogd als volgt : Perc . I ( HUIS ) op ƒ7725 ; Perceel II ( PAKHUIS ) op f 1300 en de massa op f 13203 ; dat de toeslag bepaald blijft op Dingsdag 9 Mei 1876 , des namiddags ten één ure , in de Harmonie te Arnhem , en dat het pand inmiddels iederen Dingsdag en Donderdag tot den toeslag",0,N
"nadeelige werking op de lichtkracht zou uitoefenen , — verwijderd . Deze gasvormige ligchamen worden vervolgens door middel van ijzeren buizen , waardoor ze een vrij langen weg moeten afleggen , afgekoeld en daardoor voor een gedeelte in een vloeibare massa , de steenkolenteer , veranderd , terwijl een ander godeelte , na nog van eenige schadelijke bijmengselen gezuiverd te zijn , het eigenlijke lichtgas oplevert . Wat in de retorten overblijft , is ten naastenbij zuivere koolstof en wordt",0,N
"weder ontstoken werd , hing hij aan de trapeze . Het was hem echter onmogelijk , de handen los te maken , die zich krampachtig aan den stok van de trapeze hadden vastgeklemd . Men heeft hem als een onbeweegbare massa , stijf als een lijk , van de trapéze afgenomen . Hij heeft verklaard nimmer meer bij avond gymnastische toeren te willen doen , en hij heeft tot nu toe een zenuwachtige beving in zijn leden behouden , die",2,A
"kanker te bederven . Met Veenhuizen en Ommersohans krjjgen we zoo nooit gedaan en de gevangenissen zullen wel bestendig bevolkt bljjven . Ook zal de njjvere spaarzame staatsburger ieder jaar op nieuw het zjjne moeten bjjdragen tot onderhoud eener groote massa armen , die een ellendig bestaan voortslepen , hoofdzakelijk , omdat ze in hunne jeugd geheel verwaarloosd zgn . ' tls mjjne innige overtuiging dat de Staat niet slechts het regt , maar ook de verpligting heeft , om",1,Y
"den toestand . """""""" Voortdurend nobreft - * lage graanprijzen , zoodat niet 29 December 1835 de beruchte wet , waarbij de schaalregten op den invoer van granen werden vastgesteld , in het leven kwam . Zij bezorgde aan de massa duurder brood , vernietigde en verplaatste een groot deel van onzen graanhandel naar Hamburg en maakte den toestand van den landbouwer niet gezond . Tien jaren later werd zij weder afgeschaft , en eerst sedert dat tijdperk is de",1,Y
"Geldersche Kade te Rotterdam , ten overstaan van den Notaris van Wijngaarden aldaar . Boekjes bevattende de Voorwaarden , de beschryving van de Tollen , Tolhuizen en bijhoorende woningen en gronden , de opbrengst over de laatste jaren en de massa ' s , zijn te rekenen van den üösten December 1875 voor tien centen verkrijgbaar bij de Ontvangers der Registratie en Domeinen te Alphen , Brielle , Delft , Dordrecht , Gorinchem , ' s Gravenhage , Leiden ,",0,N
"mits hun zekere voorwaarden worden ingewilligd ; welke die voorwaarden zijn , wordt vooralsnog niet gemeld . De gisteren gehouden revue over het Parijsche garnizoen , waaraan 35000 manschappen deelnamen , werd door goed weder begunstigd en had een ongehoorde massa menschen op de been gebracht . Op de tribune van den president bevonden zich Mac - Mahon , de Schah van Perzie , de hertog van Aosta , de prins van Denemarken , de exkoningin Isabella , de koning",1,Y
"welke plaats men thans , buiten Brussel en de voornaamste Waalsche steden , ook eene verkiezing zou hebben gehouden zou ' t zelfde resultaat verkregen zijn . Dat is bedroevend , maar wat nog erger is , is dat de massa der bevolvolking die heel kalm opneemt en zegt dat met ons regime de zaken er toch niet zooveel slechter om gaan . Men gevoelt niets van het ellendige van den toestand , en eerst dan zal er eene gewenschte",1,Y
"hebben op de door onbetwistbare bewijzen gestaafde zamenspanning van een groot gedeelte van den Poolschen adel en de Poolsche geestelijkheid met andere vijandig jegens het Duitsche rijk on Pruissen gezinde elementen , en op het geringe gewigt hetwelk aan de massa der tegen de wet ingediende petitien te hechten was , daar deze grootendeels op last der hooge geestelijkheid en harer werktuigen vervaardigd en onderteekend waren , rigtte de vorst von Bismarck zich tot do conservative partij in het Huis",0,N
"ingekankerd kwaad ; Maar het geknot met bijlen Zoolang ' t de Menschheid schaadt ! Refrein . Vooruit dan , Progessisten , Met opgehaald vizier , Voor Vrijheid , Recht en Rede , Ontrolt de strijdbanier ! II . De massa zij niet langer , De slavernij ten buit , Rukt flink het woekrend onkruid Met stam en wortel uit . Ons kroost , de hoop der toekomst , Blijv ' wars van valsche deugd , De priesters uit de",1,Y
". Zoo zullen met één slag een paar duizend katholieke kiezers — en dan nog wel geestelijken — van hun kiesrecht verstoken zijn . Dit cijfer is echter weinig afdoende ; men heeft nog een dieper greep gedaan en de massa van het overwegend katholieke landvolk getroffen . In Belgie moet namelijk eene vrij hooge belasting betaald worden voor mixte - paarden , d . i . voor paarden die zoowel voor het landbouwbedrijf als voor zijn eigen genoegen gebezigd",1,Y
"smelte men gele was , witte pek , levertraan en lijnolie , van elk zestig gram , alles behoorlijk omroerende . Voor juchtleder behoeft er niets meer bij ; voor zwart leder voege men er nng bij , zoolang de massa nog vloeibaar is , zooveel fijn gewreven houtroet , tot men de gewenschte zwarte kleur verkrijgt , vier of vijf gram daarvan is gewoonlijk voldoende . Men kan natuurlijk bovensta end smeerse ' gebruiken voor alle leder , dat",0,N
"aanmerkelijke stijging van den prijs van het hooi en den zeer levendigen handel in dit artikel , een zeer merkbaren invloed op deze verpachting uitoefenen zou , heeft zich bewaarheid , daar de uitkomst daarvan aantoonde dat , over de massa of gemiddeld gerekend , deze perceelen ruim - / s meer opbragten dan in 1876 . Van daar dat zich hier het zeldzaTue feit voordoet , dat de binnenvelds gelegen landerijen duurder in pacht zijn dan de uiterwaarden .",0,N
"om ten einde bet vangen van de verboden vrucht te bespoedigen , bommen af te steken , waarvan de uitwerking zolfs 10 meters ij het rond verschrikkelijk is ; de schok , die door dat ver . nielingswerktuig aan de massa water gegeven wordt is ! 0fJ groot , dat al de visch , die zich in den omtrek bevindt , a | s het ware door den bliksem getroffen wordt en onmiddel . lijk boven drijft . Hij had",0,N
"pas bevruchte ejjeren op den rug vau het wijfje deponeert . In nog andere gevallen neemt hij zelfs een nog meer werkzaam aandeel in de eerste opvoeding van bet jeugdig en onervaren kroost , daar hij de door eene sljjmige massa met elkander verbonden eijeren om zijne achterpooten windt en zoo dagen lang den vrij zwaren last met zich medesleept . Het dier dat dit merkwaardig bewijs van voorzorg voor zjjn kroost levert , heeft , daarom den eerenaam van",0,N
", POPULIER - en andere BOOMEN , LANEN en WEGEN , uitmuntende BOUW - en WEILANDEN , gelegen onder de gemeenten Wadenoijen , Ophemert en Avezathen ( provincie Gelderland ) , groot ongeveer Honderd Hectaren , in perceelen en in massa ' s . Het Kasteel is dadelijk te aanvaarden . Nadere informatien te ' bekomen bij den Notaris Mr . J . DE LOUTER , te Amersfoort .",0,N
"de boterhandel , welke vroeger te Steenwgk bgna niets beteekende , hierdoor een belangrijken omvang verkrijgt ligt voor de hand . Door het gemeentebestuur is het oude waaggebouw geheel voor dezea handel ingerigt , doch het kan sorntgds de aangevoerde massa niet bevatten . Eenige Friesche kooplisden , t angemoedigd door premien vanwege het g meentebestuur uitgeloofd , bezoeken geregeld deze ïnarkt , waardoor de handel gewoonlijk vlug van de hand gaat . Ofschoon de prijzen van die te Meppel",0,N
"November aanstaande , des voormiddags ten elf ure , in het locaal van het Departement van Marine te ' sGravenhage , ouder nadere goedkeuring , bij inschrijving , en in het bijzijn van gegadigden die zulks mogten verlangen , in massa zal worden Aanbesteed : het maken van twee IJzeren Lichtopstanden en het opstellen van dezelve op het duin gelegen bij de monding van het Noordzeekanaal in Noordholland . Bestek met Teekeningen en Algemeene Voorwaarden , waarnaar de Aanbesteding zal",0,N
"Geregtsgebouw aan de Prinsengracht bij de Leidschegracht aldaar ; — ten einde : aangezien de Eischer van het beheer en de administratie , doorhem in zijne opgegeven qualiteit gevoerd , in den vorm bij de wet voorgeschreven , aan de massa van belanghebbenden , zoo Crediteuren als Erfgenamen , Rekening en Verantwoording wenscht te doen ; aangezien de Eischer zich daarom tot gemelde Regtbank heelt dewend , met verzoek een termijn te bepalen , ora alle ° zoo bekende als",1,Y
"boorden van en het uitvoeren van verdere werken aan het Noordhollandsch Kanaal , in vier perceeen ; 3 ° . het leveren van meerpalen en het uitvoeren van verdere werken aan het Noordhollandsch Kanaal , in twee perceelen en in massa . Deze Aanbestedingen zullen geschieden bij enkele inschrijving , volgens § 431 der Algemeene Voorschriften . De Bestekken liggen ter lezing aan het gebouw van het Ministerie van Binnenlandsche Zaken , aan dat van het Provinciaal Bestuur van Noordholland",0,N
"nadat de aannemer de waterbemaling in den kanaalput ten gevolge van den grooten aandrang van water gestaakt had , geregeld voortgezet , doch konde hiermede niet krachtig genoeg voortgegaan worden , daar bij de voortgezette afgraving op een zeer groote massa zware eikenpalen , landvesten , beschoeijingsplanken , enz gestuit werd die opgeruimd dienden te worden , alvorens de kanaalpanden Veere - Midddburg en Middelburg - Vlissingen vereenigd konden worden . De voormalige havi ndijk werd 26 Maart doorgestoken ,",0,N
"ziet , als van zelf is zij binnengedrongen en heeft eene schoone en beslissende overwinning behaald . 2 , De beweging bemoedigt ons . Men zegt wel eens de nieuwe rigting is niet voor het volk , niet voor de massa , alleen voor ontwikkelden , die alleen , afgescheiden 6taan van de maatschappij . In Neufchatel is de massa , het volk der nieuwe rigting toegedaan . Zij is dus ook voor den zoogenoemd lageren stand geschikt . 3",1,Y
"ontbraken ook hier de visschers in troebel water niet . Thans is de toestand kalmer geworden en veel verbeterd . Op den 18den woedde de paniek , ten gevolge van geforceerde verkoopen , nog met hernieuwde kracht , en de massa fonds , die hier ter markt kwam , kon , niettegenstaande het buitenland niet onbelangrijke posten kocht , geenszins opgenomen worden . De aandeelen der nederlandsche Handelmaatschappij daalden 5 pCt . en al de overige nationale waarden bleven tot",0,N
"verlaten . Ook den personen , die zich op de balkons van de twee sociëteiten hoek Kalverstraat en Dam bevonden , werd verzocht zich te verwijderen . Op den Dam kreeg de cavalerie het ook druk , herhaaldelijk moest de massa uiteen worden gedreven . Daarbij werd van de sabel gebruik gemaakt . Over het geheel is het aantal gewonden zeer gering . In den loop van den nacht werden een dozijn personen in het Gasthuis gebracht en verbonden .",1,Y
"toeval van stemmingen , tusschenstemmingen en overstemmingen , die eene verkiezing van kandidaten ( zoo ligtelijk tot een politiek lottospel maken . Die zich met den kandidaat vereenigen geven daarvan blijk door hunne onderteekening t ' der kandidatuur . De massa der kiezers kan nu naar het krediet , dat zij voor de onderteekenaren al dan niet heeft , het krediet afmeten dat de kandidatuur verdient , en wanneer men weet wie aanbevelen , is het niet moegelijk ook de",1,Y
"bezig het Journal des Débats en andere fransche bladen , die eene nieuwe lezing omtrent de zending van graaf Hatzfeldt hebben gegeven , af te breken . Het zal dan ook wel niet lang meer duren , of de groote massa zal vergeten zijn alles wat omtrent deze beide europesche vraagstukken in de laatste dagen met meer of minder fiducie is medegedeeld , doch voor hen , die de kronkelingen der europesche diplomatie trachten te volgen , zullen deze geruchten",1,Y
"den armen man met de zeven kinderen . Deze naieve bekentenis toont de oude voorliefde der liberalen voor . leuzen ; daur komt men gewoonlijk verder mede dan met eerlijke bestrijding ! Een leuze maakt byha altijd indruk op de massa , vooral als de leuze zoo ingewikkeld is , dat het volk er niets van begrijpt . Zij behoeft slaclits_ tjen zekeren glans ar , te \ yerpen , die het volk verblindt . . > , - '",1,Y
"dagen stond weder in een achterkamer een flesch , daartoe met de noodige preparaten op een marmeren tafel , toen men plotseling een hevigen knal hoorde De spuitwaterkaraf was gesprongen en van de monture was slechts een in elkander gewrongen massa overgebleven . Het marmeren blad waarop de karaf gestaan had , en dat 2V S cM . dikte had was gescheurd , een paar spiegels in de kamer waren geschonden en overal vond men stukken glas in de meubelen",0,N
"dat vroeger het orgaan der demi - monde heette , maar thans ook het hoofdorgaan der moreele orde gejioemd wordt , • naar de departementen gezonden en door de verschillende comités rondgedeeld . De prefecten zenden voorts aan de maires massa ' s afdrukken van de brochure w MacMahon voor de publieke opinie """""""" , afkomstig uit de drukkerij van het Journal officiel . Ook de Bonapartisten roeren zich ; zij verspreiden Le petit Caporal voor niet en zorgen in",0,N
"cacao af tot het vouwen en inpakken toe . Het sorteeren , roosten , kneuzen , wegen , malen geschiedt met uitmuntend onderhouden werktuigen . Volgens de Gazette des Bouches du Rhóne wordt Frankrijk dit jaar op nieuw door eene massa sprinkhanen bedreigd . In sommige gedeelten van la Camargue , vooral in dat der Saintes Maries , heeft men reeds een aanzienlijk getal eieren ontdekt , die , zoo ze uitkomen , een ware ramp voor het land dreigen",0,N
"de Bijbel Gods woord was ; Van Oyen , die in zoo plechtige ure heeft verkondigd , dat de wetenschappelijk gevormde mensch zich geheel moest scharen aan de zijde van den grooten Darwin , en die alle anderen als de massa van onontwikkelden , van kortzichtigen heeft op zijde gezet ; Gavvo , de vrijdenker , de man van den redelijken godsdienst , de Darwinist , de god lasteraar en godloochenaar , hij komt zijn geloof iu den God van",1,Y
"nog ouders , die natuurlijk niet weinig verheugd zullen zijn geweest hun hoopvolle zoontjes weer te huis te krijgen . Wanneer vergaat de aarde ? » Als — antwoordt prof . Oudemans te Utrecht — de zon , eene gloeijende massa , zich zelf verteert en langzaam afkoelt , eindelijk afgekoeld is . » Dan vergaat de wereld — van koude . """""""" Allen , die ' s professors redevoering hoorden , juichten , maar zij wisten , dat ,",0,N
". Het HEERENHUIS met TUIN aan den Jansbuitensingel , bewoond door Mevrouw de Weduwe STUART , op . . . . ƒ21200 2e perceel . Het KOETSHUIS en STAL met BOVENWONING en ERVE in de Sonsbeekstraat op ƒ 6530 De massa dezer beide perceelen op » 28199 Dc toeslag is bepaald op Woensdag 8 Mei 1878 , des namiddags ten 2 ure , in het Koffiehuis de Harmonie te Arnhem . Inmiddels zijn nadere informatien te bevragen ten kantore van",0,N
"minste de « redenaars """""""" , die zoo spraken , werden niet tot de orde geroepen : de beschuldigde democraten lachten eenvoudig en daarmede was het uit . In het Zuidwesten van Frankrijk is in de laatste dagen eene ontzettende massa sneeuw gevallen . Aan den Réveil du Dauphiné wordt uit Balme du - Rencuel geschreven , dat op sommige plaaatsen de sneeuw eene hoogte heeft bereikt van ' l ' / j meter . De sneeuwjagt ging met storm",0,N
"oogenblik toen ik mijn ladder , die door den hevigen wind vreeselijk slingerde , af zou stijgen en ik op mijn naauw balkon haar wilde innemen , opende zich de lucht en was het mij alsof ik door een draaijende massa vlammen werd mede genomen , en op dertig pas afstands van mij sloeg de bliksem in den top van een grooten boom met een oorverdoovend geraas . Hoe het komt dat ik niet gevallen ben , weet ik nog",0,N
"Pruissische soldaten een oogenblik talmden , of dat orde en krijgstucht er onder leden . Na de zevende proef gaf de Pruissische opperbevelhebber het op ; de brug was met dooden en gewonden overladen , terwijl de roodgekleurde vloed eene massa lijken medevoerde . Men meldt , dat de bekende pianist Carl Tausig , één der eerste musici van onzen tijd , bij Gravelotte het leven heeft gelaten . ( N . v . d , B . ) Als",0,N
"Parijs aan te rukken en het was reeds vroeg in den namiddag op weg . Daarentegen zijn andere troepen in den afgeloopen nacht zamengetrokken op de toegankelijke punten , die het naast bij Metz liggen ten einde iedere desertie in massa van de vijandelijke liniën te beletten , aangezien zoodanige desertie het laatste middel was dat aan Coffinières en Bazaine overbleef om levensmiddelen te sparen en den tegenstand te doen voortduren . Van Mars - la - Tour naar Courcelles",1,Y
"niet in staat om het schip , dat met zijne verschansing elk oogenblik dieper zakte , te doen rijzen . Men zag niets meer ; lucht en water waren niet meer te onderscheiden ; alles was ééne donkere , schuimende massa . Stortregens , een huilende orkaan , een vreeselijk geslingenrd schip , vol water , met meer dan honderd menschen , die hunne uiterste krachten moesten inspannen om niet over boord geslagen te worden , maar toch nog zoo",0,N
"ruime KAMERS en KEUKEN , benevens WASCHHOK in den Tuin ; op de eerste verdieping vier KAMERS en KEUKEN , en daarboven drie KAMERS , ZOLDER en twee MEIDENKAMERS . Dadelijk te aanvaarden en te veilen in twee perceelon en massa . 2o . Dp Villa Lindenheuvél , zeer aangenaam te Oosterbeek aan den Utrechtschen straatweg gelegen , en bestaande in HEERENHUIS met TUIN . ter grootte van 864 centiaren ; bevattende het Huis beneden vier KAMERS , waarvan twee",0,N
"0 . 97 . 60 B . ; sectie B . No . 52 , groot 0 . 31 . 20 B . ; sectie B . No . 53 , groot 1 . 48 . 60 B . De Massa der Perceelen 3 , 4 , 5 en 6 , sectie B Nos . 22 , 23 , 24 , 51 , 52 en 53 , groot 6 . 25 . 50 B . Perceel 7 . BOUWLAND ,",0,N
"Vollenhove zijn gevankelijk naar Zwolle overgebracht . Toevallig dat één hunner op zijn rit naar de gevangenis juist den begrafenisstoet moet zien passeeren van den vermoorden veldwachter De Liefde . Er was een zeer talrijke en buitengewoon opgewonden menschen - massa zoowel bij ' t vervoer der verdachten als bij genoemde begrafenis tegenwoordig . Omtrent het ongeluk , Zaterdag te Utrecht voorgevallen , deelt thaus het Utr . Dagblad de volgende bizonderheden mede : z , De beide dochters van",1,Y
"en vier zwaar gekwetsten zijn van or , ier de puiuhoopen te voorschijn gehaald . — Bittere klagten gaan iu Rusland op over het ellendig beheer der posterijen . Brieven en paketten , met of zonder geldswaarde , raken bij massa zoek . Iemand te Brjansk ontving laatst een courant tusschen welker bladen drie postwissels zaten , die , door de slordigheid der postbeambten , waren tusschengesehoven . » Indien """""""" — roept de Mosk . Ztg . , vol",0,N
"van eenige utopisten , de reizen buiten de stad eensklaps afgeschaft , en ons repertoire hadden saamgesteld alleen uit stukken , te verdedigen voor de litteraire critiek . Soms moest er dus worden gereisd , soms moest er op de massa worden gewerkt en de opvoeringen van Maria Antoinette en Sinjeur Semeyns was daarvan het gevolg ; een gevolg zeer bevredigend voor onze tinancien , zelfs zoo bevredigend , dat wij daardoor in staat waren alle zorg te besteden aan",1,Y
"en onze tribunalen , onze magistraturen bieden ons slechts leerlingen aan der oude universiteiten . HET STELSEL VAN OPENBAAR ONDERWIJS DAT THANS BESTAAT , IS DUS IN ZIJN INNERLIJK WEZEN SLECHT ; BIJNA NERGENS BESTAAN LAGERE SCHOLEN , ZOODAT DE MASSA DES VOLKS OPGROEIT ZONDER ONDERWIJS . """""""" Tegen dit levende feit kan het argument der thans zoo vurige liefde van de liberalen voor het onderwijs niet baten . Daar helpt geen geschreeuw tegen zulk een feit . Het liberalisme",1,Y
"als ballast medevoeren , bederft hen voor han geheele leven . De exceptioneel vluggen kunnen misschien aan zulk een regime weerstand bieden ; maar voor de middelmatige verstanden , die toch wel altoos de regel zijn zullen en waaruit de massa der bruikbare menschen voor de maatschappij moet voorkomen , is dit veel leeren eene methode om alle intelligontie uit te dooven en niet alleen den lust , maar ook het vermogen tot ontwikkeling voor goed te ontnemen . Door",1,Y
"der waar borgen wet , niet anders hebben kunnen ontvangen worden dan met een zeer categorisch antwoord van niet - ontvankelijkheid . Het is eveneens gemakkelijk te begrijpen , dat Oostenrijk zich niet zeer haastig betoond heeft om onder de massa zijner Katholieke bevolking , ten einde Von Bismarck te believen , eene agitatie te verwekken , die allergevaarlijkst zou zijn voor zijn innerlijken vrede . Eindelijk heeft , zooals het Journal de St . Pétersbourg meldt , ook Rusland",1,Y
", belend den heer Feith en van Leusen , kad . sectie G , no . 918 , groot 2 h . 25 a . 40 ca . Staande op ƒ 4600 . Ten dage der veiling zullen de volgende massa ' s worden geformeerd : le massa , pereeelen 1 ° . en 2 ° . , 2e massa , pereeelen 1 ° . , 2 ° . en 3 ° . , 3e massa , percselen 5a en",0,N
"was hem bijzonder gunstig , de Duitsche vaderlandsliefde ging over in geestvervoering en men zag onder een zelfde vaandel legers en volken vereenigd , die kort ta voren elkander bestreden . » Ten einde in 1864 en ' 66 de massa mede te slepen tegen Denemarken en Oostenrijk , gebruikte von Bismarck de list oin de liberalen te ontwapenen terwjjl hij zich de warmste ondersteuning der Katholieken verzekerde ; hij spaarde en liefkoosde beiden en allen volgden hem met een",1,Y
"lijken naar Kerbela overbrengen . Als zij stilhouden merkt men in de karavanserails massa ' s op elkander gestapelde doodkisten op van dun hout , die bijna altijd gebroken zijn . Men ziet de bewakers bijna altijd op die verrotte massa ' s liggen . Wat de gewoonte niet al doen kan ! Men moet tot lof van den Souverein van Perzië bekennen dat Z . M eenmaal deze transporten , die de bron zijn van eene zeer voordeelige industrie",0,N
"plaatse komende , bleek mij de stookhuis te zijn ingedrukt of doorgezet boven den rooster , en daarbij op een dwarsnaad opengescheurd , zoqdat de ketel ledig is gespoten en vijf personen door de ontsnappende water - en stoom - massa brandwonden bekwamen . Hiervan zijn sedert vier overleden , terwijl de vijfde hersteld is . Verzetting van ketel of metselwerk was overigens niet te bespeuren . Nadat de ketel genoegzaam was afgekoeld om tot een meer naauwkeurig onderzoek te",0,N
"Oosten naar het Westen . En toen ik naderde , werd zjj breeder en golvend in hare omtrekken ; weldra verrezen enkele boomen uit de bos3chen voor mijn gezigt , wier breede schouders zoo frisch bekleed waren , dat de massa ' s joljjfboomen , toen zjj te voorschjjn kwamen , er met hun donker gebladerte somber bij afstaken . Zelfs nu waren er geene huizen te zien , alleen de minarets verhieven zich tusschen het geboomte onder den gloeijenden",0,N
"bewijs , hoe diep de belangstelling is gedaald , want met inbegrip van de leden van het comité , was niet meer dan een twaalftal opgekomen . Men beweert , dat de leiders en corypheën der partij daargelaten , de massa der democraten in Duitschland volstrekt geen behagen schept in de toepassing der theorie van Bebel en consorten . Maandag zijn te Frankfort op plegtige wijze binnengetrokken de frankfortsche troepen , die aan den oorlog tegen Frankrijk hebben deelgenomen .",1,Y
"ran Pruissen telegrafeerde op 25 jl . aan zijne gemalin : » eergister heelt von Manteuffel den vijand bij Amiens geslagen . « Bijzonderheden ontbreken . Hier is niets ernstigs - voorgevallen . De vijand bivouacqueert echter nog altijd bij massa ' s voor het oostelijk tront der Seine . » Heden negen graden koude , maar helder weaer zonder sneeuw of wi d . """""""" In den namiddag van genoemden dag telegrafeerde Z . M . nog dit :",1,Y
"de 1500 leden het voorstel van den heer B . aannamen , terwijl tevens besloten werd , dat de Vereeniging in het openbaar plechtig zou breken met de Internationale . Eenige dagen geleden kwamen de leden , vergezeld van een massa menschen en muziek voor de woning van den heer B . , om hem het roode vaandel der Internationale ter band te stellen . Dit vaandel werd onmiddelijk in brand gestoken , terwijl de muziek de Brabanfonne liet hooren",1,Y
"verschenen . De advokaat van den kapper heeft en détail opgesomd alle crépons , repentirs , tresses , nattes , chignons welker prijzen uitmaken de som dopr zijne dienst regtens en deugdelijk gevorderd . Hij heeft bewezen bovendien dat de massa geleverde haren wel zeker niet te gering was voor de rekening . Bovendien deed hij opmerken dat de heer de Relhanusa de bestelling door zijne vrouw nu niet als buitensporig mogt beschouwen , dewijl hij geacht wordt als goed",0,N
"het zijn godsdienstigen pligt acht zoo te spelen met den eed vau getrouwheid aan de Grondwet , wat dan te denken van de zedelijkheidsleer der ultramontanen en van den invloed , die zij door de opvoeding der jeugd op de massa des volks willen oefenen ? """""""" — Uit verschillende berigten van de Kust van Guinea blijkt , dat de le luit . Joost , de voormalige kommandant der bezetting en die zich aldaar bevond om eenige administratieve aangelegenheden met",1,Y
"benoemd de Edel Achtbare Heer Mr . E . L . J . VITRINGA , Lid der Regtbank , en tot Curator de ondergeteekende . Allen , die iets verschuldigd zijn aan , of te vorderen hebben van de Failliette massa , worden verzocht hiervan vóór of op den lOden Maart e . k . betaling of opgave te doen ten kantore van den Curator . Mr . H . H . VAN CAPPELLE .",0,N
"een bruinen Alpenbeer dezen , in weerwil van het verbod der politie , op de Utrecht8che kermis zijne kunstverrigtingen doen vertoonen . De jeugdige Zwitzer trotseerde alle vermaningen en bood zelfs feitelijken weerstand aan de politie . Vergezeld van eene massa straatjongens bereikte hij een nachtkwartier in de Watersteeg ; een zich in dit logement reeds bevindende broeder van den begeleider snelde naar buiten , vatte den beer aan , nam hem , niettegenstaande zich voor den ingang van het",1,Y
"in Ierland , op zoodanige wijze als meest overeenstemt met de eigenaardige toestanden daar te lande en tevens , geschikt om betere betrekkingen te vestigen tusschen de verschil lende bij den Ierschen landbouw betrokken klassen , die aldaar gezamenlijk de massa des volks uitmaken . / / Deleden zullen ook worden uitgenoodigd tot de beoordeeling van wetsontwerpen , bewerkt in overleg met de daarbij betrokken commissie , ter verbetering in de zamenstelling der hoogere regtbanken , zoowel in de eerste",1,Y
"dat de directie der Vereeniging voor Volksvermaak te dezer utede reeds toebereidselen maakt tot het gereedmaken eener goede ijsbaan voor een winterfeest . Het is dan ook een bevallig gezigt , die goed ingerigte en fraai gedecoreerde baan — die massa vlaggen , zoo scherp afstekend bij de fijnheldere lucht , de zuivere sneeuw en ' t schitterend doorschijnend ijs — dat tal van menschen van eiken leeftijdf , stand en geslacht , die daar met vogelsnelheid door elkander draaijen",0,N
"dat het meerof rivierwalvixschen zijn , van het geslacht der zoogenaamde wentelaars . — De lllustration Européenue bevat nog de volgende berekening van een milliard francs , hetwelk , zooals bekend is , vijf millioen kilogrammen weegt . Om deze massa te land te vervoeren , zou men twee duizend karren , met vier paarden bespannen , noodig hebben . Te water , zou men een schip moeten hebben zoo groot als de arke Noach ' s , namelijk 310",0,N
": » » De godsdienstige quaestie is voor het tegenwoordige het eenige element van ontbinding in het Duitsche rijk , niet omdat onlusten waarschijnlijk zijn , maar dewijl de ontevredenheid der katholieke bevolkingen een zeer ernstig karakter kan aannemen De massa des volks is in Duitschland bijzonder geloovig en behandelt alle godsdienstige quaestien met groote hartstogtelijkheid . """""""" """""""" » De Duitsche en Pruissische katholieken — dus vervolgt het Berlynsche blad — die het met hunne gehechtheid aan het Duitsche",1,Y
": » De Roomsche Kerk is een moeder , van welke men moet zaggon , dat zij hare kinderen weet bij elkaar te houden . Wij zien in onze dagen , dat de meeste niatRoomEche kerken haren invloed op de massa verliezen . Men bereikt de groote menigte niet meer door de prediking des Woords , omdat zij zich niet meer in het bedehuis vertoont . Velen , vooral in Duitschland , laten hunne kinderen niet eens doopen . »",1,Y
"te DiJam , ingezet , de massa op . ƒ 16556 . De Hofstede op » 3676 . De Akkcrmaalsbouchen op » 13751 . Zal finaal worden verkocht op Woensdag 30 Julij - 1873 , des voormiddags 11 uur , te Doesburg in de Stadswaag .",0,N
"47 . 2 koop . . 31 aren 90 centiaren Bouwland in llisselterveld , seclie B , nummer 583 . 3 koop . 31 aren 50 centiaren Bouwland aldaar , sectie B , nummer 586 . 4 koop . De massa der drie vorige koopen , ter gezamenlijke grootte vau 1 heet . 28 aren 40 cent . 5 koop . 43 aren 50 centiaren Hooiland , Middelijk aan de beek , sectie D , nummer 38 . 6 koop",0,N
"voor de Nationale Vergadering in Frankrijk in den regel uitvallen in den geest der republikeinsche partij , is een feit . Wat beteekent dit feit ? Oppervlakkig beschouwd is deze vraag gemakkelijk te beantwoorden . Het beteekent , dat de massa van het publiek republikeinschgezind is , dat de republikeinsche partij de nationale partij is . Wij betwijfelen zeer , dat dit werkelijk het seval is . Dit liet enkel feit , dat de mannen van zekere partij bij voorkeur",1,Y
"naar de praktijk welke de toegepaste theorie , de proof op de som , is . De massa beoordeelt den boom uitsluitend naar zgne vruchten , en mon kan haar daarin geen ongeljjk geven . Voor deze massa in de massa , die geenerlei zelfstandig ooi deel heoft , zgn al onze politieke leuzen en omschrijvingen natuurlijk geheel zonder zin . Zij zeggen hun niets , en omdat zjj hun niets zeggen zjjn deze niet - verstaanders on niet -",1,Y
"beoordeelt , wanneer zjj tot oordeelen geroepen wordt en voor zoover zjj oen zelfstandig oordeel heeft , de theorie naar hare toepassing , naar de praktijk welke de toegepaste theorie , de proof op de som , is . De massa beoordeelt den boom uitsluitend naar zgne vruchten , en mon kan haar daarin geen ongeljjk geven . Voor deze massa in de massa , die geenerlei zelfstandig ooi deel heoft , zgn al onze politieke leuzen en omschrijvingen natuurlijk",1,Y
"in het locaal van het Departement van Marine te ' s Gravenhage , onder nadere goedkeuring , bij inschrijving , in het openbaar en in Kle verder het eerste bijvoegsel . bijzijn der gegadigden die zulks mogten verlangen , in massa zal worden Aanbesteed : het gereed maken en leveren van het Hard steen werk voor het etablissement , bestemd voor de verlichting op het eiland Pandong , bij Padang ( Westkust van Sumatra ) , alles met den aankleve",0,N
"de A . C . , werd een schipper op de Zuiderzee door een grooten zwerm vliegen plotseling overvallen . Van vaartuig , zeilen en tuigage was bijna geen spoor te zien ; alles was met een zwarte , gonzende massa overdekt . De opvarenden ondervonden spoedig dat de gasten , wanneer zij met vereenigda krachten aanvielen , het den measeh lastig genoeg kunnen maken ; tenminste de bemanning was genoodzaakt zich beneden te verschuilen , oen voor de stekende",0,N
"herkend werd . Tiel 5 Aug . De publieke verkooping der verschillende fruitgewassen in deze environs overtreffen de stoutste verwachtingen ; de heeren eigenaren en verkoopers zijn door de bestede prijzen in bijzonder goeden luim . Als voorbeelden uit de massa van dien aard dient , dat maandag jl . . een boomgaard van J . Bergacker , op de bouwing de Rijsakker onder Drumpt , van circa 240 vruchtboomen , werd verkocht voor de som van f 3065 .",0,N
"dat plechtige Requiems zullen gehouden worden . — Rome is vol van koninklijke personen en deputatiën van hoven . Zelfs de keizer van Japan heeft telegrammen van rouwbeklag gezonden . De spoortreinen brengen onophoudelijk ta ' looze vreemdelingen en groote massa ' s militaire troepen naar Rome . Die troepen moeten bij de begrafenis fungeeren ; dat zulk een enorme militaire macht naar Rome komt , kan ook wel een andere beteekenis hebben . — Deputatiën van 2700 vereenigingen in",1,Y
"Met moeite had de weduwe met hare hulpelooze kleinen het gevaar weten te ontkomen . Toen de winter voorbij was en de lente aanbrak , scheen die fraaije plek gronds tot een eeuwige onvruchtbaarheid gedoemd , zóó dik was de massa steen en zand en kiezelgruis , waarmede de bodem bedekt was . Maar nu deed zich ook de stem der menschelijkheid hooren . De gansc ' he gemeente van Bellegarde , mannen , vrouwen en kinderen , maakte zich",0,N
"vertrokken , schreef aan zijn moeder , die zich ongerust maakte over zijne gezondheid , o . a . dezen naleven zin : iln Indië , moeder , is het heerlijkste klimaat der wereld , maar er komen hier een massa jongelui , die han gezondheid in Nederland reeds hebben verknoeid en , hier gekomen , het oude leventje voortzetten , veel eten en veel drinken en alsdan steiven , waarna zij hun ouders een pak leugens op de mouw",1,Y
"Dan , geen werkwinkel is zoo klein , hij moge in de stad of ten platten lande gevestigd zijn , of hij heeft dezelfde kans van overwinning als de fabriek , voor zooveel de handenarbeid betreft , want niet de massa afgeleverde stukken , maar het gehalte van ieder Btuk bepaalt den prijs . Wat kunstvoorwerpen betreft , meent de Commissie te mogen verwachtan , dat eene Btad als ' s Bosch , waar van kunst zóóveel werk wordt gemaakt",0,N
"door een steeds aangroeiende volksmenigte , mannen , vrouwen en kinderen , die in schreeuwen en zingen aan de voorloopers niets toegaven . Wat , vraagt de Stand . , is de invloed die zulk een schouwspel op de ruwe massa heeft ? De onzinnige juichkrecten van den dollen troep voor en achter den beschonkene in de handkar geven het antwoord op die vraag , zegt het blad . Woensdag - avond circa 9 ure heeft zich op den Buitensingel",1,Y
"ik versta niets van al die kwesties van regterzjj en linkerzij , vanregtercentrum en linkercentrum . Ik wenschte alleen trouw te blijven aan het wachtwoord en mijn eer te redden . Maar sinds den 16den Mei heeft men mij eene massa papieren laten teekenen , wier aantal ik me niet eens meer herinner en waardoor ik verbindtenissen aanging , die een vlek op mijn naam zullen werpen , indien dit zoo voortgaat . Ik heb er genoeg van . Ik",0,N
"werk gaat , vervolgt en ievig in den rug bestookt . Bourbaki ' s eigene berigten stellen de zaak wel is waar in een voor hem minder ongunstig daglicht voor , maar hetgeen van Zwitsersche grenzen wordt gemeld , betreffende massa ' s aangekomen vlugtelingen , strookt volkomen met de Duitsche opgave . Niet minder groot is de nederlaag welke aan het Noorder - leger — volgens ' s Keizers berigt — op 19 dezer , bij St . Quentin",1,Y
"plotseling losgebroken ; ieder trachtte onder dak te komen en een driehonderdtal personen zochten eene schuilplaats in een muziektempeltje , dat slechts voor een twintigtal muziekanten was bestemd . Weldra bezweek dan ook de ligte vloer , en de geheele massa stortte naar beneden . Die val was niet groot , maar in dat beneden gedeelte hadden een dertigtal kinderen , die klein genoeg waren om in deze soort van lagen kelder zich te kunnen ophouden , een toevlugt gezocht",0,N
"achtergelegen TUIN en groote SCHUUR , gelegen aan de Wooldstraat en Dingsteeg te Winterswijk , bevattende het Huis Zeven KAMERS , KEUKEN , KELDER en verdere GEMAKKEN , te zamen groot 13 Roeden , 80 El , te veilen in massa en 2 perceelen : De massa is ingezet op ƒ 6099 Perceel 1 . HUIS en TUIN op . . » 4860 » 2 . SCHUUR > 1508 Winterswijk heeft eene Rijks Hoogere Burgerschool en is om zijne gezonde",0,N
"de basiliek van den H . Paulus . Zij waren tot onderhoud van kerk en klooster geschonken door Constantyn den Groote , Gregorius den groote en karei den groote en maakten een gedeelte uit van hetgeen men eertijds noemde de Massa delle Aque Salvie , plaats waar de H . Paulus werd onthoofd . Een bezitting , die zooveel eeuwen oud is en door alle mogelijke barbais nieü vap_ife mannen yan uen Tiëbzucht laacrschen vooruitgang . Nog is dezer dagen",0,N
"vormloos , doch zal in den loop der volgende week tot een staaf gegoten worden . Deze klomp is door een der maatschappijen van de voor eenige jaren in de Fransche kolonie Guyana ontdekte goudmijnen aan Parijs toegezonden . De massa goud , sinds eenigen tijd aldaar gevonden , is zoo aanzienlijk , dat er ernstig sprake is de bedding van de rivier Oyapoch , als ook de wateren , die zich in haar uitstorten , af te leiden ,",0,N
"achttiende eeuw staande , was bij een groot deel der beschaafde klasse de behoefte aan godsdienst te loor gegaan , en voor zoo ver dit niet het geval was verkeerde men toch algemeen in het gevoelen . dat ook de massa des volks zich ten aanzien van godsdienstige zaken tot een meer verlicht standpunt verheven had . Naar het eigene standpunt beoordeelde men het geheele volk , en wie in de jaren van 1830 tot 1840 hot gevoelen geuit had",1,Y
"de roomschkatholieke Duitsche bisschoppen opgedrongene voorwendsel , dat het gelijktijdig gebruik der kerken met de oud - katholieken volgens het kanonieke regt ongeoorloofd zou zijn , is slechts een middel van agitatie , om aan de staatsregering en aan de massa der kwalijk onderrigte roomsch - katholieken vrees aan te jagen . « De sterkle der nieuw - katholieke party kan alleen uitgemaakt worden door het resultaat eener stemming der stemgeregtigde , katholieken in de afzonderlijke gemeenten over de vraag",1,Y
"hoewel zij te niet zijn gegaan , in het graf blijven voortbestaan , is poëtisch en verdient , als zoodanig , onze sympathie , maar zij is , desniettemin , eene logen . In deze vormlooze , gistende , rottende massa van dierlijke bestanddeelen onder de aarde is niet de minste poëzie , niets dat onze eeredienst waard is , niets dat jonze docden """""""" , die weemoedige schepping onzer hersenen , voor ons bestendigt . Inhaarontbindings - . oplossings",0,N
"Weerdjesstraat werden heden nacht in hunnen slaap door brandgeroep gestoord . Weldra was dan ook op de plaats des onheils eene brandspuit tegenwoordig , die echter geen water heeft behoeven te geven , daar bij onderzoek bleek dat de groote massa rook en de ondragelijke stank in ' de woning van S . aldaar veroorzaakt werd door eene hoeveelheid leder , dat in de kagchel was geworpen . * De krankzinnige J . B . , die eenige dagen geleden",0,N
"roemen op een Charette , Cathelineau , de Paladines , Dampierre en zooveel anderen . De laatsten kunnen van een enkelen moedigen man spreken , die hier of daar bewijzen van onverschrokkenheid gaf , maar de Katholieken hebben zich in massa doen kennen , terwijl de ongeloovigen het hazenpad kozen erf 1 met de kolf van het geweer of den sabel in het gevecht teruggejaagd moesten worden . Niet onduidelijk drukt de Constitutionnel met vele andere bladen de verwachting uit",1,Y
"In dit Huis wordt eene sinds 50 jaren gevestigde zeepziederij , de eeuige in den omtrek , met goed gevolg uitgeoefend , waarvan de materialen ouderhandsch ter overname worden aangeboden . Dit huis zal eerst iu perceeleu en daarna in massa geveild worden . Hetzelve is te bezigtigen eiken Dingsdag en Donderdag , des namiddags van 3 tot 5 ure . Gemeente Roggel en Neer . k Het goed genaamd Leukens """""""" hoef , bestaande in : A . Eene",0,N
"waarna ongeveer ten 3 ure de bijeenkomst eindigde en de menigte zich door de stad en langs de zee verspreidde , om den aanleg der nieuwe havenwerken te beschouwen . Om 5 en 6 uur vertrokken do stoombooten met de massa bezoekers van elders . — Er wordt voor stellig verzekerd , dat de aansluiting van den noorder - spoorweg aan de duitsche Emsbaan vooreerst niet tot stand zal komen en elke onderhandeling deswege is afgebroken ; meer en meer",1,Y
"vertegenwoordiging , dat is : bekwame mannen te kiezen . Alleen de bekwame mannen moeten de vertegenwoordiging uitmaken . Algemeene ontwikkeling en beschaving ontbreken nog aan ons volk : de gevolgen van algemeen stemregt hier zouden zijn , dat de massa der kiezers , niet de bekwamen , zouden domineren . De arbeiders , zouden arbeiders , de landbouwers ^ landbouwers kiezen . De arbeiders zullen eischen : hooge uitvoerregten op levensmiddelen , ten einde die goedkoop te maken ;",1,Y
"dat onder gunstige voorwaarden uit eenige weinige exemplaren dier organismen binnen twee tot drie uren door herhaalde verdeeling millioenen van hunne gelijken kunnen ontstaan . Een oorspronkelijk van bacterien vrije of langs den een of anderen weg van bacterien bevrijde massa zal dus , al wordt zij slechts door een of weinige kiemen besmet , wat meestal niet te voorkomen is , na korten tijd eene groote menigte bacterien kunnen vertoonen . Het gevaar zal zich dus dikwijls kunnen opdoen",0,N
"worden ook dan de verzendingen voor ecnigen tijd opgeschorst . Van Paschen tot Pinksteren is het de bepaalde tijd dat men de banken met broeizaad mag bezaaijen ; buiten dien tijd is men daarvoor strafbaar volgens de wet . De massa mosselen , sedert 1 Julij 1871 tot heden naar vreemde landen verzonden , beloopt ongeveer een en dertig duizend tonnen . Tweemaal in het jaar vangt men de garnalen : in het voorjaar , van Maart tot Mei ,",0,N
"louter een bewijs van volslagen onbekendheid met alle bestaande toestanden . Ik zal mjj de da ^ d van dien éénen man ook niet te zeer aantrekken , daar ik heb gezien dat het verderf toch nog niet bjj de massa mijns volk3 is doorgedrongen . Alleen door en door uiterste partijen kunnen zoo iets ondernemen . Wel is waar , desniettemin behoud ik een smarteljjken indruk , maar deze wordt ruimschoots opgewogen door de innige vreugde over de ontelbare",1,Y
"zonder ophouden het vuren kan voortzetten en op die wijze een gansche lin : e van den eenen vleugel tot den anderen kan bestrijken . Men stelle zich de werking voor van eenige batterijen van dergelijk geschut op de verbazende massa ' s troepen , welke nu in het veld zullen worden gebragt . Het Fransche chassepot - geweer schijnt het , wat juist en ver schot betreft , van het Pruissische naaldgeweer te winnen . Althans de Fransche soldaten",1,Y
"algemeen don stempel van rjjkdom ten opzigte der faq . ade , doch evenzeer heeft het kolossale in omvang en versiering het natuurlijke gevolg gehad , dat het geheel gebrek aan eenvoud en warmte ademt en meer werkt door de massa van het geheel dan door de harmonische ontwikkeling der deelen . De meeste ontwerpen leggen eene te groote waarde op koepels en torens , die öf door de veelheid de werking verzwakken , öf door de zwaarte en hoogte",0,N
"4 . Genoemd blad herinnert nog , dat Memphis verleden jaar , toen het door denzelfden geesel werd overvallen , elf priesters en 20 geestelijke zusters op het slagveld zag omkomen . Wij spraken zoo even van de verhuizing in massa . Men heeft inderdaad begrepen , dat het beste middel om aan den geesel te ontsnappen is , buiten de stad / / kampen """""""" te gaan vormen , waar , dank aan de open lucht en de voorzorgsmaatregelen",1,Y
"In Noordbrabant heeft » men schoenmakerijen die inderdaad fabrieken « zijn ; men heeft evenzoo broodfabrieken , hoewel » toeh de schoenmaker en de bakker bepaaldelijk » tot de klasse der ambachtslieden gerekend » worden . """""""" Het is de massa der fabriekarbeiders die in grooten getale op bepaalde uren van en naar de fabriek gaan ( en de woning van den burgemeester passeren ) die hen zoozeer doet in het oog vallen , maar de ellende van den jongen",1,Y
"door verstandige leiding van eene kwade gewoonte terug te brengen , een boozen harstogt in hen te dooden , mogen die straf onredelijk vinden , van het standpunt van hen , die niet elk individu kunnen leiden maar op de massa moeten werken , is die straf zoo niet verschoonbaar toch verklaarbaar . Minder verklaarbaar en volstrekt onverschoonbaar echter is het bevel daartoe gegeven door iemand , die niet dagelijks staat tegenover die woelige jonge wereld met hare ondeugendeu ,",1,Y
"beweert , dat er op die wijze een streep door loopt , moge toezien , dat hij door te ijveren tegen een ( het is zoo ) slechts betrekkelijk goed , de reeds zoo groote , onzuivere en zoo ruwe massa van het stellige kwaad niet nog doe toenemen . V . Hoe menigmaal heb ik hooren beweren , dat in Indie niets verborgen blijft , alle indischo menschen van alle andere indische menschen alles weten , en wij hier",0,N
"Zij keerde zich met wild vlammende oogen om . « En wij ? """""""" » Gij hebt slechts voor uwe regten als heerschers geStreden """""""" » Niet voor de zegepraal van den geest , van de beschaving 0ver de ruwe massa ? Niet voor den heiligen grond van het schoone , gezegende vaderland ? """""""" — Zij keerde hem in trotsche verontwaardiging den rug toe . » Wat weet men er in Duitschland van ! """""""" voegde zij er de",1,Y
"De warme dagen zijn nabij en het is van ' t dringendste belang zoodra mogelijk voorzorgsmaatregelen te nemen , zoo men het onvermijdelijke en noodlottige effect wil vermijden van de verpestende miasmen , die door de warmte uit de rottende massa ' s ontwikkeld worden . * * * Men verzekert aan het dagblad la Virete , dat de Minister van Finantiën , de heer Pouyer - Quertier , voornemens zou zijn het stelsel van cautie en het zegelregt voor",0,N
"ure , werden de inwoners alhier op onzachte wijze in hun eersten slaap gewekt door het luid geroep van brand , het luiden van de brandklok , het slaan van de trommel en het geschetter van den brandhoorn . Een massa volk was dan ook spoedig op de been , doch gelukkig kon ieder zich weldra huiswaarts begeven . Er was een begin van brand ontstaan in de fabriek der Twentschet Katoenspinnerij , doordat men een party katoen op den",1,Y
"wist lezers te vinden onder die klasse van menschen , voor wie hartstochtelijke taal behoefte is — voor wie bewijzen niet noodig en immers ook te vermoeiend zouden wezen . Inderdaad , de „ Domper """""""" die op de onwetende massa heeft gerekend , is zeer wel geslaagd . """""""" De man , die dat schreef en ergens in den Bosch thuis hoort — misschien weet de baron wel waar hij woont — • heelt met die woorden al zeer",1,Y
"geeft den armen , schoolkomende kinderen ' smiddags boterhammen , en dat bevalt uitmuntend . Veel en ontzaggelijk veel zijn de boomen dit jaar bezet met rupsennesten of zoogenaamde poppen , wel doen de meezen veel goed en verslinden eene massa rupsenzaad ; doch alles verslinden kunnen zij niet en daarom ware het te wenschen , dat de menschen ook een handje hielpen ; het uitsnijden gaat thans zoo gemakkelijk , de boomen zijn kaal , de poppen goed zigtbaar",0,N
"8sten uit Szegedin toen op ' t hoogst aldaar geklommen . Van de vier « verdedigingsliniën """""""" , welke de stad tegen het water der Theiss heeft , zoo meldt dit telegram , zjjn er drie bezweken en de golvende massa staat 2 è 3 meter hoog tegen den laatsten dam , dien van den Allöldspoorweg , aan . In den geheelen omtrek is een terrein van omstreeks 100 vierk . kilometer onder water gezet , doch zoo de spoorwegdam",0,N
"echter de stoombarkas n ° . 14 , die zich toen aan lij bevond , met minder wind maar eene veel woeliger zee , eenige aanschietende zeeën naar binnen , die er , zoo als later bleek , een groote massa water inbragten . De Curacao stopte onmiddellijk en wierp redding - sboeijen en andere drijvende voorwerpen uit . Het overnemen van water nam echter zoo snel toe , dat de barkas binnen weinige minuten met den inventaris in de",0,N
"hebben te Konstantinopel groote bezorgdheid gewekt . Aan de Times wordt uit , Pera geseind , dat de Russen tot vier kilometer de turksche hoofdstad zijn genaderd en dat verscheidene bewegingen vooruit zijn gesignaleerd , welke alle strekken om de massa der russische strijdmagt nader bij Konstantinopel te brengen . Het gerucht loopt , zoo voegt het telegram er bij , dat de russische ambassadeur een ultimatum aan de Porte heeft overhandigd . Hoewel ernstige pogingen zijn aangewend om de",1,Y
"behaald . Aan het gezelschap van Oirschot werd eene herinneringsmedaille voor de verst - komende uitgereikt . Het feest werd opgeluisterd door drie muziekgezelschappen : De harmonie van Rosendaal , van Moerdijk en door die van Esschen . Niettegenstaande de massa volks , is het feest naar wensch en in de beste orde afgeloopen . In de onlangs gehoudene tentoonstelling : „ Exposition universelle et internationale d ' économie domestique et Inventions nou velles , in het paviljoen van den",1,Y
"Kanaal is het Engelsche pantserschip Iron Duke , dat zooals men zich herinneren zal korten tijd geleden de Vanguard in den grond boorde , zelfs ook bijna gezonken . Een mijl of drie buitengaats zijnde , kwam er plotseling een massa water in het schip , en ondanks de waterdichte afdeelingen en het werken der pompen , steeg het water zoozeer , dat de Iron Duke aan de Black Prince seinde , dat het schip zonk . Laatstgenoemd schip bracht",0,N
"roeden 34 ellen . In huur bij G . LAM , tot over 1876 , voor / """""""" 350 . — ' sjaars . De grondlasten bedragen ƒ8 . 53 1 / a . IN PERCEELEN EN MASSA . De Massa is ingezet voor . . . ƒ 80 , 000 Informatiën te bekomen ten kantore van den voornoemden Notaris , en bij den opzigter E . SMITS te Nederhemert , door wien tevens aanwijzing wordt gedaan . — Brieven",0,N
"achting prijs gegeven """""""" , in het geheim een cm d ' etat voorbereidden , en aan Parijs een gr teraad weigerden . In den nacht van den maart hadden zij zich veilig gewaand , en zij de arrestatie in massa van van alle repubü """""""" , keinen willen beproeven , toen geheel Parijs zich verhief , toen hunne soldaten zeiven hen verlieten en zij de vlugt namen naar Versailles . — - Eenim krachtige en moedige burgers hadden toch",1,Y
"is bijeen gebragt , ten einde het gouvernement in staat te stellen den oorlog voort te zetten . Wanneer dit nu alles waar is , dan zou juist het tegendeel van hetgeen zoo even gezegd is biijken , dat de massa van het volk tegen elke voorwaarde vrede verlangt . """""""" Wij gelooven echter dat het de platteland bewoners zijn , vooral de bewoners der Oostelijke provinciën van Frankrijk , die den oorlog hebben leeren kennen , die naar het",1,Y
"en 16 Hectaren 33 Aren 20 Centiaren kostbaar BOUWLAND in den Mariapolder , kadaster Sectie C No . 186 , 199 tot en met 209 . Alles verhuurd tot 1 September 1881 . Te veilen in 16 perceelen en verschillende massa ' s . Nadere inlichtingen zjjn te bekomen bij voornoemden Notaris , bij wien tevens catalogussen met de kadastrale plans op franco aanvrage verkrijgbaar zullen zijp , en eigendomsbewijzen , huurcontracten en verkoopvoorwaarden ter lezing liggen .",0,N
"Te T / Etrat ( Loire ) werd een kind van 5 jaar op den schoot der moeder door den bliksem gedood . — Op de Noordkust van IJsland heeft het drijfijs uit het Noorden , door zijn verbazend groote massa ' s , strenge koude en zeer vele ijsberen naar ' t eiland gebragt . ' t Was reeds bekend , dat stoomschepen op den Atlantschen Oceaan door mijlengroote ijsbergen , die naar het Zuiden dreven , in hun",0,N
"onderhouden en onmiddelijk dan de Buitenplaats gelegen , waarmede zij één geheel uitmaken . Het geheel , ter oppervlakte van ongeveer 5 s / 4 Hektaren , wordt gesplist in Zeven perceelen , die zoowel ieder afzonderlijk als in verschillende massa ' s zullen geveild worden . Alles nader bij biljetten met kaart omschreven . Een en ander is te aanvaarden 15 September 1878 , en de plaats kan gedurende de week vóór den Inzet en die vóór den Toeslag",0,N
"de Prinsengracht bij de Leidschegracht aldaar ; — ten einde : aangezien de Eischer van het beheer en de administratie , door hem ïn zijne boven opgegeven qualiteit gevoerd , in den vorm bij de wet voorgeschreven , aan de massa van belanghebbenden , zoo Crediteuren als Erfgenamen , Rekening en Verantwoording wenscht te doen ; aangezien de Eischer zich daarom tot gemelde Regtbank heeft gewend , met verzoek een termijn te bepalen , om alle zoo bekende als onbekende",1,Y
"weder ter beschikking der reizigers gesteld te worden . Aan het ministerie van binnenlandsche zaken is donderdag aanbesteed : Het maken van de beide laiidhoofden der brug over het hollandsch diep met de aansluitende spoorwegdammen in twee perceelen en in massa . Minste inschrijver was , perceelen 1 en 2 de heer B . P . de Groot te Giessendam voor f 231 , 000 en f569 , 000 . Voor de massa de heer J . Kraayevelt te Sliedrecht",0,N
"ten overstaan van den Notaris E . Campbell aldaar . Boekjes , bevattende de Voorwaarden , de beschrijving van de Tollen , Tolhuizen en bijbehoorende gronden , den pachtprijs of de opbrengst bij garing over de laatste jaren en de massa ' s , zijn , te rekenen van 8 IMaart 1873 , voor tien centen , verkrijgbaar bij den voornoemden Ontvanger en bij de Ontvangers der Registratie en Domeinen te Alphen , Delft , Dordrecht , Leiden , Noordwijk",0,N
"lezen wij in de 111 . Gartenzeitung : Vang de meikevers , 30 ongeveer voor eene portie rekenende , neem ze de hoornachtige dekschilden af , wasch ze zuiver en stoot ze in een mortier fijn . Rooster dan de massa in heete boter , kook ze in vleeschnat en giet ze door een fijne zeef . Zelfs als men zeer dunne bouillon hiertoe neemt , geven de meikevers daaraan zulk eene kracht en goeden smaak , dat men deze",0,N
"bij de godsdienstoefeningen die daarin zullen worden gehouden . Daarom werd een commissie benoemd voor het bijeenbrengen van gelden voor het bouwen van een doelmatig en ruim lokaal . E « n voorstel van een der leden om zich in massa af te scheiden van de Ned . Herv . kerk , werd niet behandeld , daar de voorzitter opmerkte dat elk daaromtrent naar eigen inzicht beho rde te handelen . Voorts werd mededeeling gedaan van het afwijzend antwoord op",1,Y
"in Poethoek , groot 75 aren 25 centiaren , sectie E , No . 355 . De Dennen - en Eikenboomen zullen eerst afzonderlijk geveild worden , daarna zullen perceelen grond met de boomen in verschillende combinatiën en eindelijk de massa ten verkoop worden aangeboden . Aanwijzing door den Boschwachter te Roggel . Inzage der kaart en verdere inlichtingen zijn te bekomen ten kantore van voornoemden Notaris Leclercq . ZEGT HET VOORT .",0,N
"Drenthe aan het Utrechtsch Dagblad wordt gewezen op de groote belangrijkheid van het Drentsche veen . De schrijver schat op honderd en vjjftig millioen gulden de waarde aan turf in den Zuidoost - en Oosthoek van Drenthe . Die ontzettende massa veen , zegt hij , wordt langzaam , zeer langzaam geëxploiteerd omdat er geen kapitaal genoeg is om dat met meer kracht te doen . Hij vraagt of er geen maatschappij tot stand zou zjjn te brengen , die",0,N
"den politieken toestand en met de geographische ligging van het land , onmisbaar : het zou misdadig en zinneloos zijn die af te schaffen , maar in den tegenwoordig bestaanden gewapenden vrede en in de door Robespierre ingevoerde lichting in massa behoort verandering te worden gebracht . Moge dit , zoo eindigt het stuk , het Congres gelukken 1 Het is zeker verblijdend , zegt de Köln . Zeit . , dat vorst Peter van Oldenburg , keizerlijke hoogheid ,",2,A
"bevragen bij den Heer H . J . Klinkert , aldaar wonende . Nadere informatien te bekomen ten kantore van den Notaris , alwaar de eigendomsbewijzen en extract uit het plan van het kadaster betreffende alle de perceelen en der massa ' s ter inzage liggen .",0,N
"LI . Woensdag is aan het Ministerie van Binnenl . Zaken aanbesteed het opruimen van gronden uit den nieuwen Maasmond aan den Hoek van Holland voor de verbetering van den Rotterdamschen waterweg , eerst in twee perceelen , daarna in massa ; minste inschrijver , in perceelen , de heer Oliver te Hampstadt , respectievelijk voor f 1 , 510 , 000 en f 2 , 513 , 000 ; minste inschrijvers , voor de massa , de heeren Volker",0,N
"Nied , een rivier en vertakking van de Sarre , voor een weg aanwees . In zulke bekwame handen bevond zich de toekomst van Frankrijk . * * * Voor eenige weken vertoonde zich in en om Parijs een ontzettende massa zwarte vliegen . In de laatste dagen worden de huizen tegen den avond veel bezocht door een soort van kleine witte motten . Volgens de Figaro zouden deze insecten te voorschijn komen van de lijken der Duitschers , die",0,N
"Bois de Boulogne bij . Oostersche aangelegenheden . Zaturdag is grootvorst Michael met zijne familie uit Kaukasie te Petersburg aangekomen . Hij werd aan het station door den keizer , zijn broeder en de keizerlijke familie ontvangen . De in massa zaamgeloopen menigte bereidde den grootvorst een warme ontvangst . — Het russische petersburgsche dagblad heeft eene waarschuwing bekomen wegens het openbaarmaken van een artikel , dat tot den oorlog aanhitste . Ook te Konstantinopel hebben de bladen , die",1,Y
". Inmiddels kwam het op de openbare straat tot een gevecht tusschen burgers en soldaten . Eerstgenoemd en dreven hunne baldadigheid zoo ver , dat zij de huzaren met steenen gooiden en met vuurwapenen dreigden ( zeer velen der onstuimige massa waren van geweren voorzien ) , waarop de kommandant van het detachement order gaf tot tegenweer . Na — op gebruikelijke wjjze — tot drie malen toe gewaarschuwd te hebben , gaven de huzaren vuur , eerst nog in",1,Y
"ook tot zekere hoogte de ligters ; — maar ' t wrak bleef onbeweeglijk . Eindelijk brak een der kettingen , zoodat men voor ' t oogenblik de taak moest opgeven . Men vreest , dat zich een te groote massa modder in ' t hol heeft opgehoopt . Echter werd alles gereed gemaakt voor eene nieuwe poging . — De Brusselsche correspondent van de Middelburgsclie Courant deelt een paar bijzonderheden mede omtrent de dagen die aan de sluiting van",0,N
"3 . 22 . 90 » » massa der der perceelen 13 tot en met 16 groot 13 . 04 . 70 hectaren » perceel 17 groot 2 . 05 . 50 hectaren » Bij den toeslag zullen de volgende massa ' s ir veiling worden gebragt als : le massa perceel 1 en 2 2e » y > 3 , 4 en 5 3e » » 1 tot en met 5 4e » » 6 » » » 9",0,N
", in de herberg bewoond door de Weduwe Fokke de Goede , te Oostburg . Boekjes , — bevattende de Voorwaarden , Beschrijving van de Tollen , Tolhuizen en bijbehoorende gronden , de opbrengst over de laatste jaren en de massa ' s , — zijn voor tien cent verkrijgbaar bij de Ontvangers der Registratie en Domeinen te Middelburg , Tholen en Sluis , entegen vooruitbetaling van den prijs bij elk ander Ontvanger der Registratie en Domeinen . Openbare Aanbesteding",0,N
"gisteren avond en een gedeelte van den nacht ondergestaan , volgens sommigen omdat de afsluitschuif in het riool bij het Oude Lege niet behoorlijk gesloten of waterdicht zou zijn , volgens anderen omdat door die afsluiting de afwatering van de massa kwel - en hemelwater , welke zich aldaar verzameld had , belemmerd werd . Aan de werken bij de nieuwe schutsluis te Zwartsluis moet eenige schade ontstaan zijn , tengevolge van het inloopen van den put voor de fundeeringswerken",0,N
"ontleende blijkt . De eerste botsing zou zijn ontstaan door eenige jongens , die niet aan de bevelen der politie gehoorzaamden . Een onder - commissaris ( inspecteur ? ) van politie zou daarop den agent , die de aandringende massa moest terughouden , hebben toegeroepen : » Houw ze dood , g 1 """""""" De agent zou toen de sabel hebben getrokken en een jongen in zjjn onmiddellijke nabijheid zulk een geweldigen schop hebben gegeven , dat die nog",1,Y
". , op ƒ 4657 , de dan 4 volgende akkers met 130 h . op ƒ 2370 , de laatste 4 akkers langs den Boomgaard van den Heer BEVERLIJ , met 80 h . op ƒ 2220 . De Massa hiervan met 26 h . op ƒ 4588 , en eindelijk de Massa van het gaheele stuk met 33 h . op ƒ 9249 . Nadere verhoogingen kunnen worden ge - steld ten Kantore van genoemden Notaris .",0,N
"Essop gelegen , ingezet en verhoogd als : perc . 1 op f 1614 . 2 op f 320 . 3 op f565 . 4 op f504 . 5 op f420 . 6 op f320 . 7 op f504 . Massa der perc . 2 , 3 en 4 ep f1382 . Massa der perc . 5 , 6 en 7 opflS39 . Massa der perc . 2 tot en met 7 op f 3303 . De massa perc .",0,N
"venster te zullen springen , indien men tot geweld zijn toevlugt neemt . Men moet haar voedsel brengen , want zij zegt liever van honger te willen sterven dan het huis te verlaten . Dagelijks lokt dit zonderling beleg een massa toeschouwers . { N . v . d . 73 . ) — De proefnemingen met ' t grootste stok geschut ter wereld , ' t nieuwe 80 - tons - kanon te Woolwieh , worden nog steeds voortgezet",1,Y
"Nied , een rivier en vertakking van de Sarre , voor een weg aanwees . In zulke bekwame handen bevond zich de toekomst van Frankrijk . * * * Voor eenige weken vertoonde zich in en om Parijs een ontzettende massa zwarte vliegen . In de laatste dagen worden de huizen tegen den avond veel bezocht door een soort van kleine witte motten . Volgens de Figaro zouden deze insecten te voorschijn komen van de lijken der Duitschers , die",0,N
"zegt hij : geen paragraaf aan « Me regeering I De katheder - socialisten , die geen omverwerP ^ g willen , de aanvoerders der Christelijk - sociale partij , die """""""" ei > hoogsten lof verdienen , in de massa des volks dringen om haar tot lietde tot het Vaderland en orde terug te voeren , ' i ' len door deze wet niet getroffen worden . De aigev . BamJ ' fger heeft gemeend , dat de wet",1,Y
"De Notaris TEDING VAN bebkbcout » te Arnhem , bericht , dat de generale massa van de IIolstede te Oosterbeek , bij biljetten breeder omschreven , is ingezet en met de hoogen gebracht op ' ƒ 7441 . Meerdere hoogen kunnen gesteld worden ten kantore van voornoemden Notaris te Arnhem .",0,N
", terwijl ook de onreine lucht in de kelders , in fabrieken , zoo nadeelig op de longen werkt , dat de gevolgen daarvan op het duidelijkst zijn na te sporen . Niet genoeg vestigt men de aandacht op de massa sterfgevallen , die ten gevolge van teering plaats hebben . Zoo zijn bv . te Bremen , in 1874 , van alle overledenen tusschen de 15 en 30 jaar , 48 pet . aan de teering weggenomen — van",0,N
"ter hoogte van een huis naar boven slingerde . De aanwezigen en ook de directeur stonden verschrikt , en naar het zich laat aanzien is de gieting mislukt . Men vermoedt dat de lucht in de holte door de gloeijende massa te snel is ■ verhit en dat daardoor een ontploffing en scheuring heeft plaats gehad , ten gevolge waarvan het gietsel niet in den vorm is gebleven , maar de binnenruimte heeft gevuld . Althans , ofschoon men 600",0,N
"werden de ruiten ingeslagen . De beweging kreeg een zoo ernstig aanzien , dat ook de tweede ban der garde bij trommelslag onder de wapenen werd geroepen . De laatste berigten loopen tot gisteren avond ; toen doorkrusteeene steeds aangroeijende massa de straten , en wierp de ruiten in bij enkelen clericale afgevaardigden ; afdeelingen van de burgergarde waren vóór de woningen van enkele hunner , waartegen men het meest vijandig gezind scheen te zijn , opgesteld . De staf",1,Y
", groot 75 aren 25 centiaren , sectie E , No . 355 . De Dennen - en Eikenboomen zullen eerst afzonderlijk geveild worden , daarua zullen perceelen g r ond met de boomen in verschillende combinatiën en eindelijk de massa ten verkoop worden aangeboden . Aanwijzing door den Boschwachter te Roggel . . Inzage der kaart en verdere inlichtingen zijn te bekomen ten kantore van voornoemden Notaris Leclercq . ZEGT HET VOORT .",0,N
"tengevolge van klimaatsverandering , slechte behandeling , en andere treurige omstandigheden , tot op vier millioen gedaald . Welk een ellende , wat een verschrikkelijk uiteinde moet ieder dier ongelukkigen gehad hebben , om tot zulk een achteruitgang van de massa te kunnen geraken ! Al deze millioenén schepsels zijn gestorven als martelaars voor ons , om ons het leven te veraangenamen , en om ons een menigte genietingen te kunnen verschaffen ; onder het planten of bereiden van suiker",2,A
"zand kon geschieden . Den 17den November werd een baggermolen in het werk gebragt en later nog een tweede . Sedert wordt de uitvoering van liet werk geregeld voortgezet . Den oOsten December werd aanbesteed in twee perceelen en in massa , het maken van de landhoofden voor de brug met de aansluitende spoorwegdammen . Het werk werd aangenomen voor de massa door D . Volker te Dordrecht en A . Volkert Lzn . te Sliedrecht , voor f 768",0,N
"echter is genoeg gedaan , en hoe meer , binnen die grenzen , de kermis eene wezenlijke , velerlei gelegenheden tot uit - en ontspanning aanbiedende , kermis is , des te minder gevaar zal er bestaan , dat de massa des volks zich verliederlijken zal .",1,Y
"om Grant te verwelkomen , wordt op 240 , 000 geschat . Zelfs de Chinezen ontbraken niet . en vreugdekreten weörgal mden door de lucht . Toen hij aan land was gestapt , werden toespraken gehouden ; daarna begeleidde de massa den generaal door de voornaamste straten , die schitterend verlicht waren , naar he < Palace Hotel , waar hem een serenad - 3 werd gebragt .",1,Y
"hem te verklaren , dat , indien verzachting der bepalingen iets helpen zon , ze dadelijk moest worden toegestaan , daar de handelaars overeengekomen zjjn de markt niet langer te Voorzien , wanneer zij slechts daarbij zelf verliezen . Groote massa ' s vee worden nu reeds naar Brussel en Parjjs gevoerd , die onder andere omstandigheden naar de Londensche markt gezonden zonden zjjn . Dat een en ander op de veepryzen in ons land grooten invloed zal uitoefenen ,",0,N
"De vrouw en de dienstmaagd van den herbergier hadden toen de lamp willen aanvullen uit een blikken kan , die 12 liters petroleum bevatte ; plotseling had er eene ontploffing plaats , en bijna alle aanwezigen werden door die groote massa brandende petroleum overstroomd . Vijf der 13 personen zijn op de plaats zelve ot zeer spoedig in het hospitaal aan de bekomen wonden overleden . De overigen zijn min of meer ernstig gekwetst .",0,N
"geworden . Schoon de brandweer van hier zoo spoedig mogelijk naar de plaats des onheils snelde , was er toch van huis noch inboedel niets meer te redden , en bepaalde men zich er toe de nog smeulende en vlammende massa tusschen de vier naakte muren door hot in werking brengen van de eerst aanwezige spuit te dooven . Omtrent de oorzaak van den brand zou men kunnen gissen dat deze door den schoorsteen op den zolder is ontstaan .",0,N
"en de gevangenis . Te San Francisco maakt men nu kippenegeren . ' tWit wordt gefabriceerd uit een mengsel van zwavel koolstof en vet — de doojjer van bloed , kalkphosphaat , magnesia , ammoniakzout en eenig zuur . De massa kleurt men met chomaat - zuur — de schil wordt gevormd met een blaaspijp uit verdund gips , kalk - carbonaat en jjzer - oxyde . Volgens gerucht zou zulk een kunst - ei wel goed smaken . In",0,N
"men voor zijn leven vreest . Het was een jammerlijk tafereel , de vrouwen den volgenden morgen aan hot station te zien weenen en jammeren . Een groot personeel van hier is naar de plaats des onheils om de ontredderde massa te verwijderen en de lijn te ontruimen . Bij die gelegenheid had de conducteur Joustra , gehuwd en vader van 5 kinderen , het ongeluk tusschen de buffers te geraken en zwaar verwond te worden . Hij is naar",1,Y
"het ontbrekende gedeelte van het journaal des eersten Nederlandschen commandeurs van Riebeek , uit de jaren 1654 — 1656 , te bekomen , hetgeen ons dan ook later werd toegezonden . Eene kleinigheid echter was dit in vergelijking met de massa die van ons verlangd werd . Toch is reeds gedeeltelijk aan de aanvrage voldaan en een lijvige bundel afschriften aan het Engelsche gouvernement medegedeeld . Sedert heb ik daarvan niet meer vernomen en nog steeds op nadere berigten gewacht",0,N
"van ieder bedrijf bijzondere gelegenheid aanbiedt . 2 ° Een HUIS en ERE , waarin smederij , met WEILAND , staande en liggende aan den Kloosterdijk , gemeente Ambt Ommen , groot ruim 5 aren . Alles in pereeelen en massa ' s . Aanwijzing te bekomen van het perceel sub 1 bij den bewoner D . R . VAN TJRK , en van dat sub 2 bij den bewoner Smid MEINDERINK .",0,N
"bieden . Het overrompelde vijandelijke bataillon is in een oogenblik verstrooid . Met een woedenden aanloop dringen de mobile gardes in Bagneux door en bemagtigen zij te Chatillon bijna zonder verlies twee barricades . Nu verschijnen op de hoogte Pruissische massa ' s , zich aan het vuur onzer artillerie en der forten blootstellende . Het doel der verkenning bereikt zijnde , werd bevel tot den terugtogt gegeven , die in goede orde uitgevoerd werd . De vijand heeft meer",1,Y
"de sneeuw hier en daar een halve voet hoog , maar ' t is toch niet zoo J erg als in ' t buitenland . De sneltrein van Keulen naar Berlijn werd Vrijdag tusschen Hanover en Maagdenburg opgehouden door de massa sneeuw ; ' t zelfde komt voor in Engeland , terwijl in sommige deelen van Frankrijk het verkeer tengevolge van de sneeuw zoodanig is gestremd , dat de boeren de marktplaatsen niet kunnen bezoeken . De wijnoogst , zoowel",0,N
"een dubbel aantal liberale kiezers . Zijn de liberale kiezers dus al eenmaal in de meerderheid , dan kan nog niet beweerd worden , dat er meer liberale dan orthodoxe Protestanten gevonden worden ; wel het tegendeel , want de massa des volks , zij moge dan ook niet altyd naar het geloof leven , heeft een instrictmatige afschuw van het ongeloof en zou de hoofdwaarheden zijns geloofs voor geen geld prijs geven . Zeg een Protestant uit de heffe",1,Y
", gelijk zo dit in d n laatsten tgd doet , zij hare geloofsgenooten werkeljjk op den duur nadeel zal berokkenen ; want hoe kalm do verstandige Protestant blijft tegenover de even blinde als onmagtige woede der ultramontaneri , de massa is niet zoo gemakkelijk te overtuigen , dat het slechts enkele drijvers zijn , die welligt in ' t geheim in dienst van ' t Jezuïtisme staan , en zelfs de meest bekwame Catholieke Nederlanders met slijk en modder",1,Y
"dan gewoonlijk . 8 Junij . — Het stoomschip Baron Bentinck kwam des morgens ter reede , medebrengende eenige officieren en manschappen alsmede eenig hospitaal - personeel en eeiiigë van Padnng hersteld terugkeerende geevacueerden . De vijand , in gT00te massa vereenigd , verontrustte al onze sterkten en viel die te Oleh - leh , Blang - O - e , Lampasei en Kotta - Loeng , maar hoofdzakelijk beide eerstgenoemde plaatsen , aan . Hij werd telkens met verliezen",1,Y
"Pruisens hoofdstad plaats gehad hebbende openlijke zitting der algemeene vergadering van de Algemeene Duitsche Arbeidersvereniging maakte een buitengewoo """""""" ) treurigen indruk . Politie was er genoeg iu eu buiteu het gansch niet ruime locaal der vereeuigiugsplaats , iuaar de massa ' s , aan welke „ Berlijn toebehoort """""""" waren er niet te vinden . Hoogstens 200 a 300 onopmerkzame toehoorders , die voortdurend door de schel van Sebweitzer tot rust en stilte moesten gebragt worden , hoorden de",1,Y
"tegen deze schandelijke onrechtvaardigheid , deze draconische wet . Zij lee t bij monde van hare gevierdste redenaars gewezen op ue vrijheid van godsdienst , die de Grondwet verleent ; op ue opinie des volks , die zich in eene massa petitiën van 300 pond zwaarte geopenbaard heeft ; op de weinige petl tien , die tegen de Jesuïeten zijn ingezonden , hoewel de Oud - Katholieken , de Protestanten en vooral de vrijmetselaars alom een Jesuïetenjacht hadden uitgelokt ;",0,N
"zijn geheel met aarde overdekt . Men zorgt dan tevens , dat de composthoop door gier , of bij gebreke van deze , door water matig vochtig wordt gehouden . Zijn de meikevers geheel verrot , zoo wordt de geheele massa goed dooreen gemengd . De hierdoor verhoogde kosten bij vervoer van den mest wordt op niet al te groote afstanden door de hoogere waarde der aarde van den composthoop gedekt . Niet minder waarde dan voor den mest hebben",0,N
"verloren , zei iemand , die geen rekenmeester is . Is Madrid eigenlijk wel de hoofdstad van Spanje ; ? Neen , want de bevolking dier stad heeft geen karakter . Geen enkel ras behoort er te huis . De massa der inwoners bestaat uit intriganten , parasieten van denhofstoet en vrn de gouvernementstuishouding en voorts uit een gepeupel , ztamgevlceid uit alle oorden des Lands . Die bevolking is devoot tot waanzinnigheid toe , lui , moitziek , onbekwaam",1,Y
"is in de handen van de partij , ter bevordering harer bedoelingen . """""""" Het Dev . Weekbl . komt er openlijk voor uit dat de wet „ bij vier vijfde der bevolking volkomen haar crediet heeft verloren . De massa der misleide bevolking , """""""" zoo laat het blad er op volgen , „ beschouwt haar als een valstrik , door de liberalen behendig voor de beginselen der jeugd gespannen , waarin zij bijna onvermijdelijk zal vallen en zooveel",1,Y
"van larven , het vee van parasieten , de tuinen van schadelijke insecten ; landbouw , bischbouw , tuinbouw , veeteelt worden door hem gebaat , en ter wille van speculanten op de ijdelheid , vinden deze nuttige dieren bij massa ' s hun dood . In sommige streken van Friesland bestaat de eigenaardige gewoonte , dat de inwoners van hetzelfde dorp eenige honderden eenden voor gezamenlijke rekening onderhouden en productief maken . De kosten van voedering in den winter",0,N
"dit gronddenkbeeld had vastgehouden , de Congressen hadden reeds lang opgehouden te bestaan . Het zijn geworden landbouwtentoonstellingen en feestelijkheden , ter gelegenheid waarvan sommige Dezoekers zich met wetenschappelijke onderwerpen , tot de landhuishoudkunde betrekkelijk , bezig houden . De massa van de bezoekers komt om de tentoonstelling en de feestelijkheden . De tentoonstelling . Drenthe is in de laatste jaren zeer vooruitgegaan , in evenredigheid welligt meer dan eenig ander gewest in ons Vaderland . Laat ons die vooruitgang",1,Y
"mjj heb ; die kan zich niet begi jjpen boe een huisvader er toe kan komen om een gedeelte van zijn zuur verdiende geld naar de kroeg te brengen ; die kan zich niet begrijpen waarom er zulk eeue groote massa kinderen nog tot laat in den avond op straat omloopen en eindelijk van ' t spelen overgaan tot het doen van allerlei kattekwaad of iets ergers , en langzamerhand volmaakt hetzelfde deen als hunne ouders . Dat da verhaier",1,Y
". Informatien waren o . a . in te winnen bij dr . Hubrecht , directeur der handels - en industrieschool . Daar er geen vergelijkend examen wordt gehouden , zijn de stukken van aangifte enz . teruggezonden aan de massa sollicitanten , die niet in aanmerking komen ; terwijl een vermoedelijk 12tal hiervan is uitgezonderd , dat eerlang ongetwijfeld zal worden opgeroepen om proeven van practische bekwaamheid te geven , of waaromtrent de noodige informaties zullen genomen worden ,",1,Y
"de taal waarin de leerling den meester ' t best zou verstaan . De doofstomme toch is bij de eerste aanschouwing een raadsel voor ieder , die van zijne jeugd af heeft kunnen hooren en spreken . Midden tusschen de massa van wezens , die met de gave der taal beweldadigd zijn , staat hij eenzaam en verlaten , als ware hij plotseling onder de levenden neergedaald uit een wereld waar alle wetenschap en verschil van inzicht buitengesloten bleef .",1,Y
"— • zoo als men hier onze dapperen titelt — bliezen bij steeg en straat den aftogt zoodat men eindelijk aan de kazerne kwam met een drie of viertal mariniers . In plaats van hen te doen waden door de massa slijk , en ben te onthalen op eenige hoerah ' s ware het inderdaad wijzer geweest om hen een vijftigtal omnibuskaartjes te geven , ten einde hen in staat te stellen ongedeerd en ongemoeid hunne bestemming te bereiken Na",0,N
"en 4PEPPELENBOOHEN , staande aan het einde en in de nabijheid van het Bouwland y > het Hoogeland """""""" en aan het begin van » de bluisestraat """""""" onder Empe . De veiling der Eikenboomen zal in perceelen en twee massa ' s geschieden . De eerste massa zal de perc . 2 tot en met 6 en de tweede massa de perc . 7 tot en met ' 13 bevatten . De aanwijzing geschiedt door J . en W",0,N
"zich enkele gevallen dezer kinderziekten voorgedaan . Avereest , 20 Nov . Gistermorgen had het zesjarig zoontje van K . Haveman alhier het ongeluk van het La veringsvonder in de Dademsvaart te vallen . Spoedig kwamen op zjjn geschreeuw een massa menschen aanloopen , maar geen waagde het zich te water te begeven dan 1 . J . van Engen , bakker alhier , die den reeds zinkenden knaap nasprong en hem redde van een anders gewissen dood . Te",1,Y
", gereedschappen , kantoorinventaris en de voorraad kantoorbehoeften , voor de som van twee honderd tachtig duizend drie honderd vijf en veertig gulden en twee cents , een en ander aan de aandeelhouders opgekomen , bij de scheiding van de massa der tusschen hen en de heeren Besier en Jonkheym bestaan hebbende en ontbonden maatschap , blijkens acte , op den achttienden April achttien honderd acht en zeventig voor mij notaris gepasseerd . Hetgeen door de vennooten Pieter Smit jr",0,N
"Algiers en voor openlijk beleediging van de generaals Ducrot , Bourbaki , Douay en Talignac - Fenelon . Het zijn dus niet alle clericale generaals , voor wie de justitie opkomt . Daarenboven wordt gemeld dat de minister Dufaure eene massa stukken over dergelijke aanvallen op het leger en zijne generaa ' s uit de provinciën ontvangen heeft . Met het oog op de zware beleedigingen zou de regeering onmiddellijk besloten hebben tegen het blad 1 op te treden .",0,N
"bevorderen . Waar zoo de feiten spreken is tegenspraak onmogelijk . Steenwijk , 21 Aug . Heden viel onze stad een buitengewoon bezoek ten deel . ' t Was namelijk de drukst bezochte kermisdag van de gansche week . Een massa kermisgangers uit Drenthe , Overijssel en vooral uit Friesland waren meest per spoor gearriveerd ; terwijl een menigte rijtuigen en boeren - huifwagens bovendien een groot getal boeren en boerinnen , waaronder veel jongvolk , hadden aangevoerd . De",1,Y
"zoo te rei } t aan straatwegen besteed worden en geen cent rpnte opbrengen ? j 3 ° . Uit de houding van Ged . Staten blijkt huns / ondanks , dat zij eene verkeerde zaak voorhebben . Uit eene massa punten kiest spr . , om dit te bewijzen , alleen de volgende : Een der oudste leden dezer Vergadering heeft in der tijd verklaard , dat bij het voorstel tot verhooging van het tarief gezegd is dat de",0,N
"met voorliefde sherry of zelfs brandewijn , wanneer hij aan het werk was . George Sand haaide hare inspiratie , naar het schijnt , uit den koffijpot . Een kroniekschrijver althans verhaalt , dat zij in hare laatste levenjaren groote massa ' s van dezen opwekkendan drank gebruikte . Zij deelde deze gewoonte met Ernest Peydeau en Henri Murger . In hare jongere jaren gebruikte zij een onschuldiger drank . Al f red de Musset verhaalt dat , toen zij",0,N
". — Een geëmploieerde uit het Ziekenhuis is dezer dagen met een gouden horloge , dat hem was toevertrouwd , op den loop gegaan . De politie is hem nog niet op het spoor , — Er dreigt een groote massa Duitsche twee - pfennig stukken , die in waarde beneden onze centen staan , ia de circulatie geworpen te worden . Deze industrie schijnt te spsculeeren op de winst , welke weleer de Brabantsche centen maaktea . Wij ontvingen",0,N
"eene oppervlakte van Heet . 2 . 80 . 70 en lan gs denVelpschen weg eene lenote van 164 Meter , is uitnemend geschikt voor den aanleg van Villa ' s en zal geveild worden m negen perceelen en verschillende massa s , nadei bij ° biljetten omschreven . 2o . Eene WEIDE , de Rammelweide genaamd , groot Heet . 3 . 12 . 67 ; laatst in pacht geweest bij A EPSKAMP . 3o Eene """""""" WEIDE ,",0,N
"pap waren gedrukt . Ambulances en doodgravers dwaalden hier en daar . De officieren en manschappen , belast met het begraven der lijken , droegen een doek voor het gelaat , doortrokken met een ontsmettend middel , daar de ontzettende massa lijken een stank verbreidden die onuitstaanbaar was . Niettegenstaande dien voorzorgsmaatregel , vielen sommige officieren en manschappen , door den stank bedwelmd , bewusteloos neder en moesten weggedragen worden . Een inwoner van Ixelles heeft van zijn zoon ,",0,N
"leeren ons eck duidelijker die levenskracht . Ierland heeft bijna 300 jjren de grootste smarten ondergaan ; zijne kinderen z ^ n gevangen genomen , gemarteld , gedood ; ja zoo groot was hun lijden , dat zij bij groote massa ' s hun vaderland verlieten en Amerika gingen bevolken . Engeland heeft die vervolging al dien t \ jd met ongeloofeljjke hardnekkigheid volgehouden , maar de woede van den beul is moeten bezwijken bij het geduld en de geloofskracht",1,Y
"ACHTERHUIS — waarin de Bakkersaffaire wordt uitgeoefend — TCorts eene in steen gebouwde en tot Woonhuis ingerigte SCHUUR en 8600 Centiaren BOUWLAND ; zeer aan te bevelen tot het bouwen van Burgermans woningen . Het Goed wordt in perceelen en massa ' s aangeboden , waarvan inlichtingen en aanwijzing te verkrijgen zijn bij Notaris SCHRöDER en den Eigenaar van het Goed H . VELDHORST .",0,N
"ondergang eindigen . Als men bij het einde der maand geen vijftig millioen aan de Parijsche bank gezonden hedt op rekening van wat men haar schuldig is , zal zij beginnen met hare waarborgen te verkoopen , en die ontzettende massa papier zal de effecten tot nul doen dalen . Het schijnt dat men hieromtrent bij het ministerie verschillende telegrammen ontvangen heeft , en dat het op geen enkel heeft geantwoord . Zoo Pedegral zich hesft voorgesteld de houders van",0,N
"de bewoners vaa Marpingen , terwijl het vojr de hand ligt , dat het gerecht , de landraad en de politie van het ax oma uitgingen , dat er grof bedrog was gepleegd en met alle middelen van verhoor vaa massa ' s en enkele personen en spionnage trachtten de misdadigers op te sporen , voor het nog in eenig opzicht vaststond , dat een misdaad begaan was . Zonder aanmatigend en onbescheiden te zyn , mag ik nog wyzen",2,A
", die eenigermate de Eussische flanken zouden bedreigen . Het staken der aanvallen wordt bevestigd door een correspondent van de ' lemps , wiens berigt van Dingsdagavond vermeldt , dat de Turken sedert Zondagavond het bestormen der verschansingen met groote massa ' s troepen opgaven en hun vuur zoo goed als staakten . Zjj lieten echter hun linkervleugel een grooten omweg westwaarts maken en zonden tirailleurs naar de noordelijke helling van den bergrug , die eenige punten op den weg",1,Y
"na het verlaten der school ? In te leiden door dan heer P . H . Dewald , van ' s Gravenhage . 7 , Hoe kan voorkomen worden , dat door het klassikale stelsel enkele leerlingen opgaan in de massa ? In te leiden door den heer D . L . Hardeman , van Hellevoetsluis . g . Het onderwijs in het zingen , zoo als het gewoonlijk in de scholen van gewoon lager onderwijs gegeven wordt , heeft",1,Y
"ƒ 2020 . 00 . oo . Eene ARBEIDERSWONING met ERF en TUIN aldaar , sectie B 171 en 172 , groot 3 roeden 17 ellen . Staande met 25 hoogen op ƒ 850 . 00 . 6o . De massa van voorgemelde koopen alle aan en bij elkander gelegen . Staande met 50 hoogen op ƒ 7100 . 00 . In gebruik te aanvaarden de le koop den len November en de overige koopen den 1 en Mei aanstaande",0,N
"te dragen en breekt het bij het ophalen af . Bovendien bemerkt men dikwijls niet of het lood den bodem bereikt , de lijn gaat voort zich te ontrollen door baar eigen gewigt en vormt op den bodem eene ingewikkelde massa . En hiermede zijn alle bezwaren nog niet , genoemd . Op plaatsen , waar eene groote diepte bestaat , komeri dikwijls onderzeeschestroomingen voor , die het schietlood van den loodregten stand doen afwijken , of aan het koord",0,N
"tot welke plaats het Rijnijs geheel aaneengesloten is , zijn nog veel groo ' ere massa ' s opeengehoopt . Ook de zijrivieren zijn grootendeels toegevroren . Wanneer nu dooiwoer het eerst inva ' t aan den Bovenrijn en de massa ' s in beweging zet , terwijl de Nederrijn nog vastzit , dan is er te Keulen groot gevaar voor overstroomingen . 33 December heeft man bij de Lor dei , door mat nitro - glycerine gevulde torpedo '",0,N
"naaistertje zijn avontuur heeft verteld en of hij nog de verkeering met het bewuste dienstmeisje heeft aangehouden , is mij onbekend , doch niet denkbaar . """""""" Van koning Oscar II van Zweden zijn bij gelegenheid van zijn troonsbestijging een massa anecdoten losgekomen , die dienen te bewijzen , dat hij , althans in zijn jeugd , zeer exentrick moet geweest zijn . Zoo vertelt men , dat hij , nog geen twaalf jaar oud , om de strenge tucht",0,N
"stem r niet anders is als eene [ formaliteit | ten gerieve van dezen of genen persoon vervuld . """""""" De kiezersversvereenigingen maken dan ook de taak aan de kiezers ligt . Zij denken en stemmen en beslissen voor de massa , die niet anders heeft te doen dan naauwkeurig den naam over te schrijven , van dengene die door de vereeniging tot kandidaat werd geproclameerd . Maar al zijn wij niet ingenomen met het despotiek „ eza cr der",1,Y
", dat de HOFSTEDE te Ressen , de Roskam genaamd , groot 4 . 18 . 30 H . , met de hoogen is ingezet : perceel 1 op f 4200 ; perceel 2 op ƒ 6498 , en de massa dier perceelen op ƒ10 , 700 . De toeslag blijft bepaald op Woensdag 21 Augustus 1872 , des middags ten 12 ure , ten huize van J . LAMERS te Ressen .",0,N
